frame,UMAP_1,UMAP_2,UMAP_3,region,n_units
0.0,4.687728,5.0557485,4.0094028,CA1,113
1.0,4.389509,4.324383,5.0741796,CA1,113
2.0,6.0018187,5.1265073,3.926756,CA1,113
3.0,6.4669895,4.426232,3.5812364,CA1,113
4.0,6.251262,2.8872206,3.149113,CA1,113
5.0,6.269208,4.270995,3.8159525,CA1,113
6.0,4.516594,4.0620804,5.026383,CA1,113
7.0,4.122019,3.185163,2.8398895,CA1,113
8.0,6.3482265,4.4911017,3.6510882,CA1,113
9.0,6.241629,4.2386127,4.0377088,CA1,113
10.0,4.7963896,3.8825955,4.868463,CA1,113
11.0,5.2049556,3.9105697,4.7285776,CA1,113
12.0,5.6627073,3.172516,4.372504,CA1,113
13.0,4.303486,5.2134423,4.1452928,CA1,113
14.0,5.1793895,3.9356246,4.7216315,CA1,113
15.0,5.423726,3.4116287,4.4373965,CA1,113
16.0,4.0773273,5.3216467,3.6503828,CA1,113
17.0,3.5583289,5.838945,3.319072,CA1,113
18.0,4.337433,3.392527,3.3721323,CA1,113
19.0,6.339919,3.879147,3.9594588,CA1,113
20.0,6.501991,4.44402,2.912224,CA1,113
21.0,4.827162,4.5648313,3.636148,CA1,113
22.0,3.8266876,5.602653,3.4764569,CA1,113
23.0,4.121394,4.9392676,3.943423,CA1,113
24.0,4.7443433,4.709786,3.5618856,CA1,113
25.0,6.0989823,3.627729,3.556457,CA1,113
26.0,4.757583,4.097063,3.9794726,CA1,113
27.0,4.496615,3.7816358,2.8430917,CA1,113
28.0,4.669627,4.5188637,3.1398573,CA1,113
29.0,3.9101803,5.0569315,3.908408,CA1,113
30.0,4.03634,6.193701,4.088733,CA1,113
31.0,3.9235117,4.5695825,2.8723972,CA1,113
32.0,6.7013493,4.7801013,3.0822098,CA1,113
33.0,6.749254,4.7250896,3.2185318,CA1,113
34.0,6.4247355,5.0021396,3.5737042,CA1,113
35.0,3.4156773,5.6833534,4.143071,CA1,113
36.0,3.5967715,5.0317564,3.2244544,CA1,113
37.0,4.579412,3.901878,3.076141,CA1,113
38.0,6.3231087,4.7324996,2.5572934,CA1,113
39.0,3.743738,5.801022,4.2828174,CA1,113
40.0,4.6172004,4.4305587,4.9959235,CA1,113
41.0,4.271353,3.8282075,2.999671,CA1,113
42.0,4.7913384,5.349325,2.173015,CA1,113
43.0,6.2864046,5.041055,3.1657774,CA1,113
44.0,4.206611,4.6195693,4.4495716,CA1,113
45.0,5.677573,4.248284,3.9428802,CA1,113
46.0,4.251355,3.6254256,3.3114755,CA1,113
47.0,4.3064003,3.4805295,3.0335336,CA1,113
48.0,4.432954,5.2690773,3.964697,CA1,113
49.0,3.2643595,5.1905756,4.391843,CA1,113
50.0,3.679425,5.196139,3.2856247,CA1,113
51.0,4.6447225,5.517238,2.0378966,CA1,113
52.0,6.0768223,5.282436,2.5578265,CA1,113
53.0,4.117487,4.373865,3.0013585,CA1,113
54.0,3.1588428,4.308062,3.8454258,CA1,113
55.0,4.139426,5.746286,3.1215477,CA1,113
56.0,4.1770687,3.4749053,2.4009147,CA1,113
57.0,5.00136,5.886457,2.9110823,CA1,113
58.0,3.310785,5.428468,3.9561057,CA1,113
59.0,4.0525618,3.7326858,2.7528317,CA1,113
60.0,3.6563146,4.155421,4.1443253,CA1,113
61.0,4.3909883,4.8444743,4.7923546,CA1,113
62.0,6.003225,3.5197482,2.4178205,CA1,113
63.0,5.9655266,5.7139397,3.8393066,CA1,113
64.0,6.0809927,4.693319,3.3658197,CA1,113
65.0,6.859067,3.5950408,2.8033297,CA1,113
66.0,5.3922706,3.2468803,4.04556,CA1,113
67.0,4.6596336,3.845901,1.8645968,CA1,113
68.0,6.1509914,4.007373,3.6427078,CA1,113
69.0,5.972602,3.3046288,3.9694116,CA1,113
70.0,4.0311656,4.630843,2.0635593,CA1,113
71.0,4.49054,5.008015,1.9181763,CA1,113
72.0,3.6095414,3.8845003,2.46333,CA1,113
73.0,3.8594544,3.8706167,2.380619,CA1,113
74.0,4.185037,3.843532,5.230415,CA1,113
75.0,4.132915,4.0252304,5.142683,CA1,113
76.0,3.9848351,4.4157214,2.203339,CA1,113
77.0,5.060412,4.831359,2.043376,CA1,113
78.0,4.686187,3.8401408,4.913249,CA1,113
79.0,3.422056,3.9549925,4.7075553,CA1,113
80.0,5.3776026,4.452392,1.9152459,CA1,113
81.0,6.725367,3.685008,3.1428938,CA1,113
82.0,5.223099,3.2078774,3.9888208,CA1,113
83.0,3.3429468,4.0039444,4.7797885,CA1,113
84.0,4.2753825,3.3261425,3.5386906,CA1,113
85.0,6.299817,4.353039,3.6384695,CA1,113
86.0,4.355315,3.824168,5.1758018,CA1,113
87.0,3.982816,4.063804,5.004988,CA1,113
88.0,4.7604685,3.4488516,2.3091714,CA1,113
89.0,4.4080048,5.065839,2.682641,CA1,113
90.0,6.332425,4.669883,3.6263828,CA1,113
91.0,5.628504,3.2350545,4.399044,CA1,113
92.0,5.0563984,3.564357,4.641269,CA1,113
93.0,3.1726892,4.1768875,3.7068,CA1,113
94.0,4.87236,4.5743427,3.7911701,CA1,113
95.0,4.612147,3.6526077,5.088087,CA1,113
96.0,3.5673833,3.9362483,4.7569118,CA1,113
97.0,4.433058,4.1620617,2.256348,CA1,113
98.0,5.9282303,4.457743,1.930659,CA1,113
99.0,4.4498234,3.6097326,5.0385365,CA1,113
100.0,3.6126378,4.223512,4.4320245,CA1,113
101.0,3.7646146,3.997494,4.366061,CA1,113
102.0,3.5878632,4.2150617,2.3370888,CA1,113
103.0,6.39273,4.9277306,2.9881802,CA1,113
104.0,5.8771467,4.467664,4.465658,CA1,113
105.0,6.259577,4.9913316,2.558303,CA1,113
106.0,4.0017815,4.1332726,2.2092512,CA1,113
107.0,5.816114,3.979575,1.9986544,CA1,113
108.0,5.98909,5.2456117,2.0560002,CA1,113
109.0,6.3451605,5.14851,2.5830822,CA1,113
110.0,6.636532,4.218215,3.1946416,CA1,113
111.0,6.6495914,4.163807,3.230651,CA1,113
112.0,6.172259,4.6703806,1.9156232,CA1,113
113.0,5.8249564,4.923212,1.8132443,CA1,113
114.0,6.2622943,4.664527,2.5919712,CA1,113
115.0,3.8630536,4.080259,4.959331,CA1,113
116.0,4.737182,4.8768563,2.2290568,CA1,113
117.0,5.883906,4.9427996,1.8689768,CA1,113
118.0,5.9691453,5.2726808,2.1420152,CA1,113
119.0,4.1679883,5.2935414,2.3726027,CA1,113
120.0,3.940785,4.018001,2.3605232,CA1,113
121.0,5.837667,5.446774,2.174692,CA1,113
122.0,6.1145377,4.7325993,1.9081997,CA1,113
123.0,6.0917764,5.2619267,2.2657716,CA1,113
124.0,3.6919649,5.381411,4.421299,CA1,113
125.0,4.110692,3.7825077,3.2066865,CA1,113
126.0,5.645399,4.91322,2.1527143,CA1,113
127.0,5.868479,5.301167,2.24654,CA1,113
128.0,5.223052,5.2813563,2.354111,CA1,113
129.0,4.370053,4.120233,4.872437,CA1,113
130.0,4.4354596,4.567259,2.2147522,CA1,113
131.0,4.248851,5.083296,2.0797899,CA1,113
132.0,4.008433,3.9782512,5.07241,CA1,113
133.0,3.6368523,5.223745,4.490151,CA1,113
134.0,3.7629542,3.8804612,2.3578262,CA1,113
135.0,5.3175116,4.987647,2.1512904,CA1,113
136.0,3.7478144,5.0650105,2.586992,CA1,113
137.0,4.451279,3.435988,4.8586125,CA1,113
138.0,5.705104,4.1533785,3.0017338,CA1,113
139.0,6.405319,5.35012,3.6485834,CA1,113
140.0,5.8926525,5.8844285,3.392247,CA1,113
141.0,3.3181412,5.3764,4.4926596,CA1,113
142.0,4.6079783,5.028559,1.9814954,CA1,113
143.0,4.9438176,5.6242275,2.3130734,CA1,113
144.0,5.7405005,5.6350884,2.4047942,CA1,113
145.0,3.580553,5.565899,4.376826,CA1,113
146.0,3.4584532,5.40229,4.5064063,CA1,113
147.0,4.327439,4.0021844,2.8478038,CA1,113
148.0,6.030327,4.672597,1.9534847,CA1,113
149.0,3.637966,5.372525,2.982067,CA1,113
150.0,3.046533,5.048029,4.204579,CA1,113
151.0,5.030069,2.828832,3.014196,CA1,113
152.0,4.873413,3.9754093,2.0931714,CA1,113
153.0,5.3441505,4.4200397,2.089202,CA1,113
154.0,3.9345355,3.2452424,3.6044474,CA1,113
155.0,4.2990513,3.687688,2.3308263,CA1,113
156.0,4.6810865,4.3623304,4.1259537,CA1,113
157.0,5.4543467,4.0948896,2.6381254,CA1,113
158.0,3.8087802,5.507974,2.777516,CA1,113
159.0,5.2235746,3.8795023,2.19907,CA1,113
160.0,5.311169,3.8304982,2.5898688,CA1,113
161.0,4.4232187,3.1716511,2.733728,CA1,113
162.0,5.5214553,4.332675,2.1333387,CA1,113
163.0,5.310184,6.017561,3.4777591,CA1,113
164.0,6.1699767,4.606186,2.9347634,CA1,113
165.0,6.410677,4.112594,2.255141,CA1,113
166.0,4.57755,4.2512946,2.155368,CA1,113
167.0,3.558849,5.286522,2.8194752,CA1,113
168.0,4.58509,3.7438567,4.9142704,CA1,113
169.0,4.781616,3.4723449,4.939542,CA1,113
170.0,6.701785,3.5393708,2.614449,CA1,113
171.0,5.5248084,3.89618,2.1119354,CA1,113
172.0,3.759919,3.9299242,4.8414326,CA1,113
173.0,4.3608904,3.9570997,4.808505,CA1,113
174.0,3.4850926,5.748552,3.4178429,CA1,113
175.0,4.0087414,5.3133445,2.9088492,CA1,113
176.0,3.667732,4.4019375,2.4996974,CA1,113
177.0,5.0192256,3.838348,4.267726,CA1,113
178.0,3.718476,5.349756,2.5442474,CA1,113
179.0,3.6611626,3.7261348,3.3785794,CA1,113
180.0,6.2036223,3.7826686,2.1832845,CA1,113
181.0,6.014968,4.392739,2.2213132,CA1,113
182.0,5.68851,4.179237,2.1718917,CA1,113
183.0,4.657991,2.9558651,3.3432186,CA1,113
184.0,4.287815,3.9519064,3.5847504,CA1,113
185.0,4.0741887,4.243162,2.3985221,CA1,113
186.0,4.524735,5.7967224,2.8307285,CA1,113
187.0,6.0632577,5.0937476,3.729421,CA1,113
188.0,6.147874,4.660451,4.6473503,CA1,113
189.0,6.7219944,3.5190604,2.6325777,CA1,113
190.0,3.2347412,4.5891347,3.0135365,CA1,113
191.0,4.8791,3.6551533,2.305196,CA1,113
192.0,3.8239248,4.6215744,2.08977,CA1,113
193.0,6.050279,5.1632714,4.330186,CA1,113
194.0,4.545473,4.122388,4.7536545,CA1,113
195.0,3.4021738,4.242018,4.602298,CA1,113
196.0,4.252936,3.9987617,2.1745076,CA1,113
197.0,3.3962836,4.346842,4.441256,CA1,113
198.0,4.2936044,3.6503549,2.398456,CA1,113
199.0,4.141289,4.8449244,3.0744858,CA1,113
200.0,4.8482122,4.6649237,1.7701403,CA1,113
201.0,6.000069,3.7709541,2.2357934,CA1,113
202.0,3.9763503,4.7650375,2.1518862,CA1,113
203.0,4.1779857,4.8093543,2.8055139,CA1,113
204.0,3.01706,5.056209,4.1467366,CA1,113
205.0,3.3991604,4.4844933,2.7696576,CA1,113
206.0,4.7061596,4.3852987,1.7935299,CA1,113
207.0,4.3082376,3.565444,2.3590415,CA1,113
208.0,3.3822446,5.151022,3.2831523,CA1,113
209.0,3.1717038,5.455391,3.9571197,CA1,113
210.0,4.433633,4.1759453,1.9753108,CA1,113
211.0,4.4346337,4.1740665,2.3351583,CA1,113
212.0,3.9238465,4.7315893,2.0900426,CA1,113
213.0,3.3544054,4.4099026,3.2582166,CA1,113
214.0,4.9257298,4.6478744,2.3966403,CA1,113
215.0,4.0768414,5.099897,2.5838902,CA1,113
216.0,4.5034857,4.408209,3.0808399,CA1,113
217.0,3.2677207,3.9881551,3.3956027,CA1,113
218.0,5.525971,5.197808,3.8427322,CA1,113
219.0,3.7630274,5.285904,2.6988719,CA1,113
220.0,3.2343428,4.6417704,3.0185313,CA1,113
221.0,4.433536,4.2791605,2.1698449,CA1,113
222.0,4.6805587,3.7470713,2.2515197,CA1,113
223.0,5.5857735,3.0910933,2.7238915,CA1,113
224.0,6.367656,3.335326,3.1483808,CA1,113
225.0,6.83518,3.9429655,2.607336,CA1,113
226.0,6.7500257,3.828931,2.6322236,CA1,113
227.0,6.8759217,3.9464886,2.6920907,CA1,113
228.0,4.023604,3.8496401,2.625723,CA1,113
229.0,5.061437,4.1750817,2.1261983,CA1,113
230.0,4.6907444,5.017136,4.590425,CA1,113
231.0,6.81246,4.091296,2.6445985,CA1,113
232.0,3.2377963,4.7686725,3.012001,CA1,113
233.0,4.1071763,4.630887,2.200276,CA1,113
234.0,6.2132587,5.2904744,4.076637,CA1,113
235.0,6.7669435,3.977283,2.8276532,CA1,113
236.0,4.8195057,4.123838,3.3646505,CA1,113
237.0,6.3982224,3.8609655,2.4234157,CA1,113
238.0,5.502049,3.9872663,2.9274156,CA1,113
239.0,3.61344,5.3349,3.0971708,CA1,113
240.0,4.7105813,4.745388,5.0792336,CA1,113
241.0,3.3548195,3.9697433,4.1372156,CA1,113
242.0,6.3877845,4.114593,2.56426,CA1,113
243.0,4.8829336,4.243407,2.0712879,CA1,113
244.0,5.5447965,5.6381416,3.8711214,CA1,113
245.0,3.551284,4.0521827,4.3927712,CA1,113
246.0,4.2832036,4.816292,2.4693894,CA1,113
247.0,5.1825585,3.7884476,2.124648,CA1,113
248.0,4.6796727,5.7680273,3.076772,CA1,113
249.0,5.352206,6.0322022,4.243861,CA1,113
250.0,3.2757661,4.1986,3.197848,CA1,113
251.0,5.0759354,4.0124006,2.7164145,CA1,113
252.0,4.344416,3.5440989,2.4464366,CA1,113
253.0,4.1636696,5.054812,2.0805597,CA1,113
254.0,3.8637664,5.5434394,3.1818995,CA1,113
255.0,3.722803,4.3928533,4.626346,CA1,113
256.0,4.745065,4.0136323,2.5146377,CA1,113
257.0,5.44106,5.4261346,2.6172068,CA1,113
258.0,4.7374578,3.9891882,4.496587,CA1,113
259.0,4.828715,4.7845907,4.640227,CA1,113
260.0,4.743262,3.149546,3.817534,CA1,113
261.0,5.095447,3.5773888,3.0690806,CA1,113
262.0,4.860232,4.2893434,2.8554988,CA1,113
263.0,4.391637,4.604276,4.885454,CA1,113
264.0,4.7463837,4.4988427,5.0131874,CA1,113
265.0,3.2965333,3.9722693,3.410513,CA1,113
266.0,6.1836166,3.6660385,2.2926257,CA1,113
267.0,5.2618937,5.6068907,3.8031745,CA1,113
268.0,4.2799726,6.085407,4.4688077,CA1,113
269.0,3.3081627,4.000144,4.236811,CA1,113
270.0,5.340273,3.0630178,3.0887368,CA1,113
271.0,5.7288785,3.5408673,4.065571,CA1,113
272.0,5.7326126,4.076713,4.4112597,CA1,113
273.0,5.540302,5.6979656,4.478721,CA1,113
274.0,5.559054,2.9709911,2.9529073,CA1,113
275.0,6.15805,3.341784,2.580157,CA1,113
276.0,3.5564902,4.657847,3.6739929,CA1,113
277.0,5.1503177,3.7928941,4.289143,CA1,113
278.0,6.133107,2.8988686,3.0621593,CA1,113
279.0,6.18639,3.1076632,2.9060085,CA1,113
280.0,6.4235473,3.6920877,2.593773,CA1,113
281.0,6.268155,5.1822085,3.8117352,CA1,113
282.0,3.6940384,4.6186533,4.621298,CA1,113
283.0,4.4914045,3.5782168,4.5390096,CA1,113
284.0,5.388815,3.2470832,3.7514493,CA1,113
285.0,4.984355,5.352491,3.7370002,CA1,113
286.0,4.3977985,5.9511104,4.6814256,CA1,113
287.0,3.6416717,3.8722136,4.5714593,CA1,113
288.0,6.8844423,4.1127753,2.8714998,CA1,113
289.0,4.782329,3.2141347,4.127377,CA1,113
290.0,4.687667,5.237176,4.945426,CA1,113
291.0,3.8318496,4.461867,3.1152632,CA1,113
292.0,3.9670768,5.344546,4.716288,CA1,113
293.0,3.7939496,3.8652775,4.6169825,CA1,113
294.0,5.2514105,5.100935,4.484785,CA1,113
295.0,5.5084014,5.402572,4.312065,CA1,113
296.0,4.0848613,4.291016,4.302404,CA1,113
297.0,3.703135,4.2833714,3.9715142,CA1,113
298.0,4.748269,5.3304677,4.9128757,CA1,113
299.0,4.80901,4.120287,4.334156,CA1,113
300.0,4.970858,4.048506,4.337251,CA1,113
301.0,6.5456142,3.6227844,3.7233088,CA1,113
302.0,5.1209307,4.207405,3.9450667,CA1,113
303.0,3.2140176,5.1582885,4.2141485,CA1,113
304.0,3.897374,3.7794352,4.520652,CA1,113
305.0,4.703655,5.053602,2.283977,CA1,113
306.0,5.711277,3.0923948,3.142901,CA1,113
307.0,4.9545937,5.7892027,4.016899,CA1,113
308.0,4.45063,5.388585,4.960855,CA1,113
309.0,4.105393,3.7298944,4.0437527,CA1,113
310.0,5.6285386,3.2592888,3.0562825,CA1,113
311.0,5.1622834,3.9962015,2.2965188,CA1,113
312.0,5.7795615,4.915928,4.6782546,CA1,113
313.0,4.661108,4.7868676,5.0185957,CA1,113
314.0,5.8702126,3.8383923,4.1724725,CA1,113
315.0,4.9471073,2.9566522,3.973602,CA1,113
316.0,4.557263,4.2778287,4.397732,CA1,113
317.0,5.822718,3.1959836,3.2100294,CA1,113
318.0,4.7333593,4.4074016,4.9038773,CA1,113
319.0,4.491017,3.2339518,4.4782577,CA1,113
320.0,3.8730867,3.9476097,3.8110714,CA1,113
321.0,5.2375073,2.8234694,3.1191494,CA1,113
322.0,6.65318,3.4470775,3.1270676,CA1,113
323.0,6.3249264,3.363943,3.772498,CA1,113
324.0,5.9212604,3.9202566,3.8670654,CA1,113
325.0,5.880474,3.682776,4.307008,CA1,113
326.0,5.494079,3.2907665,4.0935655,CA1,113
327.0,5.974197,3.1405468,2.9775126,CA1,113
328.0,5.0486403,4.4009724,4.6716638,CA1,113
329.0,5.0808077,4.177554,4.634059,CA1,113
330.0,6.3124614,3.3055964,3.7565167,CA1,113
331.0,6.739402,3.392555,3.0060678,CA1,113
332.0,6.826773,3.8003879,2.80645,CA1,113
333.0,6.5293474,4.4670153,3.4903169,CA1,113
334.0,5.649927,3.615989,3.1710055,CA1,113
335.0,6.063294,3.0645444,3.5919282,CA1,113
336.0,6.5705442,3.3552096,3.1194186,CA1,113
337.0,6.6733174,3.7129092,3.5857217,CA1,113
338.0,5.82374,5.626577,4.1625247,CA1,113
339.0,5.0245447,5.739035,4.443749,CA1,113
340.0,5.505353,3.731599,2.237925,CA1,113
341.0,5.628139,4.977158,3.5929089,CA1,113
342.0,5.2741537,5.647411,3.1276982,CA1,113
343.0,4.7541223,4.6385474,4.4167714,CA1,113
344.0,4.5413833,4.2790933,4.381534,CA1,113
345.0,4.4652777,3.2788005,4.539284,CA1,113
346.0,6.250701,3.6460116,2.877129,CA1,113
347.0,5.8983536,5.65121,3.7154748,CA1,113
348.0,4.121356,3.1495943,3.6634076,CA1,113
349.0,5.309647,2.8266823,3.0583696,CA1,113
350.0,5.133263,2.8472562,3.2696862,CA1,113
351.0,6.5479584,3.4602458,2.8422422,CA1,113
352.0,6.401264,3.6789227,3.7907495,CA1,113
353.0,5.0604906,4.8977494,3.8156018,CA1,113
354.0,6.45411,3.2499144,2.9515142,CA1,113
355.0,4.6295223,4.190745,2.9530616,CA1,113
356.0,3.3732383,4.448991,3.5077384,CA1,113
357.0,5.232748,5.797027,4.358971,CA1,113
358.0,5.2382293,5.7842917,4.247327,CA1,113
359.0,5.0439663,3.188231,3.4904768,CA1,113
360.0,4.47773,3.1240094,3.7660227,CA1,113
361.0,4.877948,2.9785438,3.1977496,CA1,113
362.0,6.103751,3.1854582,3.4680839,CA1,113
363.0,6.5394387,3.4821653,2.8074145,CA1,113
364.0,6.2092147,3.4655018,3.7859163,CA1,113
365.0,5.350387,3.4143844,4.022021,CA1,113
366.0,4.5871267,3.0889459,3.213974,CA1,113
367.0,3.648574,4.021667,3.7388518,CA1,113
368.0,4.5845327,3.3267334,4.374255,CA1,113
369.0,3.3996828,4.1070366,3.38602,CA1,113
370.0,5.261514,3.4488404,3.4193907,CA1,113
371.0,5.6633654,4.83405,4.735664,CA1,113
372.0,3.3324645,4.076211,3.1973517,CA1,113
373.0,5.0633187,2.874712,3.1496058,CA1,113
374.0,6.4479055,3.5543995,3.2881365,CA1,113
375.0,6.070032,3.2585018,3.4457927,CA1,113
376.0,5.2703342,3.449389,4.075058,CA1,113
377.0,5.6387367,3.9182649,4.2493405,CA1,113
378.0,6.4432464,3.5539403,3.0415385,CA1,113
379.0,5.016798,4.6362753,3.0712788,CA1,113
380.0,3.553558,4.1938133,3.8574634,CA1,113
381.0,4.2066245,3.2021935,3.6373076,CA1,113
382.0,4.5285845,4.3968334,3.054527,CA1,113
383.0,6.0560846,3.5734425,3.8135505,CA1,113
384.0,5.257765,6.151168,3.32605,CA1,113
385.0,4.8894916,2.9431674,3.4391308,CA1,113
386.0,6.4853168,5.1818724,3.6788652,CA1,113
387.0,6.3014717,4.7844048,2.5187302,CA1,113
388.0,6.309179,3.2727778,3.117808,CA1,113
389.0,3.6949942,4.1353498,3.564915,CA1,113
390.0,6.5651984,3.8411946,3.126106,CA1,113
391.0,5.4039464,3.9885507,2.3595784,CA1,113
392.0,4.2688212,4.216171,3.8274689,CA1,113
393.0,4.108448,4.073144,4.684989,CA1,113
394.0,4.736385,2.9263968,2.9151926,CA1,113
395.0,5.5523443,3.8591008,2.5908735,CA1,113
396.0,3.6270025,4.089252,3.971333,CA1,113
397.0,3.8768892,4.565417,3.6321216,CA1,113
398.0,3.368296,4.582817,3.7885706,CA1,113
399.0,5.3662944,3.3269591,3.601631,CA1,113
400.0,6.1645513,5.0547867,3.827141,CA1,113
401.0,5.6511292,5.1123023,4.3019476,CA1,113
402.0,3.5140064,4.916724,4.2874403,CA1,113
403.0,4.9998555,2.9258077,3.142838,CA1,113
404.0,4.4850607,5.482358,2.1378684,CA1,113
405.0,5.577288,5.984736,3.8486512,CA1,113
406.0,3.9615138,5.4230156,4.1663866,CA1,113
407.0,4.996215,3.0498435,3.000101,CA1,113
408.0,5.577357,4.319676,2.5378363,CA1,113
409.0,3.574909,4.11355,3.3981993,CA1,113
410.0,3.588226,4.121159,3.3217309,CA1,113
411.0,5.5848904,5.3696833,3.3771923,CA1,113
412.0,5.415411,5.0014186,2.5826988,CA1,113
413.0,3.424381,4.4193487,3.2827065,CA1,113
414.0,5.338763,3.5354238,3.7008996,CA1,113
415.0,4.9174995,4.1618032,4.0247765,CA1,113
416.0,6.5568633,4.6503925,2.7916257,CA1,113
417.0,3.6435077,4.4095182,3.9180727,CA1,113
418.0,3.746495,4.100842,3.282115,CA1,113
419.0,3.364419,4.688651,3.6936433,CA1,113
420.0,4.287172,5.7496142,3.186335,CA1,113
421.0,6.078597,3.3451703,2.9729486,CA1,113
422.0,5.4594693,4.930452,4.252588,CA1,113
423.0,3.730186,3.8854303,2.9958663,CA1,113
424.0,6.7718472,4.488768,3.911209,CA1,113
425.0,5.437249,5.5440726,4.653679,CA1,113
426.0,4.9226904,5.0078387,2.1249716,CA1,113
427.0,4.5791445,3.079939,2.8946917,CA1,113
428.0,3.6647182,3.9448917,3.1268544,CA1,113
429.0,3.8953078,4.617674,3.3071883,CA1,113
430.0,3.272562,5.1032953,3.4881227,CA1,113
431.0,5.0305977,3.2013485,3.1811702,CA1,113
432.0,6.3922687,3.93324,3.3652015,CA1,113
433.0,3.7427828,5.179198,4.0752993,CA1,113
434.0,5.9262385,4.957881,3.4708483,CA1,113
435.0,4.002387,3.8927543,4.391021,CA1,113
436.0,4.130536,3.4059036,3.178101,CA1,113
437.0,4.532403,4.863178,2.1463196,CA1,113
438.0,3.8608518,4.748105,3.5911696,CA1,113
439.0,3.76482,4.545017,4.367197,CA1,113
440.0,6.0760355,3.338402,2.8005943,CA1,113
441.0,6.4146857,3.7567356,2.8533025,CA1,113
442.0,5.599273,5.8844166,3.078355,CA1,113
443.0,5.5105076,5.9471154,2.9182367,CA1,113
444.0,4.0066557,5.89935,4.231507,CA1,113
445.0,3.8121054,4.5328064,3.4305396,CA1,113
446.0,4.5661016,5.5249515,2.0063462,CA1,113
447.0,4.1872373,4.8562145,2.1348107,CA1,113
448.0,4.2240844,4.312347,2.4834719,CA1,113
449.0,4.573978,4.497988,2.7909744,CA1,113
450.0,4.112457,4.8362584,3.9227047,CA1,113
451.0,3.720057,5.36504,4.170039,CA1,113
452.0,3.4723585,4.1594014,4.403064,CA1,113
453.0,4.317568,3.432072,2.692809,CA1,113
454.0,5.9875674,3.5581923,2.5376427,CA1,113
455.0,4.128086,5.6918736,4.6337485,CA1,113
456.0,3.4575472,5.2096043,4.1913257,CA1,113
457.0,4.6222267,3.5311692,2.8291948,CA1,113
458.0,6.7033386,3.5000355,2.7144914,CA1,113
459.0,5.242354,5.696411,4.5069366,CA1,113
460.0,6.3753,3.9287071,4.184201,CA1,113
461.0,6.9398804,4.2316856,3.7513473,CA1,113
462.0,4.568163,3.1899154,3.6055,CA1,113
463.0,6.434164,3.5105536,3.836802,CA1,113
464.0,5.1139555,3.6659262,4.335249,CA1,113
465.0,4.485774,3.009258,3.7457874,CA1,113
466.0,5.0918317,5.417081,4.712059,CA1,113
467.0,3.7923117,4.6154637,3.763793,CA1,113
468.0,3.839653,4.75786,3.7512524,CA1,113
469.0,5.0719657,4.4612827,3.1374462,CA1,113
470.0,4.8197913,3.915364,3.5180485,CA1,113
471.0,6.3955946,3.7907097,4.2291574,CA1,113
472.0,5.2780743,3.7799344,4.5224566,CA1,113
473.0,5.1190805,3.7051675,4.014717,CA1,113
474.0,4.0283213,4.114291,2.7468843,CA1,113
475.0,4.279603,4.2434072,4.3503604,CA1,113
476.0,5.536864,3.3961377,4.209694,CA1,113
477.0,5.347969,3.6908588,2.6272564,CA1,113
478.0,5.5614686,4.4075694,2.8927023,CA1,113
479.0,5.2020993,4.5216646,3.6625843,CA1,113
480.0,6.41795,4.381515,3.5419643,CA1,113
481.0,6.6916533,4.3690057,3.8091981,CA1,113
482.0,6.801402,4.3935356,3.8509464,CA1,113
483.0,6.377183,3.751641,4.1317472,CA1,113
484.0,4.810051,3.8175318,4.502827,CA1,113
485.0,5.211377,3.7052834,2.3255143,CA1,113
486.0,5.201322,3.4898767,2.5883145,CA1,113
487.0,5.8031063,4.828068,2.9548874,CA1,113
488.0,4.6796246,4.4205556,3.5491445,CA1,113
489.0,3.8772974,3.942566,4.551298,CA1,113
490.0,5.587056,4.319228,2.6814036,CA1,113
491.0,6.095419,5.2316594,3.2949643,CA1,113
492.0,6.020307,5.1028523,3.2347064,CA1,113
493.0,4.082748,4.488939,4.398971,CA1,113
494.0,4.7774534,5.4424324,4.835051,CA1,113
495.0,4.1338663,3.7288013,3.9847996,CA1,113
496.0,4.3393435,4.763269,4.061712,CA1,113
497.0,5.614308,4.5559664,2.7522604,CA1,113
498.0,4.9721384,3.0408666,3.4888253,CA1,113
499.0,6.1918015,4.413286,3.2022898,CA1,113
500.0,6.1142097,3.9147098,3.122144,CA1,113
501.0,4.9324274,4.41948,3.7128077,CA1,113
502.0,5.7763042,4.961366,3.0493884,CA1,113
503.0,6.6963906,4.08173,2.9955552,CA1,113
504.0,4.58911,4.6582527,4.1110244,CA1,113
505.0,3.1671057,5.0432353,3.6848643,CA1,113
506.0,4.6479254,4.795302,3.5648782,CA1,113
507.0,5.484145,5.0421987,2.443808,CA1,113
508.0,3.5579746,5.4059005,3.992623,CA1,113
509.0,4.527789,3.5902312,3.673561,CA1,113
510.0,4.499991,4.445649,2.4841137,CA1,113
511.0,5.5714912,5.811518,2.819465,CA1,113
512.0,5.2856507,4.807008,2.2381544,CA1,113
513.0,5.958061,3.8675904,3.9743385,CA1,113
514.0,4.621761,3.705049,3.8252335,CA1,113
515.0,4.2705436,4.286039,2.485777,CA1,113
516.0,5.552538,3.7912076,2.4179094,CA1,113
517.0,6.096154,4.3693814,3.257704,CA1,113
518.0,5.397478,5.3005457,4.580785,CA1,113
519.0,5.224369,4.4105496,3.7241135,CA1,113
520.0,6.373384,4.5883083,2.925142,CA1,113
521.0,4.2638736,4.3593693,3.9502234,CA1,113
522.0,5.5593643,4.7486897,2.6643684,CA1,113
523.0,5.3528576,4.4896245,2.9727645,CA1,113
524.0,6.7070103,4.4908814,3.247498,CA1,113
525.0,5.545739,4.656356,3.087847,CA1,113
526.0,6.55551,4.4909415,3.013962,CA1,113
527.0,4.9496913,3.2001138,4.0033703,CA1,113
528.0,5.2120247,3.9619327,3.6540058,CA1,113
529.0,6.6882725,4.29434,3.3010755,CA1,113
530.0,6.3252106,3.9752007,2.7803464,CA1,113
531.0,6.2989984,4.805105,3.6652696,CA1,113
532.0,6.3653097,4.557043,4.00255,CA1,113
533.0,5.751623,4.182784,3.46631,CA1,113
534.0,4.5485773,4.724137,3.1217365,CA1,113
535.0,6.3716664,4.531739,2.8775563,CA1,113
536.0,5.3635902,4.6085434,3.7637632,CA1,113
537.0,3.8052685,4.392256,4.281553,CA1,113
538.0,5.4609365,3.917086,3.7411766,CA1,113
539.0,5.982657,3.7925258,3.1694243,CA1,113
540.0,6.8056254,4.03186,3.5034466,CA1,113
541.0,6.1680174,4.601986,3.3565886,CA1,113
542.0,6.2443004,4.354663,2.6581209,CA1,113
543.0,5.6420884,4.7092013,3.4227383,CA1,113
544.0,4.3506017,4.324959,3.6251643,CA1,113
545.0,4.786057,4.936862,3.81717,CA1,113
546.0,5.7810416,5.017194,3.469534,CA1,113
547.0,6.5094395,4.5983334,2.8128734,CA1,113
548.0,4.5941534,4.7834406,4.8002596,CA1,113
549.0,3.8334694,4.041841,4.5479126,CA1,113
550.0,4.4896994,4.951084,2.1706345,CA1,113
551.0,5.5351524,4.680043,3.0830958,CA1,113
552.0,5.128567,5.019656,2.3967412,CA1,113
553.0,4.604269,5.0791025,4.12635,CA1,113
554.0,5.7995367,3.1039698,3.1802676,CA1,113
555.0,4.822495,5.5544143,3.609488,CA1,113
556.0,4.970905,5.0986376,2.1989815,CA1,113
557.0,3.9023013,3.8563,3.9312425,CA1,113
558.0,6.678118,4.172393,2.648584,CA1,113
559.0,5.7338166,5.834924,3.0206866,CA1,113
560.0,6.2119465,4.4759145,2.6381435,CA1,113
561.0,3.3949766,5.0472646,4.129483,CA1,113
562.0,3.9266214,3.8790076,4.051069,CA1,113
563.0,4.8976245,4.92018,2.2063465,CA1,113
564.0,5.392712,5.509163,3.3927007,CA1,113
565.0,5.5093966,6.1281033,3.9296644,CA1,113
566.0,5.4787974,5.2002854,2.2757537,CA1,113
567.0,5.3401103,6.113424,3.0983224,CA1,113
568.0,5.6086035,5.110289,2.3960304,CA1,113
569.0,6.0170436,4.347372,2.9504654,CA1,113
570.0,6.1844573,4.6672063,2.632706,CA1,113
571.0,6.0503035,3.6885428,2.3640232,CA1,113
572.0,6.5100565,4.7071095,3.39901,CA1,113
573.0,6.3300285,5.20387,3.5323281,CA1,113
574.0,4.1663117,4.0926423,4.4290266,CA1,113
575.0,5.821831,4.6697836,2.623778,CA1,113
576.0,6.2926774,4.516263,2.2705255,CA1,113
577.0,5.5201335,4.9883866,2.418039,CA1,113
578.0,3.4410806,5.121438,4.5302825,CA1,113
579.0,5.366557,6.163171,4.0666223,CA1,113
580.0,5.3732157,5.461167,2.871682,CA1,113
581.0,5.2537885,5.550875,3.9839017,CA1,113
582.0,4.486047,5.1888328,2.2080042,CA1,113
583.0,4.6885786,5.976682,3.668,CA1,113
584.0,4.0570955,4.576583,2.406872,CA1,113
585.0,5.7803955,5.8062143,3.570535,CA1,113
586.0,5.0985384,5.83292,2.7168536,CA1,113
587.0,4.5056324,4.503371,3.1716628,CA1,113
588.0,4.110577,4.635163,3.3906124,CA1,113
589.0,5.6179986,5.161827,3.5312908,CA1,113
590.0,4.849558,5.3522506,2.6362236,CA1,113
591.0,4.75002,3.0437517,3.007473,CA1,113
592.0,4.6091285,5.5647383,2.286351,CA1,113
593.0,5.2671843,4.3028703,2.3532085,CA1,113
594.0,5.2529736,5.990442,3.4147372,CA1,113
595.0,5.1455374,4.750684,2.3865917,CA1,113
596.0,4.465634,4.1084514,2.1222568,CA1,113
597.0,4.589128,4.846237,2.4345477,CA1,113
598.0,5.5829,4.5382237,3.5935967,CA1,113
599.0,5.4693327,5.5534363,3.3273675,CA1,113
600.0,4.6566844,4.097779,2.6034968,CA1,113
601.0,5.108526,4.909698,2.2785904,CA1,113
602.0,5.4566565,6.0194254,2.9551446,CA1,113
603.0,3.6096313,5.578585,4.2641892,CA1,113
604.0,3.7669678,4.0263205,4.091309,CA1,113
605.0,5.1950116,4.0195775,2.9430568,CA1,113
606.0,6.212412,4.3951035,2.3418753,CA1,113
607.0,5.8666825,5.704917,3.5552795,CA1,113
608.0,3.6575103,3.9400134,2.5105102,CA1,113
609.0,4.7869153,3.522454,2.5620174,CA1,113
610.0,5.1436768,4.37033,2.3218274,CA1,113
611.0,4.885086,5.1096225,3.3305576,CA1,113
612.0,4.4476976,4.055925,4.4108033,CA1,113
613.0,3.7663655,5.4439583,4.5908113,CA1,113
614.0,4.641105,3.7592862,2.7693589,CA1,113
615.0,4.2894926,4.4174423,3.8342571,CA1,113
616.0,5.318017,4.7169824,4.267865,CA1,113
617.0,4.079852,5.470416,3.9854438,CA1,113
618.0,5.09413,5.61437,4.322221,CA1,113
619.0,4.5884986,4.4430785,4.397203,CA1,113
620.0,4.631038,3.9954486,3.3584075,CA1,113
621.0,4.5850444,5.590037,2.859371,CA1,113
622.0,5.105249,5.6818104,4.145983,CA1,113
623.0,5.9906516,4.0747333,3.201587,CA1,113
624.0,5.8807454,4.930109,2.3049157,CA1,113
625.0,4.755151,6.0944457,3.6452339,CA1,113
626.0,5.435397,5.6564813,2.4794817,CA1,113
627.0,5.2525935,4.871368,4.451357,CA1,113
628.0,3.7361195,5.163674,4.764642,CA1,113
629.0,4.2992125,5.5631843,3.8478553,CA1,113
630.0,4.5333524,3.81813,3.2201178,CA1,113
631.0,4.9207096,4.181521,3.6943579,CA1,113
632.0,5.8324027,3.6283188,2.5398588,CA1,113
633.0,3.8331382,3.3276153,3.7494814,CA1,113
634.0,4.243415,5.376685,4.828521,CA1,113
635.0,4.872551,4.9385014,3.1009274,CA1,113
636.0,6.483293,4.2654314,2.4231513,CA1,113
637.0,5.0832295,5.5255,3.1423678,CA1,113
638.0,4.3064413,5.654968,4.8349686,CA1,113
639.0,3.9931366,5.3559747,4.8167467,CA1,113
640.0,5.4151583,4.243208,3.2754753,CA1,113
641.0,4.8956647,5.78076,3.1492853,CA1,113
642.0,4.9649625,5.9581113,3.7969863,CA1,113
643.0,4.3335156,5.375741,4.8995576,CA1,113
644.0,4.8975177,3.6633904,3.3856175,CA1,113
645.0,4.3636847,4.824981,2.5496416,CA1,113
646.0,3.7389307,5.7072444,3.0146174,CA1,113
647.0,4.0783257,5.7509494,4.5092382,CA1,113
648.0,4.4784184,5.498845,4.653365,CA1,113
649.0,4.4141927,3.3970923,2.667166,CA1,113
650.0,4.9072747,5.188454,3.011843,CA1,113
651.0,4.6546297,6.0777926,3.9154785,CA1,113
652.0,4.296196,6.0191627,4.5500894,CA1,113
653.0,3.812785,5.2002506,4.7564487,CA1,113
654.0,4.3986397,5.720103,3.5575233,CA1,113
655.0,6.3116584,4.3187146,2.3504856,CA1,113
656.0,4.8053465,5.610619,4.7330337,CA1,113
657.0,4.3813353,2.9750445,3.703989,CA1,113
658.0,3.9809,5.311988,4.8183017,CA1,113
659.0,5.250806,4.840914,3.0976806,CA1,113
660.0,5.125936,5.903571,3.2324793,CA1,113
661.0,4.0552793,5.808153,4.217414,CA1,113
662.0,3.7063968,5.0598326,4.707588,CA1,113
663.0,4.7152643,4.039333,2.5189314,CA1,113
664.0,4.614745,5.681595,3.4330177,CA1,113
665.0,5.6050053,5.8040867,4.130754,CA1,113
666.0,4.4527197,5.453789,4.7877364,CA1,113
667.0,5.139746,3.3310618,3.863234,CA1,113
668.0,5.4122653,4.1956577,3.3530157,CA1,113
669.0,6.168149,3.9712799,3.791124,CA1,113
670.0,5.865909,3.1473596,3.1374357,CA1,113
671.0,4.754007,4.011813,3.1580973,CA1,113
672.0,4.927069,5.6628995,4.029196,CA1,113
673.0,4.5473766,4.2406383,3.6692607,CA1,113
674.0,4.1339817,4.1731143,3.4607365,CA1,113
675.0,4.7925744,3.9187133,3.439034,CA1,113
676.0,3.6209064,4.3191752,2.8969119,CA1,113
677.0,4.6829767,5.595663,4.300276,CA1,113
678.0,4.395664,5.452499,3.350189,CA1,113
679.0,3.5372653,4.5888753,2.5935667,CA1,113
680.0,5.740697,5.6143165,3.7803032,CA1,113
681.0,5.33427,5.387458,2.6324887,CA1,113
682.0,3.985449,5.3624535,4.6104064,CA1,113
683.0,3.73502,3.7547307,3.578133,CA1,113
684.0,4.8214016,5.2619596,2.7596493,CA1,113
685.0,4.3977723,5.79056,3.148457,CA1,113
686.0,6.8018622,4.143852,2.640312,CA1,113
687.0,4.8419113,4.5386996,3.6920767,CA1,113
688.0,3.9792898,5.612516,3.1936214,CA1,113
689.0,5.853952,5.14319,3.180513,CA1,113
690.0,4.4778557,4.3528876,2.7755444,CA1,113
691.0,3.7908418,5.676267,2.9710677,CA1,113
692.0,4.032977,5.572663,3.136782,CA1,113
693.0,5.3802176,4.8025618,3.569163,CA1,113
694.0,5.2821927,4.766341,3.3533344,CA1,113
695.0,4.160089,4.368071,2.3853981,CA1,113
696.0,5.63013,4.816718,3.246115,CA1,113
697.0,5.3736567,5.5455217,2.8627427,CA1,113
698.0,5.8261414,5.290497,3.9052572,CA1,113
699.0,5.834118,3.8508282,2.1591718,CA1,113
700.0,6.1423154,5.053687,3.0909545,CA1,113
701.0,5.135224,5.190927,3.727065,CA1,113
702.0,4.7685285,5.784739,3.1414523,CA1,113
703.0,4.2691097,5.786613,2.9065416,CA1,113
704.0,5.7974925,3.5914068,2.5010905,CA1,113
705.0,5.1366444,5.149549,3.2086766,CA1,113
706.0,3.9683084,4.059375,2.4962294,CA1,113
707.0,4.2140408,5.7266545,2.9535756,CA1,113
708.0,4.654859,5.325829,3.0507822,CA1,113
709.0,4.680452,5.1669674,4.933396,CA1,113
710.0,4.6030545,4.5658994,2.27641,CA1,113
711.0,5.027957,5.8966594,4.026942,CA1,113
712.0,4.7805195,3.4951546,3.656164,CA1,113
713.0,4.6076922,5.4854856,4.3724775,CA1,113
714.0,4.969763,5.5213175,3.336149,CA1,113
715.0,5.756219,5.809618,4.1116667,CA1,113
716.0,3.5160704,4.6697674,4.295586,CA1,113
717.0,5.7556787,4.683619,2.7425635,CA1,113
718.0,4.3786607,5.0571218,3.6914878,CA1,113
719.0,4.439552,4.906362,4.779808,CA1,113
720.0,5.226366,5.0643716,2.840962,CA1,113
721.0,3.8417099,5.5840626,3.380283,CA1,113
722.0,4.5700665,4.9053807,3.4978304,CA1,113
723.0,4.478595,4.773051,4.744813,CA1,113
724.0,3.6027226,4.9165,3.9706006,CA1,113
725.0,5.838711,5.1732683,3.4626858,CA1,113
726.0,5.43149,5.2868743,3.847099,CA1,113
727.0,5.1133466,4.7872744,3.4414856,CA1,113
728.0,5.842921,3.3215618,3.0183775,CA1,113
729.0,5.309694,4.825411,3.4909344,CA1,113
730.0,5.6825213,4.2400727,3.900645,CA1,113
731.0,5.2630205,5.804592,3.065515,CA1,113
732.0,5.520493,4.5880346,2.8513608,CA1,113
733.0,4.119861,3.3233538,2.8194354,CA1,113
734.0,6.470978,3.848315,3.498697,CA1,113
735.0,5.9384875,5.195514,3.2391849,CA1,113
736.0,5.168065,5.686253,3.329647,CA1,113
737.0,3.4456494,5.762251,3.4498854,CA1,113
738.0,5.4202857,3.133862,3.4659865,CA1,113
739.0,4.223319,4.0875473,3.403493,CA1,113
740.0,4.337976,5.1444807,3.3503072,CA1,113
741.0,5.968686,4.3906226,2.4594164,CA1,113
742.0,5.4699326,5.3819256,4.2428403,CA1,113
743.0,4.7901974,5.2881565,2.4104352,CA1,113
744.0,3.693097,5.552176,3.4595895,CA1,113
745.0,4.3141,5.49184,2.4966593,CA1,113
746.0,4.2039046,5.516115,2.6626508,CA1,113
747.0,3.9612298,5.2692933,2.3833165,CA1,113
748.0,3.47065,4.8823376,2.8941414,CA1,113
749.0,3.4901767,4.7189145,2.9407287,CA1,113
750.0,4.3424544,5.630294,2.7369769,CA1,113
751.0,3.684152,5.6043406,2.9129932,CA1,113
752.0,4.826821,5.8133388,3.1706352,CA1,113
753.0,3.5410838,5.2846746,4.38134,CA1,113
754.0,3.9777,5.1678286,3.4858763,CA1,113
755.0,4.2068872,3.484175,3.168604,CA1,113
756.0,3.9337173,5.750069,2.905063,CA1,113
757.0,4.3018813,5.1879263,2.860218,CA1,113
758.0,4.1566024,5.121514,3.211699,CA1,113
759.0,4.265019,5.5065346,2.5965557,CA1,113
760.0,3.824338,5.5070543,2.9240386,CA1,113
761.0,4.4236455,5.704512,2.7134056,CA1,113
762.0,4.4955688,6.00646,4.1127253,CA1,113
763.0,4.231162,5.67303,3.1138225,CA1,113
764.0,5.736533,3.6979105,2.7539067,CA1,113
765.0,6.291325,3.8976583,2.3638957,CA1,113
766.0,4.871854,5.7770557,3.014422,CA1,113
767.0,4.362223,6.0848145,4.287567,CA1,113
768.0,4.591253,4.446885,2.7221146,CA1,113
769.0,5.4124837,4.633564,2.5286202,CA1,113
770.0,5.858882,4.855306,2.4092746,CA1,113
771.0,3.6114612,5.8263016,3.2518194,CA1,113
772.0,3.5921092,5.8373504,3.3372185,CA1,113
773.0,4.3225617,4.509833,4.8760037,CA1,113
774.0,4.1016264,4.232023,2.4435236,CA1,113
775.0,4.0498395,5.4048276,3.616541,CA1,113
776.0,4.04712,5.3204927,4.276123,CA1,113
777.0,5.2445536,5.0188212,4.0740924,CA1,113
778.0,4.9131093,3.6178985,3.3322756,CA1,113
779.0,5.9078717,4.8554473,3.5398934,CA1,113
780.0,5.8624215,4.947482,3.1537695,CA1,113
781.0,4.786773,6.1535006,4.0102644,CA1,113
782.0,3.3469825,5.563635,3.4357915,CA1,113
783.0,4.7930098,4.3712444,3.136877,CA1,113
784.0,5.1816654,5.1189156,3.5417137,CA1,113
785.0,4.5752196,6.0878325,4.156656,CA1,113
786.0,4.4688063,6.198411,4.242585,CA1,113
787.0,3.1754384,5.0250554,3.6880846,CA1,113
788.0,4.786226,4.9944825,3.4211352,CA1,113
789.0,5.995202,5.3979063,3.4558823,CA1,113
790.0,3.839143,5.416209,4.2289963,CA1,113
791.0,4.244199,6.1457114,4.015401,CA1,113
792.0,4.4557476,3.935021,3.8670876,CA1,113
793.0,3.7475927,5.029964,2.7149277,CA1,113
794.0,5.0752406,5.0349145,2.8699994,CA1,113
795.0,5.5195074,4.933779,2.1595967,CA1,113
796.0,4.3704066,6.039501,3.9152627,CA1,113
797.0,4.389696,4.6143775,4.8023562,CA1,113
798.0,3.7811708,4.511459,2.8073323,CA1,113
799.0,4.8746557,4.9990916,3.231071,CA1,113
800.0,4.393127,6.084862,3.808437,CA1,113
801.0,3.6609378,4.650592,4.1152935,CA1,113
802.0,5.7491503,5.7091103,4.0377483,CA1,113
803.0,5.6996365,5.684147,3.9118063,CA1,113
804.0,5.664469,5.780688,3.9397051,CA1,113
805.0,4.2596164,4.556177,3.8559797,CA1,113
806.0,5.3709345,4.047671,3.3003795,CA1,113
807.0,5.62946,4.407697,2.2058814,CA1,113
808.0,4.0212665,5.569459,3.7559555,CA1,113
809.0,5.728892,5.585312,2.268567,CA1,113
810.0,3.6007216,4.853772,4.0812407,CA1,113
811.0,4.8039756,5.2850537,3.6227977,CA1,113
812.0,3.53532,5.8069334,3.6095307,CA1,113
813.0,4.554127,5.2539697,4.1235743,CA1,113
814.0,4.947592,3.1385152,3.1442482,CA1,113
815.0,5.301386,4.87797,3.102035,CA1,113
816.0,3.5468056,5.5777783,4.3975315,CA1,113
817.0,3.5211694,5.407836,4.560368,CA1,113
818.0,4.1356297,4.689994,3.9314923,CA1,113
819.0,5.443225,3.971703,3.6008055,CA1,113
820.0,4.300553,4.723753,3.5924296,CA1,113
821.0,5.462972,6.1025558,3.8536336,CA1,113
822.0,6.0320525,3.8727744,4.436856,CA1,113
823.0,5.6272464,3.7470746,3.6992137,CA1,113
824.0,5.5891533,3.8509583,3.7071643,CA1,113
825.0,5.0028834,6.0456557,3.632085,CA1,113
826.0,4.2363143,4.913925,3.6024933,CA1,113
827.0,3.7612264,4.989635,4.1317577,CA1,113
828.0,3.5862746,5.265723,4.1581573,CA1,113
829.0,5.0266004,6.205406,3.6187713,CA1,113
830.0,4.9762106,6.2707353,3.5223017,CA1,113
831.0,3.859559,4.7164955,4.197376,CA1,113
832.0,4.5111547,3.1911643,3.185353,CA1,113
833.0,3.5953786,4.917104,3.787543,CA1,113
834.0,5.212338,5.958098,3.6937165,CA1,113
835.0,4.9815516,5.1944923,3.1588268,CA1,113
836.0,4.9634686,4.298678,4.821496,CA1,113
837.0,6.055928,3.8357959,4.5884438,CA1,113
838.0,6.5033903,3.69936,3.9778018,CA1,113
839.0,6.572878,3.6022909,3.699638,CA1,113
840.0,6.2126136,3.7963507,4.493242,CA1,113
841.0,5.9464793,3.609277,4.4876523,CA1,113
842.0,5.584187,3.2656372,4.01649,CA1,113
843.0,6.0415382,3.3744552,3.8987012,CA1,113
844.0,6.0831323,3.8169372,4.575977,CA1,113
845.0,5.2788215,4.301418,4.817492,CA1,113
846.0,4.4002614,4.372335,4.461331,CA1,113
847.0,3.5837142,4.93432,3.3210475,CA1,113
848.0,5.799686,4.9038844,4.6931734,CA1,113
849.0,6.348967,4.349147,4.3946924,CA1,113
850.0,4.727857,4.9837556,4.0785522,CA1,113
851.0,4.120233,4.8218627,4.5996842,CA1,113
852.0,6.2481465,3.2807627,3.377719,CA1,113
853.0,6.3733954,3.1116362,3.2072256,CA1,113
854.0,6.336611,4.516974,4.3343806,CA1,113
855.0,6.2305083,4.9260445,4.3661017,CA1,113
856.0,6.2184873,4.71937,4.4633403,CA1,113
857.0,5.841894,3.8619983,4.5097923,CA1,113
858.0,6.2093616,4.3992953,4.5829005,CA1,113
859.0,5.8815365,4.991977,4.047906,CA1,113
860.0,4.7987556,6.314795,3.7914684,CA1,113
861.0,5.8406672,4.997699,4.0798464,CA1,113
862.0,5.248492,5.380682,3.872462,CA1,113
863.0,6.1403084,4.5966744,4.591284,CA1,113
864.0,5.0640264,5.1810865,4.2069287,CA1,113
865.0,5.49422,4.957893,3.9887748,CA1,113
866.0,5.1967673,4.4267044,2.4492893,CA1,113
867.0,6.200012,4.8356066,4.3293943,CA1,113
868.0,6.3565087,4.653173,4.201692,CA1,113
869.0,5.947213,4.4390087,3.5022783,CA1,113
870.0,5.975529,4.5879555,4.0684805,CA1,113
871.0,4.7104387,5.3258557,4.4501863,CA1,113
872.0,5.167767,4.246914,4.307424,CA1,113
873.0,6.024742,4.8136463,4.3114305,CA1,113
874.0,6.4886584,3.868855,3.0712807,CA1,113
875.0,6.2773666,4.9815774,4.3547287,CA1,113
876.0,5.7917633,5.334504,4.736142,CA1,113
877.0,6.364215,4.511521,4.1240187,CA1,113
878.0,6.1199937,4.5888658,4.0501895,CA1,113
879.0,5.66588,5.3294196,4.573335,CA1,113
880.0,6.0592337,4.904581,3.9948826,CA1,113
881.0,4.0310535,4.6917453,2.4548137,CA1,113
882.0,4.604823,4.3219485,4.6500278,CA1,113
883.0,3.8850524,5.186816,3.8411565,CA1,113
884.0,5.1184363,5.0858264,4.235813,CA1,113
885.0,6.665166,3.8810077,3.190446,CA1,113
886.0,5.333807,5.1327767,3.703468,CA1,113
887.0,5.795692,4.645301,4.053421,CA1,113
888.0,3.5429673,4.96768,3.4195178,CA1,113
889.0,4.74301,4.237599,3.6739752,CA1,113
890.0,4.369529,3.9415655,2.7040775,CA1,113
891.0,5.087213,4.921698,4.060836,CA1,113
892.0,4.2830505,6.094112,3.9138525,CA1,113
893.0,5.5514083,5.41911,4.7393465,CA1,113
894.0,5.4580674,5.2356963,4.1544414,CA1,113
895.0,4.943336,5.11484,4.2063737,CA1,113
896.0,6.720549,4.281633,2.733627,CA1,113
897.0,3.8085313,3.935854,2.9709287,CA1,113
898.0,3.955396,5.1382475,3.5375156,CA1,113
899.0,3.799251,4.8346877,4.636294,CA1,113
0.0,13.94562,4.021899,9.722296,CA3,10
1.0,12.972252,2.493397,10.672849,CA3,10
2.0,12.23439,1.517107,9.261553,CA3,10
3.0,11.479696,4.119295,10.667663,CA3,10
4.0,12.406234,3.1338353,11.418825,CA3,10
5.0,12.172824,1.4903061,10.216929,CA3,10
6.0,13.085633,2.2557566,11.686566,CA3,10
7.0,12.333897,1.744526,11.151813,CA3,10
8.0,11.787313,2.0095472,11.398168,CA3,10
9.0,12.691225,1.6737547,11.095532,CA3,10
10.0,12.546025,1.5912905,11.050399,CA3,10
11.0,14.118914,4.5019965,10.680463,CA3,10
12.0,12.671579,1.5793432,10.944316,CA3,10
13.0,9.684086,4.2321596,6.425695,CA3,10
14.0,12.866989,2.2867448,11.588611,CA3,10
15.0,9.806629,3.1181657,6.326128,CA3,10
16.0,13.944803,3.295087,10.383473,CA3,10
17.0,12.629841,4.703568,9.615403,CA3,10
18.0,12.626918,3.1732266,9.81624,CA3,10
19.0,8.832231,3.8549318,6.6316543,CA3,10
20.0,13.747411,3.3096948,10.710724,CA3,10
21.0,9.893406,3.997663,6.0740633,CA3,10
22.0,8.9918375,4.049986,6.255954,CA3,10
23.0,10.434681,3.7781367,6.667159,CA3,10
24.0,11.982914,1.9910961,11.186139,CA3,10
25.0,12.918487,4.316101,10.205931,CA3,10
26.0,13.960324,3.3226764,9.895156,CA3,10
27.0,10.480112,3.5327578,6.452252,CA3,10
28.0,9.7150755,3.2836914,6.184503,CA3,10
29.0,14.014272,2.1905732,10.870841,CA3,10
30.0,9.271422,4.2830195,5.76762,CA3,10
31.0,9.679057,3.2269936,6.455066,CA3,10
32.0,13.167547,2.1727815,10.724784,CA3,10
33.0,12.946881,3.3650093,8.903225,CA3,10
34.0,11.677554,4.386256,9.270272,CA3,10
35.0,13.628531,4.8560395,9.497402,CA3,10
36.0,12.047001,4.279695,9.118812,CA3,10
37.0,10.770717,3.7015288,7.754305,CA3,10
38.0,9.109236,3.8494265,6.9085984,CA3,10
39.0,12.390638,4.737095,9.998292,CA3,10
40.0,13.592445,4.010002,9.508079,CA3,10
41.0,11.887244,4.331316,9.069171,CA3,10
42.0,11.744326,2.348472,10.499512,CA3,10
43.0,12.767063,2.0141199,9.904286,CA3,10
44.0,13.607912,3.89363,9.451537,CA3,10
45.0,11.234623,2.4184048,9.794373,CA3,10
46.0,11.374354,2.6022298,10.999583,CA3,10
47.0,12.608041,3.9140725,10.282721,CA3,10
48.0,12.470292,4.9122853,9.691713,CA3,10
49.0,14.050919,5.045779,10.174774,CA3,10
50.0,9.389193,4.268665,5.725805,CA3,10
51.0,12.501975,4.7523174,9.805682,CA3,10
52.0,9.757504,3.7199438,5.9067354,CA3,10
53.0,12.160388,4.7313986,9.607458,CA3,10
54.0,14.180152,4.0049767,10.557728,CA3,10
55.0,13.478945,3.9397404,8.915342,CA3,10
56.0,10.343654,4.1554103,7.0522623,CA3,10
57.0,9.670686,3.1207364,6.351948,CA3,10
58.0,13.909514,2.7728658,11.134973,CA3,10
59.0,10.230494,4.179726,6.865299,CA3,10
60.0,13.400906,3.7490382,9.262534,CA3,10
61.0,14.332174,4.1739798,10.5415,CA3,10
62.0,12.377574,4.8059645,10.371786,CA3,10
63.0,9.41854,4.2166057,6.6256185,CA3,10
64.0,9.2963085,4.1007047,5.909213,CA3,10
65.0,12.801867,1.9703966,11.490155,CA3,10
66.0,9.899689,4.2796383,6.0517373,CA3,10
67.0,13.142635,2.707757,9.525048,CA3,10
68.0,12.10521,1.6889962,9.804582,CA3,10
69.0,12.448767,2.490617,10.588721,CA3,10
70.0,10.269547,3.9528236,6.4853077,CA3,10
71.0,12.858656,3.4543443,11.414493,CA3,10
72.0,13.1849785,2.4707878,10.483703,CA3,10
73.0,12.2987995,2.0036523,9.916423,CA3,10
74.0,13.363741,4.3390512,11.159131,CA3,10
75.0,13.944383,3.3299773,10.211583,CA3,10
76.0,9.650651,3.676733,5.9525046,CA3,10
77.0,9.048449,3.9469128,6.781873,CA3,10
78.0,14.347363,3.8147185,10.688173,CA3,10
79.0,12.986561,2.2962964,11.784231,CA3,10
80.0,9.408339,4.1993403,7.400723,CA3,10
81.0,9.486219,3.7595024,7.2255754,CA3,10
82.0,13.3686495,4.2031994,10.228564,CA3,10
83.0,14.12108,4.360847,11.036998,CA3,10
84.0,12.937672,2.2908752,10.903831,CA3,10
85.0,9.439952,4.022543,5.879975,CA3,10
86.0,12.202735,3.8464687,11.303101,CA3,10
87.0,9.368491,4.5672116,6.1701736,CA3,10
88.0,12.799843,3.1282394,10.025854,CA3,10
89.0,12.208045,2.9498713,11.469773,CA3,10
90.0,13.915832,4.3663187,10.441749,CA3,10
91.0,13.291201,2.5277867,10.105076,CA3,10
92.0,13.332178,4.009424,11.55672,CA3,10
93.0,13.375421,2.5200567,9.58211,CA3,10
94.0,14.183197,2.5131204,10.646376,CA3,10
95.0,12.827505,4.760287,11.578589,CA3,10
96.0,14.035262,4.936913,10.775026,CA3,10
97.0,9.412546,3.8190217,7.3955812,CA3,10
98.0,11.713442,2.6272435,10.750837,CA3,10
99.0,12.504013,4.5901375,11.663172,CA3,10
100.0,14.247304,4.7970085,10.088387,CA3,10
101.0,12.885474,3.0010383,9.336238,CA3,10
102.0,9.845554,3.1052952,6.5284705,CA3,10
103.0,11.36951,2.561899,10.438592,CA3,10
104.0,10.037303,3.604633,6.1065826,CA3,10
105.0,13.489049,4.844019,10.09485,CA3,10
106.0,11.766589,3.0449224,9.727424,CA3,10
107.0,9.840624,3.633176,6.9379106,CA3,10
108.0,12.52843,2.241244,11.764747,CA3,10
109.0,8.972806,3.954697,6.719415,CA3,10
110.0,12.590418,4.5932264,11.6628685,CA3,10
111.0,11.161544,2.7067904,9.968352,CA3,10
112.0,11.5331545,3.3291118,9.771662,CA3,10
113.0,12.518654,3.0237122,9.750423,CA3,10
114.0,11.843845,2.3094704,8.564873,CA3,10
115.0,12.160597,4.426358,11.435326,CA3,10
116.0,10.415433,3.7326317,6.4199677,CA3,10
117.0,12.526079,4.084089,9.161697,CA3,10
118.0,13.729022,4.9746957,10.140398,CA3,10
119.0,13.782187,4.3534403,11.042939,CA3,10
120.0,9.537121,3.631704,6.1117606,CA3,10
121.0,12.769604,1.8934546,10.51785,CA3,10
122.0,9.216027,3.8890145,6.0808387,CA3,10
123.0,14.210382,4.5211062,11.038944,CA3,10
124.0,14.258651,4.625305,10.11872,CA3,10
125.0,13.153184,4.185474,10.565514,CA3,10
126.0,13.460459,3.716289,11.516563,CA3,10
127.0,12.681197,4.0403085,9.372273,CA3,10
128.0,11.826947,2.492965,11.498764,CA3,10
129.0,12.755141,1.7235327,10.49558,CA3,10
130.0,9.785254,4.5528913,6.590683,CA3,10
131.0,9.391679,3.7879386,6.0159163,CA3,10
132.0,12.580199,3.6965156,10.679099,CA3,10
133.0,14.331229,2.857873,11.255219,CA3,10
134.0,10.237832,3.8812275,6.3926225,CA3,10
135.0,13.338787,4.5059304,9.138812,CA3,10
136.0,13.193736,4.3174458,9.272875,CA3,10
137.0,11.876155,3.9761822,9.1811,CA3,10
138.0,10.29887,3.9829075,7.264841,CA3,10
139.0,9.44182,4.2020645,5.927001,CA3,10
140.0,11.813398,3.9084177,9.5200205,CA3,10
141.0,13.015402,4.210737,9.707468,CA3,10
142.0,12.715009,2.5706081,10.77318,CA3,10
143.0,10.103242,3.3185458,7.3215394,CA3,10
144.0,9.696813,3.1250126,6.8630247,CA3,10
145.0,9.245027,4.4715214,6.030467,CA3,10
146.0,14.488652,3.799162,10.496547,CA3,10
147.0,13.754917,4.282193,10.978621,CA3,10
148.0,8.81826,3.837348,6.430216,CA3,10
149.0,13.31718,3.9971094,11.590604,CA3,10
150.0,14.351836,3.2065523,10.988358,CA3,10
151.0,12.350331,1.8202319,11.233042,CA3,10
152.0,11.306168,2.3471503,10.877927,CA3,10
153.0,13.2082815,1.8634636,10.999012,CA3,10
154.0,11.394064,3.929635,10.744116,CA3,10
155.0,12.360033,3.4051187,10.639766,CA3,10
156.0,10.362834,4.005853,6.4876337,CA3,10
157.0,11.951079,2.4190764,11.348024,CA3,10
158.0,13.486766,2.1047132,11.165256,CA3,10
159.0,12.062712,3.5262856,11.282478,CA3,10
160.0,12.690927,3.2705634,9.706886,CA3,10
161.0,11.450266,1.9373956,11.052878,CA3,10
162.0,11.635307,2.531954,10.4833765,CA3,10
163.0,12.192254,2.455515,11.032777,CA3,10
164.0,9.295668,3.9072087,7.3841405,CA3,10
165.0,11.338832,2.1740696,10.442131,CA3,10
166.0,11.208272,2.6351526,10.5488615,CA3,10
167.0,11.34802,2.2889483,10.904163,CA3,10
168.0,11.937539,2.1809921,10.892089,CA3,10
169.0,12.398669,4.1829276,11.576266,CA3,10
170.0,11.430594,1.9509355,10.724104,CA3,10
171.0,11.913172,3.0011153,10.387171,CA3,10
172.0,10.087569,4.0710497,6.3358264,CA3,10
173.0,12.897343,3.8930883,9.889408,CA3,10
174.0,9.38641,4.2318354,6.810136,CA3,10
175.0,13.616929,2.6224189,10.306743,CA3,10
176.0,11.770421,3.0763113,11.539312,CA3,10
177.0,12.949265,2.617203,11.006577,CA3,10
178.0,11.737474,1.8764757,11.271647,CA3,10
179.0,9.088197,4.341878,6.3711386,CA3,10
180.0,9.694122,3.3426921,7.2635016,CA3,10
181.0,11.484056,2.0050304,11.091502,CA3,10
182.0,11.327194,2.3585324,10.689069,CA3,10
183.0,12.266636,1.5076151,9.1607485,CA3,10
184.0,12.712621,1.6722401,10.544742,CA3,10
185.0,10.574608,3.9397871,6.954245,CA3,10
186.0,10.950555,3.4774296,10.294459,CA3,10
187.0,9.613531,4.335634,6.8811955,CA3,10
188.0,9.178987,3.8349543,6.1280026,CA3,10
189.0,12.312833,1.815643,11.228149,CA3,10
190.0,10.945315,3.850442,10.10266,CA3,10
191.0,10.961791,4.302558,9.91862,CA3,10
192.0,13.536255,2.615919,9.68409,CA3,10
193.0,12.6731825,4.8037443,11.702831,CA3,10
194.0,13.667701,4.927165,10.309743,CA3,10
195.0,12.126628,2.8539705,11.186358,CA3,10
196.0,12.681609,1.5629294,10.95644,CA3,10
197.0,9.335,3.7170892,5.939299,CA3,10
198.0,9.707516,2.9665365,6.7585425,CA3,10
199.0,12.552823,3.5690935,10.546137,CA3,10
200.0,13.184094,1.941355,11.3656225,CA3,10
201.0,13.95521,2.7275414,10.490939,CA3,10
202.0,11.736419,3.2132103,9.695579,CA3,10
203.0,13.697073,2.0335906,10.971202,CA3,10
204.0,12.582632,1.5553417,10.464851,CA3,10
205.0,13.006413,2.9346406,9.185446,CA3,10
206.0,10.963528,4.17412,10.100049,CA3,10
207.0,9.666767,3.0013616,6.830381,CA3,10
208.0,12.874337,1.3958371,10.422976,CA3,10
209.0,13.933382,4.0145197,9.554349,CA3,10
210.0,11.285444,3.9104414,9.881346,CA3,10
211.0,10.012881,4.1063137,6.3033175,CA3,10
212.0,13.372624,3.166214,9.6980295,CA3,10
213.0,9.227675,4.1183333,5.7755127,CA3,10
214.0,14.233151,2.7515683,11.111506,CA3,10
215.0,11.516513,2.8268044,10.085019,CA3,10
216.0,10.324674,3.1894574,6.8684287,CA3,10
217.0,12.437546,3.0744016,10.64376,CA3,10
218.0,12.572526,1.5650932,10.542402,CA3,10
219.0,11.684468,2.469861,11.089423,CA3,10
220.0,12.287892,2.5059536,11.764728,CA3,10
221.0,12.758066,3.0805423,10.654379,CA3,10
222.0,12.6119585,2.7190378,11.061582,CA3,10
223.0,9.064074,3.6744285,6.1944294,CA3,10
224.0,13.177041,2.3262572,11.185135,CA3,10
225.0,12.058262,1.6992288,9.190216,CA3,10
226.0,13.438155,2.2408907,11.173626,CA3,10
227.0,11.715691,2.1777835,8.735852,CA3,10
228.0,14.435967,3.2380955,10.709533,CA3,10
229.0,9.826562,3.1023004,6.578074,CA3,10
230.0,9.74879,3.6365075,7.3277907,CA3,10
231.0,13.372003,4.779046,9.424817,CA3,10
232.0,14.22265,4.060478,11.141759,CA3,10
233.0,10.151566,3.9703262,7.134545,CA3,10
234.0,14.536704,3.870957,10.312091,CA3,10
235.0,13.388201,1.9227955,11.215174,CA3,10
236.0,12.341655,1.7415369,10.733736,CA3,10
237.0,10.422069,3.8272567,7.626732,CA3,10
238.0,11.89256,4.2532687,9.728007,CA3,10
239.0,13.230825,4.931372,10.617289,CA3,10
240.0,8.858607,3.7672286,6.4749365,CA3,10
241.0,11.815784,3.8791862,9.209826,CA3,10
242.0,12.952577,2.944437,9.26308,CA3,10
243.0,9.180784,3.3985064,6.8259807,CA3,10
244.0,8.820453,3.7803864,6.399857,CA3,10
245.0,12.348574,1.8723899,9.509508,CA3,10
246.0,9.983234,3.1293228,7.529858,CA3,10
247.0,13.285582,2.3926916,9.493926,CA3,10
248.0,13.083657,2.1275778,11.296787,CA3,10
249.0,12.422011,1.3799886,10.278478,CA3,10
250.0,13.39006,2.5033805,9.514865,CA3,10
251.0,13.611845,3.1990135,9.456393,CA3,10
252.0,12.7055235,2.1965292,9.195992,CA3,10
253.0,12.232531,2.1909592,8.936246,CA3,10
254.0,11.437628,3.3080883,8.389944,CA3,10
255.0,10.332896,4.174471,6.209328,CA3,10
256.0,12.575112,3.5227203,10.280437,CA3,10
257.0,11.962636,3.222715,9.682737,CA3,10
258.0,12.311629,1.5436994,9.038592,CA3,10
259.0,13.961237,2.4356723,11.131112,CA3,10
260.0,9.449421,4.1544847,5.637335,CA3,10
261.0,12.450084,3.1466074,10.4674425,CA3,10
262.0,12.621866,4.4833803,11.586982,CA3,10
263.0,12.32312,4.3177967,9.173828,CA3,10
264.0,12.491629,4.851238,9.613853,CA3,10
265.0,12.889728,1.53076,10.395521,CA3,10
266.0,11.591509,2.1292324,9.082832,CA3,10
267.0,9.951727,2.9074442,6.9748178,CA3,10
268.0,11.737437,2.0434895,8.950004,CA3,10
269.0,13.88412,5.137823,10.116589,CA3,10
270.0,14.21925,2.6697729,10.558436,CA3,10
271.0,11.984099,1.7879355,9.17959,CA3,10
272.0,11.545481,2.0774126,9.769741,CA3,10
273.0,13.70436,4.3870893,10.077929,CA3,10
274.0,12.223193,4.850343,9.79478,CA3,10
275.0,13.126962,1.4675637,10.482315,CA3,10
276.0,12.664592,2.2590268,10.409379,CA3,10
277.0,13.3030615,4.438454,11.192535,CA3,10
278.0,13.53323,2.6628835,9.643515,CA3,10
279.0,9.42071,3.9589825,6.358018,CA3,10
280.0,12.702286,3.3600612,10.646553,CA3,10
281.0,11.918681,1.8538439,9.763158,CA3,10
282.0,13.810225,3.9606135,9.476276,CA3,10
283.0,13.224113,4.758616,10.606439,CA3,10
284.0,9.6433,4.0116987,6.8694816,CA3,10
285.0,9.570733,3.3441563,6.1697593,CA3,10
286.0,12.825595,4.9345827,10.369772,CA3,10
287.0,12.99119,4.1140747,10.94689,CA3,10
288.0,12.811055,4.512701,10.885324,CA3,10
289.0,12.421552,4.9234858,9.94564,CA3,10
290.0,13.097665,4.309353,9.3067665,CA3,10
291.0,12.791086,2.9931996,9.809211,CA3,10
292.0,12.0445175,2.259192,11.258334,CA3,10
293.0,13.640217,4.332408,10.127699,CA3,10
294.0,11.692921,3.8499525,9.204971,CA3,10
295.0,12.925378,3.8184812,11.211393,CA3,10
296.0,13.531856,5.3347287,9.981951,CA3,10
297.0,9.948749,3.3190424,6.503497,CA3,10
298.0,14.3143,4.536016,10.056661,CA3,10
299.0,13.294936,5.0341167,11.078585,CA3,10
300.0,9.180386,3.8533185,6.1843705,CA3,10
301.0,10.19454,3.460904,6.928925,CA3,10
302.0,13.636222,4.907278,10.813076,CA3,10
303.0,13.873821,5.035294,10.745384,CA3,10
304.0,13.525785,2.7231467,9.713575,CA3,10
305.0,12.405517,4.340045,9.509983,CA3,10
306.0,12.907578,1.9739166,11.275346,CA3,10
307.0,11.906942,1.6224841,10.240651,CA3,10
308.0,13.477612,4.7603426,10.861783,CA3,10
309.0,12.165501,1.540245,9.299993,CA3,10
310.0,9.7829,3.082355,6.6460166,CA3,10
311.0,11.051564,2.9293954,9.910644,CA3,10
312.0,12.015382,1.5791925,9.53099,CA3,10
313.0,13.176534,4.5399346,11.418748,CA3,10
314.0,9.122206,3.5882638,6.751043,CA3,10
315.0,12.284609,1.9449954,10.844585,CA3,10
316.0,11.35351,4.6404333,10.620408,CA3,10
317.0,13.511936,3.775108,10.878637,CA3,10
318.0,10.264725,4.524615,6.289277,CA3,10
319.0,13.63928,5.01585,10.305636,CA3,10
320.0,12.430456,1.6891996,9.241089,CA3,10
321.0,11.908952,4.3177624,10.570403,CA3,10
322.0,11.223658,3.9639742,9.854694,CA3,10
323.0,13.43786,1.9746828,11.571314,CA3,10
324.0,12.995861,1.5234067,10.251223,CA3,10
325.0,11.581658,4.684317,10.658185,CA3,10
326.0,13.600541,5.2779784,10.01276,CA3,10
327.0,12.321109,2.4223418,11.7238455,CA3,10
328.0,12.360359,1.790251,10.179439,CA3,10
329.0,9.267745,4.053122,5.8717003,CA3,10
330.0,12.621217,2.8504832,10.185565,CA3,10
331.0,13.294218,2.935928,11.475779,CA3,10
332.0,12.251666,3.6006389,11.655536,CA3,10
333.0,9.322493,4.56236,6.11937,CA3,10
334.0,13.696743,4.371819,10.819229,CA3,10
335.0,13.473598,4.163578,11.02544,CA3,10
336.0,9.621327,3.6346612,5.8758636,CA3,10
337.0,11.995693,1.4194361,10.328608,CA3,10
338.0,9.423012,3.8602638,7.0009217,CA3,10
339.0,12.309602,4.679079,10.648257,CA3,10
340.0,12.276987,4.006824,8.942376,CA3,10
341.0,11.256262,3.203569,9.57701,CA3,10
342.0,11.537463,4.067373,9.614117,CA3,10
343.0,10.1559,4.040479,6.918195,CA3,10
344.0,13.983643,4.9981017,10.212398,CA3,10
345.0,14.232796,2.6645577,10.446531,CA3,10
346.0,11.265961,2.7733774,10.22658,CA3,10
347.0,13.01447,2.6432822,11.784736,CA3,10
348.0,13.788403,5.178647,10.221221,CA3,10
349.0,12.447223,4.1696196,9.087804,CA3,10
350.0,12.849273,3.079913,9.18065,CA3,10
351.0,10.596443,3.5587473,6.5711503,CA3,10
352.0,11.098998,3.7483668,8.421829,CA3,10
353.0,12.902148,2.0188992,10.61823,CA3,10
354.0,12.160507,3.8314753,9.112662,CA3,10
355.0,12.462234,4.5815563,10.82394,CA3,10
356.0,10.266615,3.788506,7.157901,CA3,10
357.0,14.234597,4.7037845,10.053462,CA3,10
358.0,13.9838505,3.867275,10.794036,CA3,10
359.0,13.564538,1.8537213,10.841419,CA3,10
360.0,13.97973,2.204883,10.8764,CA3,10
361.0,12.698803,1.7828431,10.501486,CA3,10
362.0,11.231009,3.153443,10.005387,CA3,10
363.0,9.052483,3.6345704,6.1539936,CA3,10
364.0,13.655733,4.381871,10.046688,CA3,10
365.0,13.825989,3.002192,11.126582,CA3,10
366.0,14.374186,2.7051737,10.557937,CA3,10
367.0,14.347012,3.1717384,10.958532,CA3,10
368.0,14.311385,2.771768,11.078715,CA3,10
369.0,11.510961,2.1063485,9.515562,CA3,10
370.0,11.532033,3.1455264,10.081917,CA3,10
371.0,13.90174,2.230781,10.871607,CA3,10
372.0,14.049991,3.0561974,10.022062,CA3,10
373.0,13.308473,3.6809814,11.501769,CA3,10
374.0,13.425904,2.127637,11.706989,CA3,10
375.0,14.023604,2.8034039,10.1237755,CA3,10
376.0,14.174697,3.9074519,11.132492,CA3,10
377.0,11.587299,2.0712829,9.412421,CA3,10
378.0,11.522741,3.5852492,10.956087,CA3,10
379.0,12.581868,1.8148203,11.180178,CA3,10
380.0,12.53284,2.3191967,10.28544,CA3,10
381.0,13.770906,3.1401594,11.063387,CA3,10
382.0,12.773468,3.4147263,11.4737835,CA3,10
383.0,12.867208,4.4839463,11.179706,CA3,10
384.0,11.651388,3.9277124,11.138395,CA3,10
385.0,9.252943,3.6673129,5.881262,CA3,10
386.0,11.944149,1.5682622,10.409881,CA3,10
387.0,12.011264,2.2210147,11.401916,CA3,10
388.0,9.730317,4.6610837,6.2160153,CA3,10
389.0,9.396986,3.7458782,6.2421775,CA3,10
390.0,11.818962,1.9329292,10.935061,CA3,10
391.0,12.179023,2.5884552,10.782258,CA3,10
392.0,11.450912,3.853286,11.082899,CA3,10
393.0,14.008375,4.4884715,10.862399,CA3,10
394.0,11.508749,2.1760716,9.718198,CA3,10
395.0,12.62706,4.9520025,10.508589,CA3,10
396.0,14.145619,4.0847507,10.936863,CA3,10
397.0,12.836695,3.5744011,10.427988,CA3,10
398.0,11.887517,2.1175404,11.291268,CA3,10
399.0,12.429433,2.9414313,10.93265,CA3,10
400.0,11.797441,2.087103,11.33065,CA3,10
401.0,12.100321,2.484171,11.087454,CA3,10
402.0,12.714054,2.2367485,10.904634,CA3,10
403.0,13.934501,2.2471952,10.847591,CA3,10
404.0,11.089819,3.615896,10.262729,CA3,10
405.0,11.635571,2.0753956,11.278806,CA3,10
406.0,13.472666,3.880784,11.6023655,CA3,10
407.0,12.551213,2.878029,9.61916,CA3,10
408.0,13.575787,2.5591214,9.691605,CA3,10
409.0,12.386544,4.1398287,11.674515,CA3,10
410.0,9.523449,3.9793203,7.229655,CA3,10
411.0,11.826696,2.165193,8.764471,CA3,10
412.0,10.594879,3.7764683,7.9478436,CA3,10
413.0,13.591366,2.731623,9.701218,CA3,10
414.0,12.587582,4.555216,11.763982,CA3,10
415.0,12.104953,4.4284554,10.918545,CA3,10
416.0,10.680001,3.6058233,7.6470275,CA3,10
417.0,14.604303,3.7302015,10.52386,CA3,10
418.0,12.18105,3.2727811,10.289894,CA3,10
419.0,9.705758,4.005757,6.5214396,CA3,10
420.0,9.472316,3.86856,5.9673915,CA3,10
421.0,12.067855,1.9618156,11.543858,CA3,10
422.0,13.3674135,3.0457435,11.176423,CA3,10
423.0,14.044846,4.360128,10.549489,CA3,10
424.0,9.169276,4.2661376,5.7499557,CA3,10
425.0,12.782887,1.7575715,10.623074,CA3,10
426.0,13.708939,4.914843,9.668245,CA3,10
427.0,11.976295,3.8699024,9.533856,CA3,10
428.0,10.445019,4.0370507,6.5142817,CA3,10
429.0,12.262022,1.6368424,10.429311,CA3,10
430.0,14.214026,3.0528321,10.485157,CA3,10
431.0,9.819857,3.597174,6.14734,CA3,10
432.0,13.041463,2.0742137,11.369618,CA3,10
433.0,11.515899,2.547412,11.064983,CA3,10
434.0,11.261823,4.456712,10.069721,CA3,10
435.0,11.052796,3.533436,9.467191,CA3,10
436.0,13.698107,3.367735,11.041882,CA3,10
437.0,11.715776,1.9092087,11.1145115,CA3,10
438.0,12.01738,3.885029,9.574979,CA3,10
439.0,12.725892,2.0695786,9.086088,CA3,10
440.0,13.257145,4.0267406,10.854802,CA3,10
441.0,10.59036,3.5694532,7.842561,CA3,10
442.0,12.53269,2.049154,9.183681,CA3,10
443.0,11.841276,2.0259647,9.245328,CA3,10
444.0,13.600983,4.138284,9.110864,CA3,10
445.0,10.294144,3.9395337,6.518835,CA3,10
446.0,12.155154,3.4170105,10.268162,CA3,10
447.0,13.619698,2.5882483,9.891802,CA3,10
448.0,13.899318,2.7630854,11.073623,CA3,10
449.0,9.520417,3.5228398,7.0452733,CA3,10
450.0,13.999435,4.751931,9.995828,CA3,10
451.0,13.803019,3.815277,9.590131,CA3,10
452.0,9.645939,3.4620037,6.082134,CA3,10
453.0,10.19524,3.4535906,7.190262,CA3,10
454.0,11.996759,2.9140477,10.765993,CA3,10
455.0,14.0021925,4.2901416,9.973141,CA3,10
456.0,12.337915,3.5722475,9.895946,CA3,10
457.0,9.997788,3.3012617,6.6182537,CA3,10
458.0,10.782081,4.2225723,9.574908,CA3,10
459.0,12.378097,1.6897156,10.401717,CA3,10
460.0,12.991212,2.5559776,9.473678,CA3,10
461.0,11.786952,2.283653,8.533896,CA3,10
462.0,11.813995,3.988369,9.438655,CA3,10
463.0,13.03976,1.3666232,10.334267,CA3,10
464.0,12.240106,1.5736717,8.934008,CA3,10
465.0,12.265045,3.9459662,9.097335,CA3,10
466.0,10.312211,3.7663398,6.3552904,CA3,10
467.0,12.284002,2.714509,9.671605,CA3,10
468.0,13.211988,2.3997202,10.165173,CA3,10
469.0,12.702662,2.0851011,9.123748,CA3,10
470.0,12.550398,2.0748062,9.316822,CA3,10
471.0,12.941654,2.8065999,9.349137,CA3,10
472.0,11.897716,2.497224,11.2360735,CA3,10
473.0,10.163124,3.91845,6.574696,CA3,10
474.0,12.026604,1.691927,10.223813,CA3,10
475.0,12.695473,3.5879097,12.068563,CA3,10
476.0,13.292172,4.680893,10.844881,CA3,10
477.0,10.007027,4.11548,6.2616305,CA3,10
478.0,13.153192,3.601895,10.645703,CA3,10
479.0,9.6656475,3.7977371,5.7869844,CA3,10
480.0,10.136234,4.419214,6.6262956,CA3,10
481.0,10.436954,3.7596915,7.7711363,CA3,10
482.0,13.882385,5.0420384,10.624818,CA3,10
483.0,11.911359,4.832055,10.93112,CA3,10
484.0,12.740846,3.4566453,11.23004,CA3,10
485.0,10.093675,3.5795403,6.378678,CA3,10
486.0,13.855063,2.2273443,10.877992,CA3,10
487.0,9.697031,3.32695,6.225892,CA3,10
488.0,9.186314,4.353394,6.244292,CA3,10
489.0,13.615147,4.993649,10.649147,CA3,10
490.0,11.858371,2.8708534,9.430553,CA3,10
491.0,11.904956,1.6427689,10.125286,CA3,10
492.0,13.136833,2.6777859,11.850357,CA3,10
493.0,12.811193,4.8376093,11.631363,CA3,10
494.0,14.019811,4.8446383,10.671164,CA3,10
495.0,13.837403,5.178569,10.224012,CA3,10
496.0,9.831025,3.7991314,6.0488267,CA3,10
497.0,13.06233,2.047783,10.637079,CA3,10
498.0,9.78809,4.245513,6.0714397,CA3,10
499.0,12.217941,4.3150344,11.023726,CA3,10
500.0,13.321968,2.4147184,11.855941,CA3,10
501.0,14.217949,4.5378537,10.706068,CA3,10
502.0,12.756493,4.671826,10.234165,CA3,10
503.0,13.896842,5.0319767,10.5363,CA3,10
504.0,12.443288,2.6777143,10.382503,CA3,10
505.0,13.948446,4.8149357,10.393417,CA3,10
506.0,12.328553,4.1499414,9.301723,CA3,10
507.0,12.467344,1.7540903,9.720386,CA3,10
508.0,9.853547,4.8930635,6.288556,CA3,10
509.0,13.429742,4.3415475,11.192345,CA3,10
510.0,11.778078,3.6616828,11.330948,CA3,10
511.0,9.967473,3.3764787,6.916361,CA3,10
512.0,13.996954,4.688804,11.041964,CA3,10
513.0,14.3739,3.7683058,10.394083,CA3,10
514.0,12.567513,3.4320629,12.071004,CA3,10
515.0,12.642537,1.5554307,10.428155,CA3,10
516.0,13.390218,3.9484456,10.858585,CA3,10
517.0,12.910873,5.0050216,10.368919,CA3,10
518.0,12.854625,4.868767,11.6035185,CA3,10
519.0,12.533764,1.8446198,10.017551,CA3,10
520.0,12.089851,1.3952849,10.155482,CA3,10
521.0,13.355383,3.8353846,10.834937,CA3,10
522.0,13.130611,4.731421,10.673893,CA3,10
523.0,9.727028,3.205558,6.947297,CA3,10
524.0,10.129541,3.7417803,6.5020065,CA3,10
525.0,12.264933,3.6769416,11.11418,CA3,10
526.0,12.430126,4.1815104,11.60669,CA3,10
527.0,12.40987,4.314513,11.63881,CA3,10
528.0,12.340088,4.105687,11.648616,CA3,10
529.0,11.814251,2.248442,8.671415,CA3,10
530.0,12.366172,4.1739564,11.656918,CA3,10
531.0,11.925038,3.2728126,9.5536,CA3,10
532.0,9.326243,4.1084905,5.814085,CA3,10
533.0,11.771984,1.7762748,10.517183,CA3,10
534.0,13.170251,3.6865752,11.42033,CA3,10
535.0,9.279587,4.559444,6.091113,CA3,10
536.0,13.226623,3.608108,11.179073,CA3,10
537.0,13.338607,4.3538003,11.419327,CA3,10
538.0,14.301497,2.6499157,10.575758,CA3,10
539.0,11.250033,3.419156,9.590967,CA3,10
540.0,9.941818,2.9261894,6.9500713,CA3,10
541.0,12.303073,3.2049367,10.645749,CA3,10
542.0,13.486752,3.730126,11.571472,CA3,10
543.0,12.748871,2.6944296,9.577808,CA3,10
544.0,12.194146,4.5398116,11.415712,CA3,10
545.0,13.588211,2.5639358,9.791563,CA3,10
546.0,9.741445,3.9586012,5.867881,CA3,10
547.0,12.213065,1.4997952,9.054244,CA3,10
548.0,13.146605,4.6225924,9.304696,CA3,10
549.0,12.631348,3.5836158,9.39961,CA3,10
550.0,9.856657,3.8770015,6.0407577,CA3,10
551.0,13.669308,5.2129707,10.132057,CA3,10
552.0,13.607902,4.563059,10.070004,CA3,10
553.0,14.551107,3.9119043,10.437454,CA3,10
554.0,12.189775,3.5223927,10.368127,CA3,10
555.0,13.636293,2.6166298,10.115177,CA3,10
556.0,9.975861,3.2782,7.103748,CA3,10
557.0,13.14859,4.478159,11.563651,CA3,10
558.0,9.702858,3.0475068,6.7517543,CA3,10
559.0,9.121615,3.5452433,6.702553,CA3,10
560.0,14.286952,3.2978868,11.117756,CA3,10
561.0,14.021424,4.626923,10.075542,CA3,10
562.0,9.677755,4.6533284,6.3154287,CA3,10
563.0,12.990604,3.0216472,9.695342,CA3,10
564.0,11.372471,4.345406,10.460549,CA3,10
565.0,12.9938545,4.161544,9.594198,CA3,10
566.0,9.177177,3.7198856,5.932,CA3,10
567.0,12.361544,2.769043,11.005869,CA3,10
568.0,14.223681,2.6125996,10.603365,CA3,10
569.0,10.096201,3.8128102,6.395962,CA3,10
570.0,13.876934,3.8869889,10.652072,CA3,10
571.0,11.47841,2.4955125,11.12824,CA3,10
572.0,13.9472275,2.2977226,10.787487,CA3,10
573.0,13.507547,2.4389439,10.133495,CA3,10
574.0,9.543374,4.5698166,6.3616896,CA3,10
575.0,11.896155,3.3658454,10.970899,CA3,10
576.0,9.428772,4.19111,6.857071,CA3,10
577.0,12.148202,4.7853947,11.236639,CA3,10
578.0,14.133037,4.65561,10.099856,CA3,10
579.0,13.892453,2.931209,10.298624,CA3,10
580.0,11.99157,3.444818,11.2404175,CA3,10
581.0,9.405711,4.257016,7.3696775,CA3,10
582.0,9.675989,3.7842278,5.7753086,CA3,10
583.0,13.518787,2.2944548,11.285933,CA3,10
584.0,12.462013,2.9718246,10.896923,CA3,10
585.0,11.853511,3.407904,11.618915,CA3,10
586.0,11.488662,4.1954966,10.755237,CA3,10
587.0,10.122326,3.8616908,6.44785,CA3,10
588.0,9.6660795,3.8414605,5.7781744,CA3,10
589.0,11.805394,3.294787,11.501813,CA3,10
590.0,10.406071,3.8716545,6.5038342,CA3,10
591.0,9.13695,3.6754165,6.008867,CA3,10
592.0,13.656064,3.8624718,10.591465,CA3,10
593.0,11.476928,2.6306162,10.334411,CA3,10
594.0,10.158597,3.8672128,6.3740964,CA3,10
595.0,12.8675165,2.8869328,11.228428,CA3,10
596.0,12.642254,2.964162,11.010994,CA3,10
597.0,9.267173,3.351543,6.710666,CA3,10
598.0,9.191998,4.3609567,6.4960136,CA3,10
599.0,14.4594555,3.8818512,10.285898,CA3,10
600.0,13.488755,3.5959196,11.396112,CA3,10
601.0,11.847382,2.5637054,10.781947,CA3,10
602.0,12.6642,3.277603,11.488966,CA3,10
603.0,9.395793,4.3556867,6.690505,CA3,10
604.0,13.341882,4.3579326,11.252598,CA3,10
605.0,14.529239,3.7668955,10.437346,CA3,10
606.0,12.41755,2.769249,10.801761,CA3,10
607.0,9.531558,3.7479575,7.160044,CA3,10
608.0,9.340716,4.3482637,6.707798,CA3,10
609.0,13.115684,4.5206614,10.693688,CA3,10
610.0,12.508026,3.5063543,10.807314,CA3,10
611.0,12.609944,1.9202211,9.207202,CA3,10
612.0,13.458868,4.3409276,11.021959,CA3,10
613.0,13.243905,4.2614565,11.469103,CA3,10
614.0,12.8626795,2.7657776,10.885504,CA3,10
615.0,13.665007,4.2335114,11.07801,CA3,10
616.0,9.309285,4.0479326,6.048918,CA3,10
617.0,13.127659,4.4920893,11.519909,CA3,10
618.0,13.051216,3.0723217,9.778868,CA3,10
619.0,12.81459,4.764555,9.403399,CA3,10
620.0,13.871991,3.2420833,11.136721,CA3,10
621.0,12.317157,1.5377108,10.240906,CA3,10
622.0,12.809875,3.5147376,10.805263,CA3,10
623.0,9.011931,3.6349661,6.7777095,CA3,10
624.0,12.057508,3.9387476,9.693045,CA3,10
625.0,12.649914,2.4389026,9.416218,CA3,10
626.0,12.757554,3.7924411,9.689519,CA3,10
627.0,12.20685,4.5950828,11.470069,CA3,10
628.0,12.314138,3.9563828,9.60059,CA3,10
629.0,12.229673,3.9445004,9.426421,CA3,10
630.0,9.2204895,4.1036224,6.741357,CA3,10
631.0,11.018146,3.902912,9.854362,CA3,10
632.0,9.170577,4.1184707,6.846151,CA3,10
633.0,10.912319,3.7515485,9.668364,CA3,10
634.0,12.992398,3.6686587,11.30758,CA3,10
635.0,12.426337,3.2346518,10.00721,CA3,10
636.0,9.527601,3.9343777,5.8790455,CA3,10
637.0,11.679753,3.301029,11.115095,CA3,10
638.0,12.675758,4.8800545,11.206058,CA3,10
639.0,12.67836,4.6612988,10.128532,CA3,10
640.0,9.660171,4.5264935,6.616692,CA3,10
641.0,11.868635,1.6014903,10.358375,CA3,10
642.0,13.541386,4.4360723,9.873645,CA3,10
643.0,13.106653,4.6692204,10.806237,CA3,10
644.0,9.56339,4.374589,6.535203,CA3,10
645.0,13.54223,4.7549706,9.405739,CA3,10
646.0,13.493419,3.6215472,11.255397,CA3,10
647.0,12.690735,4.7768784,10.217738,CA3,10
648.0,13.596791,4.181489,11.012521,CA3,10
649.0,11.429126,2.5519814,11.098352,CA3,10
650.0,10.945745,3.4268289,10.187549,CA3,10
651.0,13.765626,3.9178197,9.54005,CA3,10
652.0,12.577949,4.813075,9.90435,CA3,10
653.0,14.215863,4.8205643,10.260173,CA3,10
654.0,12.661362,3.0509477,10.2556505,CA3,10
655.0,11.875015,2.2429373,10.793205,CA3,10
656.0,14.04643,4.714195,10.79596,CA3,10
657.0,13.196695,5.001302,11.124243,CA3,10
658.0,14.059233,4.101962,10.760271,CA3,10
659.0,12.270803,2.7879508,10.872316,CA3,10
660.0,13.827413,5.0249047,10.723007,CA3,10
661.0,13.378599,4.860962,10.595352,CA3,10
662.0,9.815262,4.2594495,5.9652376,CA3,10
663.0,12.055578,2.9695978,9.2675495,CA3,10
664.0,10.184311,4.4675775,6.4634185,CA3,10
665.0,9.866312,4.053407,5.8847075,CA3,10
666.0,14.087261,4.7866106,10.526097,CA3,10
667.0,10.404117,3.708374,6.50076,CA3,10
668.0,10.332168,4.159108,6.9647665,CA3,10
669.0,9.519784,4.2763915,6.8209305,CA3,10
670.0,12.848339,3.3571756,9.68367,CA3,10
671.0,10.172124,4.020769,6.542878,CA3,10
672.0,8.907455,3.6999023,6.667726,CA3,10
673.0,12.759686,3.7311885,11.234201,CA3,10
674.0,13.076876,2.7265754,9.548058,CA3,10
675.0,14.214879,4.1253123,10.513797,CA3,10
676.0,13.758051,3.8925714,10.710072,CA3,10
677.0,12.496583,4.053124,9.321188,CA3,10
678.0,9.539663,3.5560427,7.257399,CA3,10
679.0,10.324346,4.1579423,6.569092,CA3,10
680.0,12.462074,2.8357701,8.872773,CA3,10
681.0,9.960453,4.133442,6.880484,CA3,10
682.0,13.0051985,4.095283,9.542936,CA3,10
683.0,8.846493,3.7879913,6.587568,CA3,10
684.0,13.352629,3.9143624,9.43133,CA3,10
685.0,11.093876,4.26708,9.922289,CA3,10
686.0,10.197475,4.1114492,6.710801,CA3,10
687.0,9.755682,3.462557,7.187147,CA3,10
688.0,13.882917,3.0443528,10.283942,CA3,10
689.0,12.282197,3.0478451,9.836211,CA3,10
690.0,11.826459,2.2252877,10.400567,CA3,10
691.0,12.941026,4.430146,10.102278,CA3,10
692.0,13.3057,4.315987,10.19516,CA3,10
693.0,12.766555,4.15619,9.872253,CA3,10
694.0,14.018677,4.618802,10.311915,CA3,10
695.0,12.986766,2.8071067,10.502219,CA3,10
696.0,10.980058,3.35286,10.280564,CA3,10
697.0,11.902404,1.6340493,10.220171,CA3,10
698.0,14.135447,2.6276252,10.769932,CA3,10
699.0,11.298832,2.6602786,10.256698,CA3,10
700.0,11.624441,2.3049033,10.36656,CA3,10
701.0,11.2326975,3.858397,10.327518,CA3,10
702.0,13.379293,3.589365,8.9337635,CA3,10
703.0,13.430562,3.7143614,9.358716,CA3,10
704.0,13.144623,2.7906203,10.530655,CA3,10
705.0,14.096711,2.5881822,10.732244,CA3,10
706.0,13.916266,3.097713,9.897623,CA3,10
707.0,11.749934,3.8624234,9.198376,CA3,10
708.0,13.239463,2.7975101,9.532076,CA3,10
709.0,10.248058,3.514807,6.9739547,CA3,10
710.0,14.178473,4.202926,10.013065,CA3,10
711.0,11.713081,3.4997091,8.851199,CA3,10
712.0,13.464785,4.5004134,9.239095,CA3,10
713.0,10.34715,3.6730044,6.801815,CA3,10
714.0,11.396861,2.2302387,10.266592,CA3,10
715.0,10.981539,3.720058,9.252042,CA3,10
716.0,12.974195,3.3920362,8.7436285,CA3,10
717.0,11.19428,3.3854094,9.779619,CA3,10
718.0,13.018914,3.4384239,8.751894,CA3,10
719.0,11.730364,3.344754,9.445616,CA3,10
720.0,10.648627,3.6087556,6.9560375,CA3,10
721.0,10.396351,3.68885,7.733343,CA3,10
722.0,11.882414,1.8872133,9.9872265,CA3,10
723.0,12.2376,1.8867279,10.346711,CA3,10
724.0,10.429633,3.837267,6.542907,CA3,10
725.0,10.052078,3.5528004,7.126371,CA3,10
726.0,12.665933,2.2487445,9.823128,CA3,10
727.0,9.322029,4.1230707,5.809381,CA3,10
728.0,12.782832,2.181292,11.482081,CA3,10
729.0,12.533184,1.7842268,9.873808,CA3,10
730.0,12.64499,1.3647213,10.248833,CA3,10
731.0,13.228542,3.8421953,10.778003,CA3,10
732.0,12.417068,4.1921554,11.523668,CA3,10
733.0,12.635926,3.396532,9.677221,CA3,10
734.0,12.260266,2.7314038,8.839874,CA3,10
735.0,12.416537,2.466846,9.502972,CA3,10
736.0,10.255653,3.6344602,7.637554,CA3,10
737.0,13.917741,4.142865,9.791139,CA3,10
738.0,12.523045,4.25357,9.483124,CA3,10
739.0,12.98961,3.7685237,10.362785,CA3,10
740.0,11.365483,4.1167216,10.874476,CA3,10
741.0,12.592858,2.3692825,11.763507,CA3,10
742.0,11.260145,3.2649796,9.829986,CA3,10
743.0,12.895836,3.4723864,11.461433,CA3,10
744.0,13.277302,2.9992108,9.303964,CA3,10
745.0,12.120364,1.81192,10.783411,CA3,10
746.0,12.526311,4.783486,10.258019,CA3,10
747.0,13.551911,2.3513603,11.070878,CA3,10
748.0,12.615058,2.0418544,11.506591,CA3,10
749.0,12.7701645,4.412973,9.858367,CA3,10
750.0,11.535515,2.1004515,9.275716,CA3,10
751.0,13.524783,2.0231931,10.812704,CA3,10
752.0,8.844813,3.9113529,6.5272555,CA3,10
753.0,13.197239,4.38436,9.25127,CA3,10
754.0,11.854901,4.499228,9.584731,CA3,10
755.0,12.341309,3.570983,9.618111,CA3,10
756.0,11.77733,2.2999475,8.524944,CA3,10
757.0,11.383561,4.378704,9.631293,CA3,10
758.0,12.425915,4.920531,10.001209,CA3,10
759.0,13.26819,4.6121635,10.529908,CA3,10
760.0,11.367081,4.3975816,9.643403,CA3,10
761.0,12.39037,1.6765287,9.119838,CA3,10
762.0,11.99226,2.7055194,11.385705,CA3,10
763.0,14.138622,2.6644306,10.248482,CA3,10
764.0,14.07012,2.925633,10.108139,CA3,10
765.0,11.583962,2.1064842,9.213959,CA3,10
766.0,13.383149,1.9862126,11.170054,CA3,10
767.0,11.760834,2.2507904,8.51193,CA3,10
768.0,11.950272,1.6927179,9.335018,CA3,10
769.0,12.678718,1.4685097,10.246745,CA3,10
770.0,12.989332,2.8447926,10.219494,CA3,10
771.0,12.037318,2.1048748,9.090992,CA3,10
772.0,12.013024,4.4726787,9.563725,CA3,10
773.0,13.6640215,3.5498054,9.319391,CA3,10
774.0,9.696846,4.050565,5.978284,CA3,10
775.0,12.252121,3.0929942,10.598625,CA3,10
776.0,13.39383,3.8316922,8.844106,CA3,10
777.0,12.695323,2.0340538,9.100243,CA3,10
778.0,13.427063,3.856768,10.855694,CA3,10
779.0,12.298927,2.6560361,9.817441,CA3,10
780.0,12.154453,1.5179899,8.981836,CA3,10
781.0,10.112291,4.387585,6.1692047,CA3,10
782.0,13.5544195,2.0703084,11.567449,CA3,10
783.0,11.737049,2.1512861,8.763262,CA3,10
784.0,12.495794,3.1214576,9.409632,CA3,10
785.0,10.960668,4.225719,9.855624,CA3,10
786.0,13.924695,4.894326,9.7826395,CA3,10
787.0,13.130521,3.4353743,8.820936,CA3,10
788.0,12.100071,3.0119398,8.720854,CA3,10
789.0,12.6672735,3.11136,11.628367,CA3,10
790.0,11.855986,2.3538642,8.527563,CA3,10
791.0,10.441669,3.070579,7.290159,CA3,10
792.0,14.084152,4.9171515,9.951747,CA3,10
793.0,12.640252,2.7551675,9.582432,CA3,10
794.0,10.383787,4.307567,7.1596956,CA3,10
795.0,11.675823,3.4175422,8.816782,CA3,10
796.0,13.583396,3.846847,9.270167,CA3,10
797.0,11.517236,3.7444847,8.907506,CA3,10
798.0,10.919851,4.3581557,9.659776,CA3,10
799.0,10.832326,4.3028765,9.474395,CA3,10
800.0,10.85282,4.2596283,9.575152,CA3,10
801.0,10.642039,3.7393506,8.0914545,CA3,10
802.0,11.381539,3.4269092,8.896343,CA3,10
803.0,10.945624,4.0940976,9.236827,CA3,10
804.0,10.8675,4.232461,9.65838,CA3,10
805.0,10.659457,3.285349,7.8840404,CA3,10
806.0,10.866513,4.274152,9.410067,CA3,10
807.0,10.923963,4.0497994,8.641514,CA3,10
808.0,11.446313,4.2560434,9.22526,CA3,10
809.0,11.185364,4.5090156,10.088986,CA3,10
810.0,11.715148,3.3964446,8.8765745,CA3,10
811.0,12.076964,2.1591327,9.125771,CA3,10
812.0,11.247914,3.8734677,10.4952755,CA3,10
813.0,10.308894,3.23519,6.7601786,CA3,10
814.0,13.164704,3.9782016,9.1354475,CA3,10
815.0,10.949657,3.5674605,10.076746,CA3,10
816.0,12.162229,2.4160888,11.629384,CA3,10
817.0,12.090246,4.872187,10.129964,CA3,10
818.0,12.193229,4.4079595,9.535853,CA3,10
819.0,12.380964,3.4922554,9.72344,CA3,10
820.0,11.564545,2.1348443,9.272139,CA3,10
821.0,10.956408,4.0375676,10.027033,CA3,10
822.0,11.298281,3.62858,10.745428,CA3,10
823.0,11.111593,4.3071046,10.332712,CA3,10
824.0,12.45604,1.8945222,9.900964,CA3,10
825.0,11.491923,2.5302424,10.763763,CA3,10
826.0,10.866804,4.3034487,9.649723,CA3,10
827.0,11.275151,4.402585,10.524668,CA3,10
828.0,11.113578,4.4734693,9.916657,CA3,10
829.0,12.343105,3.5269585,10.352619,CA3,10
830.0,11.898026,4.314935,10.653391,CA3,10
831.0,10.966264,4.183606,9.791471,CA3,10
832.0,12.457339,5.1187944,10.090771,CA3,10
833.0,12.192801,3.008228,11.131802,CA3,10
834.0,12.1417465,3.2601054,9.53327,CA3,10
835.0,12.499891,4.641049,9.314197,CA3,10
836.0,9.729313,4.778631,6.310164,CA3,10
837.0,12.117492,3.5998766,10.480752,CA3,10
838.0,11.760138,3.8700576,10.909566,CA3,10
839.0,11.850801,1.9837447,11.254552,CA3,10
840.0,9.642051,4.5101843,6.5004296,CA3,10
841.0,11.538597,4.1738014,10.588901,CA3,10
842.0,12.5565605,2.9055943,10.679878,CA3,10
843.0,12.667732,1.9688277,11.015414,CA3,10
844.0,11.109319,4.4605665,9.756766,CA3,10
845.0,14.497286,3.7579234,10.550759,CA3,10
846.0,9.8468485,3.233896,6.4813843,CA3,10
847.0,13.00063,3.9739969,9.745236,CA3,10
848.0,12.856689,2.85394,10.069229,CA3,10
849.0,11.859272,2.6009488,11.568461,CA3,10
850.0,11.051728,4.122073,10.117488,CA3,10
851.0,14.114026,4.5684624,10.966538,CA3,10
852.0,13.219467,2.6562648,9.952127,CA3,10
853.0,11.17657,4.175877,10.377479,CA3,10
854.0,9.676415,3.5849924,7.2163377,CA3,10
855.0,13.324535,3.8631094,11.337629,CA3,10
856.0,12.897155,2.7442803,10.194988,CA3,10
857.0,14.363502,3.0275345,10.826638,CA3,10
858.0,13.841118,5.131113,10.244778,CA3,10
859.0,9.635753,3.9856386,7.270904,CA3,10
860.0,11.07538,3.6256418,10.326283,CA3,10
861.0,12.939465,2.2268775,11.614792,CA3,10
862.0,10.954624,4.042816,10.149312,CA3,10
863.0,13.402139,3.8080027,10.939013,CA3,10
864.0,14.2167,2.570209,10.54458,CA3,10
865.0,13.323806,2.2869308,9.987476,CA3,10
866.0,12.631364,2.3395789,11.7291975,CA3,10
867.0,11.546074,2.5345836,10.800317,CA3,10
868.0,11.439946,2.3698883,10.477139,CA3,10
869.0,11.438875,4.303775,10.513224,CA3,10
870.0,12.014563,2.7047672,9.833342,CA3,10
871.0,12.67493,3.5883012,12.035047,CA3,10
872.0,12.761168,2.052931,9.902956,CA3,10
873.0,9.454369,4.1701884,7.460992,CA3,10
874.0,11.463783,3.6454005,9.498495,CA3,10
875.0,9.043631,3.763312,6.8691907,CA3,10
876.0,11.812177,4.4175577,9.626117,CA3,10
877.0,11.571303,2.352832,10.4122305,CA3,10
878.0,11.6661215,2.005965,11.093976,CA3,10
879.0,13.524699,1.9918283,11.55605,CA3,10
880.0,11.14724,3.2879248,9.657889,CA3,10
881.0,11.235703,3.2454765,9.891497,CA3,10
882.0,12.953974,4.9319983,10.273359,CA3,10
883.0,12.578759,2.6795068,9.5075655,CA3,10
884.0,12.538732,4.811303,9.89869,CA3,10
885.0,9.7727375,3.2369637,7.126055,CA3,10
886.0,12.442444,2.7021756,8.84395,CA3,10
887.0,13.029609,2.7932045,11.785528,CA3,10
888.0,13.415983,5.118727,10.215944,CA3,10
889.0,11.753091,2.5154386,10.213031,CA3,10
890.0,11.202958,3.2637386,9.598121,CA3,10
891.0,9.48875,4.033584,6.7830057,CA3,10
892.0,13.655308,3.740337,9.636641,CA3,10
893.0,13.418629,2.5612574,9.618268,CA3,10
894.0,11.756314,3.2004726,11.317572,CA3,10
895.0,8.797176,3.8414917,6.485105,CA3,10
896.0,13.350424,2.9965298,11.434235,CA3,10
897.0,12.1465435,2.1513147,11.043456,CA3,10
898.0,11.580405,2.8926475,9.530208,CA3,10
899.0,13.129481,2.8010077,10.541065,CA3,10
0.0,4.9107904,0.6263439,-3.1387079,DG,26
1.0,4.335907,2.5465772,-3.1030312,DG,26
2.0,4.921294,2.293263,-2.31618,DG,26
3.0,3.0604448,0.23587301,-1.2934014,DG,26
4.0,4.8671913,1.3599508,-0.8063158,DG,26
5.0,4.0645847,2.1566875,-3.1861165,DG,26
6.0,3.6551461,1.6328274,-3.1850543,DG,26
7.0,4.8485684,2.741802,-2.1904216,DG,26
8.0,3.5225897,2.3312964,-1.2119359,DG,26
9.0,4.7864327,2.126896,-1.5979706,DG,26
10.0,3.2540195,2.0016475,-1.5844721,DG,26
11.0,5.4373293,2.5449958,-2.3996587,DG,26
12.0,5.9896536,1.7641314,-2.1739678,DG,26
13.0,4.191147,0.86095643,-2.8521483,DG,26
14.0,5.226731,2.6920528,-1.902947,DG,26
15.0,5.7050853,0.6248678,-0.4321204,DG,26
16.0,3.3590589,2.260094,-1.4199013,DG,26
17.0,3.363688,2.143932,-1.6886806,DG,26
18.0,6.2077236,0.9077821,-2.9059749,DG,26
19.0,6.336563,1.1253487,-1.0783987,DG,26
20.0,6.4677625,0.06335856,-1.3078458,DG,26
21.0,5.7999287,2.330443,-1.5584649,DG,26
22.0,5.097403,2.4340024,-1.3473973,DG,26
23.0,4.5811815,1.578402,-1.0358573,DG,26
24.0,4.05409,0.28143305,-2.7235987,DG,26
25.0,4.2706003,2.580615,-2.4899445,DG,26
26.0,4.9610205,0.19130668,-0.78890383,DG,26
27.0,4.6243176,0.25514033,-0.48864055,DG,26
28.0,3.6584175,-0.17230499,-2.6159034,DG,26
29.0,4.45885,2.3116693,-2.4785626,DG,26
30.0,3.5658004,2.0709624,-2.4048045,DG,26
31.0,3.3091183,2.2837842,-1.5779773,DG,26
32.0,4.3479176,-0.7897149,-2.6838784,DG,26
33.0,5.90761,-0.035633937,-2.5640044,DG,26
34.0,4.789297,1.8551452,-3.5547948,DG,26
35.0,3.9354887,2.5556355,-2.5340233,DG,26
36.0,4.1056533,2.4508228,-2.2791073,DG,26
37.0,3.3882115,2.3489597,-1.5008131,DG,26
38.0,4.8412986,0.7265553,-3.3543756,DG,26
39.0,3.8752072,1.7085242,-3.085334,DG,26
40.0,4.275454,1.9444265,-3.3288755,DG,26
41.0,5.729221,-0.008911126,-0.85366917,DG,26
42.0,5.993055,0.5473756,-3.1610186,DG,26
43.0,5.0344057,2.1577458,-3.21081,DG,26
44.0,4.829879,2.19857,-3.1172168,DG,26
45.0,4.7089105,1.0216223,-1.1652069,DG,26
46.0,6.389295,1.1294236,-1.6071517,DG,26
47.0,5.0155563,-0.117961176,-0.9590339,DG,26
48.0,6.1023655,0.111148715,-1.6837846,DG,26
49.0,2.886274,0.6271349,-2.1247354,DG,26
50.0,2.9569983,2.0000198,-2.3421147,DG,26
51.0,4.6256056,0.27810755,-1.8723401,DG,26
52.0,5.967927,-0.47425812,-0.8507245,DG,26
53.0,4.628103,0.19593284,-3.4143407,DG,26
54.0,4.760172,1.7372967,-1.7819407,DG,26
55.0,5.283328,2.6790752,-2.448665,DG,26
56.0,4.7367706,-0.84776807,-0.8344998,DG,26
57.0,4.1093097,0.48859313,-0.24674408,DG,26
58.0,4.9664702,0.4089132,-3.2633684,DG,26
59.0,3.7719398,0.9372044,-2.9533842,DG,26
60.0,3.6784039,1.7681019,-2.3292313,DG,26
61.0,3.3975544,2.2517052,-1.8704715,DG,26
62.0,4.4727087,1.1111653,-2.2357712,DG,26
63.0,4.977383,0.93067527,-0.5748668,DG,26
64.0,5.1605606,2.360445,-1.8647484,DG,26
65.0,5.312787,0.48335728,-1.5428914,DG,26
66.0,4.0400558,2.175517,-1.8180001,DG,26
67.0,4.88183,2.711593,-2.3359647,DG,26
68.0,6.4825115,0.13282146,-0.9477014,DG,26
69.0,4.8883905,1.3002791,-2.0295973,DG,26
70.0,3.7893822,2.3152258,-1.3005494,DG,26
71.0,5.030292,1.6932992,-2.199709,DG,26
72.0,6.1424265,1.446763,-0.6922921,DG,26
73.0,3.737373,2.234637,-1.4375764,DG,26
74.0,3.6834986,2.4289112,-2.4562836,DG,26
75.0,3.575436,2.4208453,-1.5954785,DG,26
76.0,4.8056617,0.72049874,-0.36963594,DG,26
77.0,5.5323505,1.2680136,-0.7333727,DG,26
78.0,4.4108353,2.1141517,-2.5973768,DG,26
79.0,5.4675136,2.377925,-0.8659738,DG,26
80.0,5.4436674,0.9106632,-0.6137768,DG,26
81.0,4.1671185,0.6083106,-0.17995287,DG,26
82.0,3.8846767,2.545191,-2.385509,DG,26
83.0,3.4842865,2.1578634,-1.2077582,DG,26
84.0,3.3233445,2.4027426,-1.2485762,DG,26
85.0,4.2636566,1.1910659,-0.42006868,DG,26
86.0,4.3998437,2.4646914,-2.2983851,DG,26
87.0,5.5898166,1.8759503,-2.4174538,DG,26
88.0,4.5706387,0.90855676,-0.19600612,DG,26
89.0,5.232978,1.9361995,-1.782627,DG,26
90.0,5.543581,1.7260212,-1.218088,DG,26
91.0,4.074439,2.625338,-2.8311415,DG,26
92.0,3.5656269,1.7306328,-0.8634165,DG,26
93.0,3.5399988,1.9805393,-1.0398796,DG,26
94.0,3.622119,1.8691825,-0.87211806,DG,26
95.0,3.5945864,1.5508902,-0.82354903,DG,26
96.0,5.151825,0.61225474,-0.21473631,DG,26
97.0,4.435618,0.65974486,-0.3812729,DG,26
98.0,5.745321,-0.2303147,-0.52077687,DG,26
99.0,4.6803155,1.6549065,-3.5384727,DG,26
100.0,5.0425944,2.7573438,-2.5719376,DG,26
101.0,6.3708453,0.063264966,-0.8902249,DG,26
102.0,5.044555,0.27663836,-0.32585645,DG,26
103.0,5.861877,2.238604,-1.637282,DG,26
104.0,2.849005,0.7008106,-2.0339527,DG,26
105.0,3.115433,0.6556152,-1.2275516,DG,26
106.0,5.9393835,-0.35793087,-1.0501562,DG,26
107.0,6.4105372,0.11564265,-0.98515946,DG,26
108.0,3.4836009,2.1135802,-1.2300038,DG,26
109.0,3.5643404,1.7607727,-1.434194,DG,26
110.0,3.3246777,-0.062414404,-1.4417274,DG,26
111.0,6.3173146,0.20676062,-2.6595235,DG,26
112.0,6.2877197,1.4916332,-2.3068762,DG,26
113.0,4.015548,0.46125782,-1.5736884,DG,26
114.0,4.170207,1.1993501,-2.045597,DG,26
115.0,3.7706304,1.7464027,-0.8431816,DG,26
116.0,5.2382326,0.2550462,-1.1885997,DG,26
117.0,4.411193,1.1217793,-0.25811788,DG,26
118.0,5.001757,1.4388715,-0.98598826,DG,26
119.0,5.5105987,2.434624,-1.0328424,DG,26
120.0,5.0501647,0.21900897,-0.4487883,DG,26
121.0,4.6924677,0.71354914,-0.29241407,DG,26
122.0,4.2087474,0.18779992,-3.6331618,DG,26
123.0,4.0574284,2.6209202,-2.5186908,DG,26
124.0,4.153313,1.2797673,-0.38319245,DG,26
125.0,5.890592,0.4432547,-0.5678972,DG,26
126.0,3.7603154,1.2221183,-1.5841403,DG,26
127.0,5.3083344,-0.005999581,-0.797772,DG,26
128.0,4.4587903,1.4593668,-3.6691055,DG,26
129.0,3.198209,0.8975949,-1.1695937,DG,26
130.0,4.7889824,0.4600681,-0.68719184,DG,26
131.0,5.5382347,2.3229063,-1.1002438,DG,26
132.0,5.059041,2.5917017,-1.8937618,DG,26
133.0,4.2644243,2.354658,-1.6817224,DG,26
134.0,5.934888,0.23824863,-1.000588,DG,26
135.0,6.0736938,1.0086632,-2.6285179,DG,26
136.0,4.737072,1.860281,-3.1123238,DG,26
137.0,6.2335424,0.45275858,-2.8400226,DG,26
138.0,5.7869444,-0.012926875,-1.6784905,DG,26
139.0,5.5714035,0.6445862,-1.1398848,DG,26
140.0,5.7559624,0.0072186585,-2.7600794,DG,26
141.0,4.081146,1.4153478,-3.1393857,DG,26
142.0,5.934195,1.5959895,-2.4839115,DG,26
143.0,6.228619,0.50526696,-0.6609722,DG,26
144.0,6.070678,1.5465658,-0.92519224,DG,26
145.0,5.1908307,1.4959476,-2.0011134,DG,26
146.0,4.829753,0.8314892,-2.4662597,DG,26
147.0,4.7064257,1.0338322,-0.7324923,DG,26
148.0,5.798283,0.76592654,-0.71173,DG,26
149.0,3.3548048,1.6601337,-2.0623405,DG,26
150.0,3.4311717,1.9776615,-2.324643,DG,26
151.0,5.248712,0.20912227,-0.5797432,DG,26
152.0,5.545331,-0.4009547,-0.72637886,DG,26
153.0,4.304797,2.425626,-2.9534557,DG,26
154.0,5.7559166,0.54746073,-2.6501856,DG,26
155.0,5.9295154,0.106212914,-1.11479,DG,26
156.0,4.0761456,1.2530193,-0.8872198,DG,26
157.0,4.75811,0.87445587,-1.4774464,DG,26
158.0,5.590037,2.1579244,-2.6233687,DG,26
159.0,4.587957,0.5205595,-0.4563171,DG,26
160.0,4.2381043,1.7003155,-3.5176835,DG,26
161.0,6.056762,1.5125339,-0.71052223,DG,26
162.0,4.8927364,1.002085,-3.264322,DG,26
163.0,3.7024395,0.4093087,-3.8040516,DG,26
164.0,6.4648633,0.7847493,-2.6644633,DG,26
165.0,3.8736615,-0.13777694,-3.6142318,DG,26
166.0,6.3155546,-0.28434083,-1.6155063,DG,26
167.0,3.54949,0.5075856,-3.9092,DG,26
168.0,4.779934,2.495726,-1.8636671,DG,26
169.0,5.04116,2.239649,-1.3403863,DG,26
170.0,6.423379,0.102113724,-1.0932621,DG,26
171.0,6.078582,0.3962102,-2.603696,DG,26
172.0,6.126676,1.1071721,-1.367429,DG,26
173.0,4.0684266,1.2525041,-2.173658,DG,26
174.0,3.1797254,1.901384,-1.5478153,DG,26
175.0,3.0924563,0.91819215,-1.5268604,DG,26
176.0,3.8691087,0.77130455,-0.7322096,DG,26
177.0,3.8786242,1.2494316,-0.6033657,DG,26
178.0,3.3804522,1.6285319,-1.2918093,DG,26
179.0,3.2936742,1.9231981,-1.0850646,DG,26
180.0,5.4624047,1.3587375,-2.5269172,DG,26
181.0,3.7314694,0.10184774,-3.824548,DG,26
182.0,4.4094186,0.047738194,-2.6204863,DG,26
183.0,5.103379,1.4627831,-2.6458893,DG,26
184.0,6.004455,1.2449381,-0.82403773,DG,26
185.0,5.073165,1.6421833,-0.9342373,DG,26
186.0,4.769171,0.78873223,-3.0714216,DG,26
187.0,5.476458,2.3246875,-0.83033115,DG,26
188.0,4.7368894,1.478684,-0.6762097,DG,26
189.0,4.86518,1.7238349,-0.97955424,DG,26
190.0,4.844263,1.0701572,-0.5057385,DG,26
191.0,5.3123074,1.5861131,-1.6195799,DG,26
192.0,4.9508705,1.9996154,-3.0383453,DG,26
193.0,3.7059908,0.7388492,-1.5041465,DG,26
194.0,4.281171,0.9181741,-0.28886625,DG,26
195.0,5.2118793,0.45700088,-1.1623784,DG,26
196.0,5.970732,1.6874985,-2.3128579,DG,26
197.0,3.0166295,2.1263323,-2.1915371,DG,26
198.0,4.1589074,0.5353994,-0.764016,DG,26
199.0,4.294027,1.7581443,-3.4802058,DG,26
200.0,4.5591693,0.34108737,-0.6510071,DG,26
201.0,6.599124,0.50926,-2.233264,DG,26
202.0,5.6480966,2.5442963,-1.9991939,DG,26
203.0,5.7265577,2.5624578,-2.256985,DG,26
204.0,5.5078998,1.9327964,-3.184824,DG,26
205.0,6.098043,0.9816262,-2.0389814,DG,26
206.0,4.3264112,1.3933929,-0.80968183,DG,26
207.0,6.1091495,2.026055,-2.399946,DG,26
208.0,4.967188,1.8846186,-2.6486268,DG,26
209.0,4.869789,2.3432407,-2.5512772,DG,26
210.0,4.0895934,1.23141,-2.224611,DG,26
211.0,4.503074,1.663094,-1.7191902,DG,26
212.0,4.70305,2.4177814,-1.552804,DG,26
213.0,5.8764524,1.6267483,-2.7980962,DG,26
214.0,5.972317,2.1478772,-2.4809344,DG,26
215.0,3.9399843,2.126615,-2.6613982,DG,26
216.0,5.33093,2.6479368,-2.2990804,DG,26
217.0,5.66197,2.4780502,-2.389131,DG,26
218.0,4.8069563,2.38288,-3.0068374,DG,26
219.0,6.5451922,0.9502245,-2.5902722,DG,26
220.0,4.4563675,2.6581807,-2.5187016,DG,26
221.0,5.685094,1.355395,-1.5446599,DG,26
222.0,6.327157,-0.07306881,-1.2088962,DG,26
223.0,5.3418345,1.2663488,-1.6489822,DG,26
224.0,5.7378488,0.5736191,-3.0115027,DG,26
225.0,5.5277133,0.9309489,-3.4988532,DG,26
226.0,6.5943513,0.24686533,-1.8393782,DG,26
227.0,5.6132426,1.9991484,-2.965334,DG,26
228.0,5.9768763,1.2192415,-2.171513,DG,26
229.0,3.1976447,0.27243677,-1.0477185,DG,26
230.0,6.577631,0.54550064,-2.1952367,DG,26
231.0,6.0268345,-0.46631575,-0.808794,DG,26
232.0,5.560832,-0.28216147,-0.48930058,DG,26
233.0,5.653946,-0.54601127,-0.7860401,DG,26
234.0,3.4803202,0.5918088,-0.9888454,DG,26
235.0,4.581753,2.6442368,-2.8316646,DG,26
236.0,5.211078,1.9706923,-3.0762312,DG,26
237.0,6.2756605,0.15962455,-0.94367045,DG,26
238.0,6.4859614,0.08842819,-1.3082423,DG,26
239.0,4.2278795,1.3554597,-2.227334,DG,26
240.0,3.7333367,2.2562456,-2.1817167,DG,26
241.0,5.139602,2.5100794,-2.573882,DG,26
242.0,4.435257,2.2056131,-3.1195986,DG,26
243.0,5.716351,0.8282167,-1.4287821,DG,26
244.0,4.552832,2.7429514,-2.4876163,DG,26
245.0,4.7327023,1.4905478,-2.4110022,DG,26
246.0,6.2465262,1.5595298,-1.7972841,DG,26
247.0,5.880289,1.5851223,-1.4554768,DG,26
248.0,4.665992,1.2531798,-0.7507532,DG,26
249.0,5.1504183,2.3708367,-2.9688046,DG,26
250.0,6.3256216,0.55151117,-2.7936902,DG,26
251.0,6.211543,0.49908942,-2.9876115,DG,26
252.0,6.2921543,1.5312169,-2.4428535,DG,26
253.0,5.209144,2.619743,-2.251555,DG,26
254.0,4.8526893,1.1444155,-3.5252717,DG,26
255.0,4.0900726,2.4276023,-2.7355397,DG,26
256.0,3.9656801,2.5589495,-2.6367095,DG,26
257.0,5.1309795,-0.20397177,-0.47036368,DG,26
258.0,4.755845,1.0830277,-1.1337699,DG,26
259.0,3.6127782,0.49001715,-3.6909568,DG,26
260.0,4.1846466,-0.17262642,-2.526087,DG,26
261.0,6.108222,-0.27627626,-1.0693432,DG,26
262.0,4.700929,-0.8320928,-0.76581514,DG,26
263.0,4.3767376,0.7540674,-0.18344139,DG,26
264.0,3.6729426,-0.17492099,-2.8951674,DG,26
265.0,4.6515117,-0.13269946,-2.3793297,DG,26
266.0,5.923775,0.81172,-0.8753474,DG,26
267.0,5.8532495,-0.015756045,-2.095948,DG,26
268.0,4.033362,2.1516178,-3.3890393,DG,26
269.0,3.1984732,1.9511116,-2.4338644,DG,26
270.0,3.6611238,1.8976979,-2.636342,DG,26
271.0,5.8926644,-0.27816522,-0.5406032,DG,26
272.0,4.0258217,1.500691,-0.87890965,DG,26
273.0,4.125286,2.64256,-2.8535056,DG,26
274.0,4.186775,1.8089961,-0.954811,DG,26
275.0,5.608277,1.1041006,-0.7054642,DG,26
276.0,5.365141,2.1048737,-1.9124184,DG,26
277.0,4.5780096,1.7128097,-2.5455933,DG,26
278.0,6.2094116,0.73899657,-2.1318154,DG,26
279.0,5.740069,1.0950261,-0.70408297,DG,26
280.0,5.6419034,0.31136653,-0.33079925,DG,26
281.0,4.5232725,2.499582,-2.5702138,DG,26
282.0,3.1840227,1.5847836,-2.6363852,DG,26
283.0,4.171347,1.7024286,-0.69622254,DG,26
284.0,5.9024167,1.5127761,-0.9984869,DG,26
285.0,6.2535214,1.2931528,-1.8063648,DG,26
286.0,5.548516,1.8863579,-3.1889532,DG,26
287.0,5.0232472,2.6166434,-2.9076726,DG,26
288.0,4.1751237,-0.025205076,-1.3801559,DG,26
289.0,6.5939646,0.30214885,-1.9827875,DG,26
290.0,5.0929885,2.7141485,-2.721339,DG,26
291.0,5.455029,2.1358323,-2.4677384,DG,26
292.0,5.979825,1.9855387,-2.3714962,DG,26
293.0,4.797508,0.5790135,-2.2113743,DG,26
294.0,5.587627,-0.62476045,-1.5390048,DG,26
295.0,6.3540316,1.4747056,-2.3390422,DG,26
296.0,5.3476,0.11436312,-1.3125666,DG,26
297.0,5.183186,-0.0674571,-0.5629394,DG,26
298.0,5.364544,0.9818591,-1.1847899,DG,26
299.0,4.8962817,2.4956188,-2.3637915,DG,26
300.0,4.6036735,1.1418375,-1.3929764,DG,26
301.0,5.425401,1.9865938,-1.8571633,DG,26
302.0,4.4145794,2.6322181,-2.2570333,DG,26
303.0,2.9901433,2.1309536,-2.232724,DG,26
304.0,5.845699,2.1869333,-2.5052156,DG,26
305.0,4.0090165,0.90546286,-1.0383468,DG,26
306.0,4.5045543,-0.5208893,-2.9725766,DG,26
307.0,4.945102,2.3662293,-3.1098886,DG,26
308.0,4.1093206,1.6828884,-2.9332206,DG,26
309.0,4.155514,0.89648914,-1.0300894,DG,26
310.0,6.0211782,1.2118044,-2.2116227,DG,26
311.0,3.7694275,0.44595477,-1.0057166,DG,26
312.0,5.183088,2.3451295,-1.9705107,DG,26
313.0,3.3645217,0.93619555,-1.3470305,DG,26
314.0,4.6681366,1.7222884,-1.0901096,DG,26
315.0,6.339933,1.4971894,-2.0964322,DG,26
316.0,3.9434915,1.9137099,-1.2431625,DG,26
317.0,5.1445704,2.7043889,-2.2687292,DG,26
318.0,4.3039093,1.5736614,-0.69193316,DG,26
319.0,4.4808283,1.1725674,-0.44429496,DG,26
320.0,4.9739556,1.0137597,-0.9876953,DG,26
321.0,5.1983166,0.026657451,-0.71757376,DG,26
322.0,4.9808908,-0.67918664,-0.6361582,DG,26
323.0,5.3824196,1.9257948,-1.8179644,DG,26
324.0,6.451055,0.558603,-1.518237,DG,26
325.0,3.9411438,1.95662,-1.3601269,DG,26
326.0,4.6094847,0.04440187,-0.6040598,DG,26
327.0,5.346571,-0.6759346,-1.0601217,DG,26
328.0,4.198496,1.9677516,-1.4898756,DG,26
329.0,3.9702137,1.2198482,-1.7101964,DG,26
330.0,4.795291,-0.07345604,-0.87726784,DG,26
331.0,5.704453,0.23661923,-0.34452093,DG,26
332.0,5.0783396,1.7390245,-1.6503512,DG,26
333.0,3.720042,2.1484652,-2.8784153,DG,26
334.0,3.3151717,1.84858,-2.2220552,DG,26
335.0,4.894789,-0.5484581,-0.55290914,DG,26
336.0,6.106496,0.75428015,-0.6299361,DG,26
337.0,3.1059227,0.4234273,-1.9487586,DG,26
338.0,3.047215,0.36921906,-1.7136493,DG,26
339.0,4.6649127,1.5064654,-2.6909435,DG,26
340.0,5.609252,-0.4851556,-0.88182044,DG,26
341.0,5.3830004,2.3260756,-1.0526975,DG,26
342.0,6.3137093,0.053348802,-1.9568448,DG,26
343.0,4.3517857,1.4910092,-1.740955,DG,26
344.0,5.905487,1.2782018,-0.9658557,DG,26
345.0,4.498748,1.8122958,-0.68182975,DG,26
346.0,5.036374,-0.508875,-0.63152987,DG,26
347.0,4.610898,0.31632876,-2.982511,DG,26
348.0,3.620044,0.25545958,-3.9019692,DG,26
349.0,6.0563087,-0.017377986,-0.97855854,DG,26
350.0,5.4257927,0.60517865,-3.4726374,DG,26
351.0,6.4904704,0.6865377,-1.602677,DG,26
352.0,5.7379093,1.0610529,-2.9779534,DG,26
353.0,6.2458596,0.85106707,-2.1818142,DG,26
354.0,5.192837,-0.76334584,-1.5732433,DG,26
355.0,6.0397778,-0.07510436,-2.5269597,DG,26
356.0,4.618742,1.6502346,-3.4641097,DG,26
357.0,4.14082,1.6181599,-1.2397046,DG,26
358.0,4.6731296,-0.36268842,-0.53257173,DG,26
359.0,5.1164403,1.7617528,-2.9896898,DG,26
360.0,3.6031597,1.857609,-1.726233,DG,26
361.0,4.095697,1.1790799,-1.3831916,DG,26
362.0,5.887382,0.4286634,-1.0010977,DG,26
363.0,3.6769974,1.716994,-1.4951143,DG,26
364.0,3.8296483,2.110672,-1.4010625,DG,26
365.0,5.961049,1.722358,-0.771944,DG,26
366.0,4.238795,-0.13872474,-1.1182369,DG,26
367.0,3.311593,0.95837796,-1.0942765,DG,26
368.0,4.9867887,2.7554297,-2.2398376,DG,26
369.0,6.075848,1.4430442,-0.6716224,DG,26
370.0,5.8313427,1.4244475,-1.2254106,DG,26
371.0,4.7231946,1.8908194,-2.1475067,DG,26
372.0,3.7085216,-0.31979683,-2.8193445,DG,26
373.0,4.295508,-0.42379877,-2.6283467,DG,26
374.0,4.4048023,-0.7827969,-2.4641912,DG,26
375.0,3.5801024,-0.38911754,-2.5663118,DG,26
376.0,5.48162,2.1313934,-0.8843915,DG,26
377.0,4.24369,-0.8303692,-2.5868878,DG,26
378.0,5.0702305,-0.6520534,-1.0728772,DG,26
379.0,5.1683693,-0.48976827,-1.4354814,DG,26
380.0,4.797752,1.5561161,-1.4164753,DG,26
381.0,4.1774926,1.3072785,-3.1904411,DG,26
382.0,4.9608765,-0.5627512,-1.6739769,DG,26
383.0,3.6694846,1.2657189,-0.8052218,DG,26
384.0,3.8981776,1.5875002,-1.0108558,DG,26
385.0,3.6654,1.5750102,-1.8827655,DG,26
386.0,3.3847136,-0.16998278,-1.7063783,DG,26
387.0,2.999519,0.18443179,-1.2305076,DG,26
388.0,3.1434724,0.97690207,-1.7247322,DG,26
389.0,4.5174065,2.6450186,-2.919877,DG,26
390.0,5.7484317,0.94534415,-0.8187026,DG,26
391.0,3.406556,0.13918969,-2.66095,DG,26
392.0,3.7087336,0.35323521,-3.8562589,DG,26
393.0,3.7983677,1.7387246,-0.9699005,DG,26
394.0,5.7207956,-0.26279652,-0.5797109,DG,26
395.0,5.8151226,-0.25503883,-0.5848103,DG,26
396.0,4.803445,0.8793205,-0.50848925,DG,26
397.0,4.6164784,1.7856884,-1.1978322,DG,26
398.0,5.0824237,0.8173114,-1.6317261,DG,26
399.0,4.9352875,0.7128236,-1.8110148,DG,26
400.0,4.3694735,1.1716788,-0.930106,DG,26
401.0,5.1538873,-0.06280771,-0.6014445,DG,26
402.0,3.36547,1.777763,-1.6601999,DG,26
403.0,5.716805,0.041534692,-0.786899,DG,26
404.0,5.978739,1.1141163,-2.254914,DG,26
405.0,5.1873345,1.5086977,-1.0253007,DG,26
406.0,4.067557,1.9403187,-2.785072,DG,26
407.0,3.7716415,0.98496807,-1.9033514,DG,26
408.0,6.213124,-0.061147097,-0.96273726,DG,26
409.0,4.297078,0.7783915,-0.5528464,DG,26
410.0,4.774386,2.0945482,-2.2367074,DG,26
411.0,5.0694704,-0.08580669,-2.2490256,DG,26
412.0,5.570968,1.9180715,-1.9953998,DG,26
413.0,6.4133615,0.9265645,-1.1695874,DG,26
414.0,4.350491,0.44290927,-1.772661,DG,26
415.0,4.853327,0.96714133,-0.55206096,DG,26
416.0,5.396713,0.2605654,-0.77493733,DG,26
417.0,4.3224654,0.24136496,-1.2930757,DG,26
418.0,5.597117,1.2885853,-1.5627884,DG,26
419.0,4.2596946,0.80569386,-0.947894,DG,26
420.0,3.397326,0.16598038,-1.2104735,DG,26
421.0,4.9393606,0.1263419,-1.0718095,DG,26
422.0,4.128402,1.9480339,-2.801094,DG,26
423.0,3.412085,0.6318704,-2.3161054,DG,26
424.0,5.4167066,2.0229003,-1.9238065,DG,26
425.0,2.933657,0.8593834,-1.9627563,DG,26
426.0,5.03031,0.3372226,-0.47402844,DG,26
427.0,6.1476645,-0.1683182,-1.6531271,DG,26
428.0,5.4527435,-0.39305916,-1.0007876,DG,26
429.0,4.7161026,0.7384462,-3.2708702,DG,26
430.0,3.3100255,2.1004603,-1.8582726,DG,26
431.0,3.6415033,1.5949625,-1.1738884,DG,26
432.0,4.1605663,1.3299141,-1.3946145,DG,26
433.0,4.0641108,0.14784798,-3.6164808,DG,26
434.0,3.986117,2.1042175,-2.1215582,DG,26
435.0,3.667128,-0.030461438,-2.8883905,DG,26
436.0,3.3653128,-0.22153771,-1.9960655,DG,26
437.0,3.7554278,0.043824807,-3.7488792,DG,26
438.0,4.2904677,0.18919298,-3.1623032,DG,26
439.0,2.9772491,2.0430057,-2.281567,DG,26
440.0,3.1170475,0.25063795,-1.108135,DG,26
441.0,4.99385,0.9448478,-0.6339396,DG,26
442.0,3.9834256,2.3188436,-2.81882,DG,26
443.0,5.8083124,1.2717184,-2.6450949,DG,26
444.0,3.4111638,0.20928288,-2.5606477,DG,26
445.0,4.400571,-0.37615573,-2.9814293,DG,26
446.0,4.5004272,-0.4200088,-3.1357753,DG,26
447.0,4.468058,2.046721,-2.487456,DG,26
448.0,3.7221835,1.6100665,-1.7188922,DG,26
449.0,3.8289578,-0.3628088,-2.8692791,DG,26
450.0,4.301005,1.0263361,-2.8076193,DG,26
451.0,4.2904124,0.8621935,-1.1016849,DG,26
452.0,3.7994149,0.7285729,-1.5659492,DG,26
453.0,5.4393744,0.31708592,-1.3356072,DG,26
454.0,5.576186,0.31640914,-3.2187164,DG,26
455.0,3.4717495,1.5756565,-2.4504588,DG,26
456.0,3.6540804,1.0065506,-3.5142338,DG,26
457.0,5.9007564,1.3230839,-2.8364873,DG,26
458.0,5.717478,-0.5874587,-1.4965628,DG,26
459.0,4.180382,2.3950622,-2.954962,DG,26
460.0,4.0836363,2.4033327,-2.8357263,DG,26
461.0,5.1473236,-0.4833998,-1.384699,DG,26
462.0,5.436794,0.31034288,-0.7950371,DG,26
463.0,6.0259266,0.4281311,-0.7577077,DG,26
464.0,5.5836897,0.19805932,-2.9188566,DG,26
465.0,6.122483,1.6360286,-2.6146166,DG,26
466.0,4.9415298,0.6473047,-3.3713193,DG,26
467.0,2.9659395,0.6003284,-1.6432166,DG,26
468.0,4.8867707,-0.05845094,-2.1973374,DG,26
469.0,4.239877,0.23161134,-2.7536013,DG,26
470.0,4.581171,-0.1986301,-2.5184455,DG,26
471.0,5.255866,0.11734823,-1.3998274,DG,26
472.0,2.9787438,0.19802059,-1.3068017,DG,26
473.0,4.9963717,2.4437027,-1.6641046,DG,26
474.0,6.5713925,0.16726272,-1.8662524,DG,26
475.0,3.1690867,0.69369626,-1.1931155,DG,26
476.0,3.072433,0.2029055,-1.8199632,DG,26
477.0,4.839131,-0.11288972,-2.260799,DG,26
478.0,4.8510804,-0.61034405,-1.5831836,DG,26
479.0,5.661772,-0.57965505,-1.1829575,DG,26
480.0,5.287198,0.054225277,-0.88136536,DG,26
481.0,5.3176227,-0.3149327,-1.3712022,DG,26
482.0,5.521961,0.31265682,-0.30166116,DG,26
483.0,4.9612803,0.5032397,-1.4873738,DG,26
484.0,3.9772608,-0.13700886,-1.4374088,DG,26
485.0,4.862101,0.34705415,-1.4897636,DG,26
486.0,4.948436,-0.57993084,-0.58738005,DG,26
487.0,4.894202,-0.018948838,-0.4990737,DG,26
488.0,4.2564554,-0.35221767,-0.9848829,DG,26
489.0,4.1560864,-0.40956047,-2.3829157,DG,26
490.0,4.0697756,1.312158,-1.2045262,DG,26
491.0,5.008555,-0.7776816,-1.2341284,DG,26
492.0,5.020213,1.7612549,-1.7820786,DG,26
493.0,3.504332,1.4655908,-2.5817075,DG,26
494.0,3.858922,0.80004597,-1.2984554,DG,26
495.0,3.7540996,1.0958295,-1.3535392,DG,26
496.0,4.1773686,0.91225,-0.6618305,DG,26
497.0,4.3024335,-0.8115048,-2.1206508,DG,26
498.0,5.1264625,-0.4003301,-0.57710814,DG,26
499.0,4.96796,0.07500729,-1.5813981,DG,26
500.0,5.276223,0.070197545,-2.714927,DG,26
501.0,5.7127824,0.73098093,-0.7943618,DG,26
502.0,4.134773,0.013610126,-1.2270554,DG,26
503.0,4.3475456,1.3148402,-0.34776998,DG,26
504.0,5.964977,0.60617167,-2.6006782,DG,26
505.0,3.188812,2.039335,-2.1049323,DG,26
506.0,4.7512913,-0.2163982,-1.5881824,DG,26
507.0,3.2194247,0.35393694,-2.6738672,DG,26
508.0,3.4715273,0.76520306,-3.1502814,DG,26
509.0,3.230366,1.6951282,-2.599029,DG,26
510.0,3.6811235,0.14725316,-3.8512223,DG,26
511.0,5.714134,-0.005068196,-2.3490388,DG,26
512.0,4.356138,-0.4391407,-1.6110678,DG,26
513.0,3.4546103,1.0079349,-2.757392,DG,26
514.0,4.310144,-0.06046506,-1.2540895,DG,26
515.0,4.5527525,-0.011692612,-1.5413758,DG,26
516.0,4.210998,-0.48109233,-1.7667991,DG,26
517.0,5.9011517,-0.5290864,-2.3838255,DG,26
518.0,5.3886847,2.3169923,-2.3870556,DG,26
519.0,4.1936193,1.5066391,-1.7955059,DG,26
520.0,4.262681,0.21312352,-1.4086341,DG,26
521.0,3.2961097,0.32429242,-2.6594915,DG,26
522.0,5.4692955,0.7172499,-3.102415,DG,26
523.0,4.2606173,0.83465964,-1.7581402,DG,26
524.0,4.229746,-0.6344105,-2.6044786,DG,26
525.0,4.290558,1.5451256,-1.9158102,DG,26
526.0,6.0319867,-0.20954993,-2.418088,DG,26
527.0,4.4834347,0.618216,-1.9277084,DG,26
528.0,3.411094,-0.11411503,-2.7109394,DG,26
529.0,5.5456815,-0.5677683,-1.2406486,DG,26
530.0,6.023747,0.5664121,-1.549853,DG,26
531.0,3.7054133,0.19727553,-2.7558694,DG,26
532.0,4.039296,-0.66026455,-2.7194078,DG,26
533.0,3.2899837,0.12558953,-2.4211693,DG,26
534.0,4.9393134,0.286122,-1.146419,DG,26
535.0,4.0017157,0.36434343,-2.7408078,DG,26
536.0,5.339774,2.0445068,-1.3493559,DG,26
537.0,3.0300539,1.3983912,-1.7878816,DG,26
538.0,3.3369935,2.339018,-1.3286905,DG,26
539.0,5.2041345,0.891146,-3.0663722,DG,26
540.0,5.713413,-0.5826117,-1.6347204,DG,26
541.0,5.2806005,0.22984003,-1.6256332,DG,26
542.0,6.181887,0.4870423,-0.63182956,DG,26
543.0,4.2999487,-0.48531842,-3.0271876,DG,26
544.0,4.2367897,-0.7710469,-2.3504493,DG,26
545.0,3.1282506,0.18912917,-2.0250347,DG,26
546.0,4.566833,0.04010232,-1.2322123,DG,26
547.0,6.196846,1.084125,-1.4150758,DG,26
548.0,4.864992,2.5463054,-2.0568001,DG,26
549.0,3.8626177,1.8913167,-1.0520977,DG,26
550.0,3.5466027,2.3351412,-1.6909065,DG,26
551.0,3.9669101,1.5954525,-2.8289652,DG,26
552.0,3.5392554,0.748987,-2.5452464,DG,26
553.0,3.2288551,0.27454585,-1.2452354,DG,26
554.0,5.6331143,1.9478148,-0.97586215,DG,26
555.0,4.511261,1.4367888,-1.5532207,DG,26
556.0,4.0065928,1.1199951,-1.6251516,DG,26
557.0,4.105187,-0.0046278187,-1.5672213,DG,26
558.0,6.4727874,0.8616691,-2.6408725,DG,26
559.0,4.3354435,1.3611528,-3.0419693,DG,26
560.0,6.009539,1.9092298,-1.601237,DG,26
561.0,3.5053692,1.914299,-2.1385694,DG,26
562.0,5.211017,-0.020182239,-1.623291,DG,26
563.0,4.2178817,0.9898933,-1.7050214,DG,26
564.0,4.07045,-0.2702223,-2.8615746,DG,26
565.0,3.5517585,2.3729143,-2.1248188,DG,26
566.0,4.7550797,-0.6099453,-0.90864,DG,26
567.0,4.803521,0.45741653,-1.3332381,DG,26
568.0,3.0988286,0.37889546,-1.8757502,DG,26
569.0,3.877414,-0.16687353,-2.09009,DG,26
570.0,3.5095732,0.9152914,-2.3195598,DG,26
571.0,4.8178887,-0.48759305,-1.0271578,DG,26
572.0,4.409874,-0.23857248,-0.9932876,DG,26
573.0,4.7104125,1.4796885,-3.3588367,DG,26
574.0,5.9354362,0.16039301,-1.9107579,DG,26
575.0,5.443125,0.127067,-1.5679365,DG,26
576.0,5.2829375,0.015763225,-2.131705,DG,26
577.0,3.6150439,-0.0562735,-2.149843,DG,26
578.0,3.4692216,1.3897026,-2.5652196,DG,26
579.0,3.6477516,0.16101907,-3.8719957,DG,26
580.0,3.7674994,-0.23689437,-3.451939,DG,26
581.0,3.8237166,-0.03462799,-2.1294532,DG,26
582.0,3.4418533,1.420525,-2.0305343,DG,26
583.0,4.072449,0.61622304,-1.647886,DG,26
584.0,5.8861737,0.1134134,-0.83647853,DG,26
585.0,5.136783,0.2263903,-2.0284872,DG,26
586.0,3.3454154,2.1512008,-1.9629425,DG,26
587.0,5.7784944,0.14164299,-1.4760927,DG,26
588.0,4.075429,0.568395,-3.5733962,DG,26
589.0,3.749565,-0.018908877,-2.2395844,DG,26
590.0,4.8910933,-0.54955924,-1.9388494,DG,26
591.0,3.3260338,1.4721805,-2.3300936,DG,26
592.0,3.7733123,0.034489434,-3.7024918,DG,26
593.0,6.220042,-0.2954424,-2.0835683,DG,26
594.0,3.5264795,0.17421053,-2.01485,DG,26
595.0,3.5648494,0.37633938,-3.8873513,DG,26
596.0,5.6024837,-0.29755753,-1.0090913,DG,26
597.0,3.5806816,0.17870435,-0.94783914,DG,26
598.0,3.0260513,0.9078963,-2.2010128,DG,26
599.0,3.835,-0.2548654,-3.2622213,DG,26
600.0,4.6648912,0.6426301,-2.6661978,DG,26
601.0,4.3203135,-0.8278954,-2.432726,DG,26
602.0,3.0241685,0.50927126,-2.191469,DG,26
603.0,3.3535786,0.99498284,-2.4989257,DG,26
604.0,4.588055,0.6024591,-1.3963522,DG,26
605.0,3.889818,-0.061453998,-1.7476438,DG,26
606.0,4.0607,-0.6409692,-2.6480315,DG,26
607.0,5.209268,2.480611,-1.297607,DG,26
608.0,4.57153,0.4716761,-0.29023716,DG,26
609.0,3.6553025,-0.2186949,-1.8872184,DG,26
610.0,4.520065,0.3290611,-1.6041383,DG,26
611.0,3.6825144,-0.17663927,-1.3322601,DG,26
612.0,3.4440181,1.0145656,-2.3157287,DG,26
613.0,3.8564134,0.20902221,-1.9644872,DG,26
614.0,4.21225,1.1950597,-0.4793295,DG,26
615.0,3.3849843,1.6878272,-1.2065836,DG,26
616.0,4.0073442,-0.62615305,-2.6671698,DG,26
617.0,4.036902,-0.4043035,-1.8632802,DG,26
618.0,3.6498146,1.2065225,-1.8248554,DG,26
619.0,3.733782,1.6896851,-1.6506717,DG,26
620.0,3.997453,0.49268472,-2.0941067,DG,26
621.0,5.149048,-0.00914789,-1.965907,DG,26
622.0,5.358405,1.3596076,-0.79617065,DG,26
623.0,5.4859076,1.1561278,-0.8486405,DG,26
624.0,4.9115386,-0.4344572,-1.3570118,DG,26
625.0,5.5499268,-0.32845622,-1.3456669,DG,26
626.0,4.880583,-0.043174867,-1.6306788,DG,26
627.0,5.0409884,-0.61913157,-0.7832284,DG,26
628.0,5.6718,2.3359277,-1.7149976,DG,26
629.0,4.214293,0.29463756,-0.45719513,DG,26
630.0,6.2356596,0.70162594,-0.71280575,DG,26
631.0,5.314078,0.1660316,-2.7899785,DG,26
632.0,5.9377427,-0.23842427,-2.4466267,DG,26
633.0,3.2231646,0.3039705,-1.8244147,DG,26
634.0,4.668883,-0.088121444,-0.85094374,DG,26
635.0,3.903151,0.6387731,-2.4318955,DG,26
636.0,5.7473173,0.19821312,-0.43204254,DG,26
637.0,4.434441,-0.059918392,-2.8899298,DG,26
638.0,3.7574556,1.9572548,-1.4230529,DG,26
639.0,4.6057463,0.06890085,-1.5126541,DG,26
640.0,4.712731,-0.19902924,-2.2566743,DG,26
641.0,3.8021638,0.36156625,-2.62985,DG,26
642.0,3.8314779,2.122241,-2.998677,DG,26
643.0,3.2706547,1.6308254,-2.4891045,DG,26
644.0,4.638509,0.20419447,-1.2442329,DG,26
645.0,5.747433,0.8131011,-1.7560543,DG,26
646.0,5.1111917,0.8954649,-2.753439,DG,26
647.0,3.700106,1.8904079,-2.7015803,DG,26
648.0,4.399056,0.47108838,-1.6008145,DG,26
649.0,5.712091,-0.4892287,-2.0965366,DG,26
650.0,5.792114,-0.19530442,-2.446571,DG,26
651.0,5.3766527,1.2479445,-3.3505464,DG,26
652.0,4.094952,1.4336339,-2.7334058,DG,26
653.0,3.4799519,1.5388067,-2.4429026,DG,26
654.0,5.00557,0.29370484,-0.49760807,DG,26
655.0,5.092255,-0.6931559,-1.0636916,DG,26
656.0,4.40969,2.0270417,-3.4512827,DG,26
657.0,3.5375094,0.5313015,-3.5644853,DG,26
658.0,5.357227,0.5948885,-1.5072709,DG,26
659.0,5.388903,-0.028964426,-1.2831031,DG,26
660.0,4.1423144,1.5295119,-3.1578484,DG,26
661.0,4.2299657,2.3082604,-2.8278728,DG,26
662.0,4.181704,1.4788879,-1.3899896,DG,26
663.0,5.922296,-0.513163,-1.3635136,DG,26
664.0,6.34775,1.0972837,-1.4520566,DG,26
665.0,3.8782904,1.6317865,-2.7308972,DG,26
666.0,3.412481,2.3024786,-1.2471737,DG,26
667.0,4.1223726,2.4854977,-2.5940526,DG,26
668.0,4.777651,-0.36145294,-1.1425045,DG,26
669.0,5.2540965,-0.15835394,-2.8138041,DG,26
670.0,4.2475314,0.6465196,-0.8691658,DG,26
671.0,4.374392,0.28084832,-0.6530979,DG,26
672.0,4.8039894,0.75404155,-1.7476096,DG,26
673.0,4.414559,1.3963252,-3.5885031,DG,26
674.0,5.5606503,0.9569709,-3.2196367,DG,26
675.0,4.7119136,-0.71560895,-0.84165555,DG,26
676.0,4.9276385,-0.28997985,-2.1344037,DG,26
677.0,5.253965,0.66947824,-2.518907,DG,26
678.0,4.6083946,0.057490103,-1.3512672,DG,26
679.0,3.8963442,0.13643138,-3.5574937,DG,26
680.0,5.1760387,0.16059837,-3.1814375,DG,26
681.0,5.6500816,2.480252,-1.1394739,DG,26
682.0,4.8085713,0.6889723,-3.0742915,DG,26
683.0,4.887955,0.5387908,-2.35661,DG,26
684.0,4.9132724,0.7554107,-2.2262676,DG,26
685.0,5.435078,0.26798913,-3.2819843,DG,26
686.0,6.1639204,1.3837073,-1.5443356,DG,26
687.0,5.574685,0.18112177,-2.959474,DG,26
688.0,5.79143,-0.26534328,-0.58835477,DG,26
689.0,5.594526,0.24569161,-2.8566287,DG,26
690.0,5.2028174,0.5960511,-2.6174214,DG,26
691.0,4.9863944,1.1486019,-3.4021518,DG,26
692.0,3.882282,0.4747871,-3.3159702,DG,26
693.0,3.6120362,0.5211095,-3.818659,DG,26
694.0,5.1053925,0.15898587,-1.2623078,DG,26
695.0,5.2168784,0.2194684,-0.87123114,DG,26
696.0,3.8786173,0.2305875,-3.6876223,DG,26
697.0,3.6784832,1.5087928,-2.6085584,DG,26
698.0,3.429473,1.6670914,-2.1547995,DG,26
699.0,6.2196603,-0.065912925,-1.1477453,DG,26
700.0,5.467848,0.21191496,-3.0419266,DG,26
701.0,5.807789,0.22760573,-2.853781,DG,26
702.0,4.9752235,2.1129172,-3.187417,DG,26
703.0,4.456995,1.1220748,-2.369797,DG,26
704.0,5.8604207,0.518862,-2.5695179,DG,26
705.0,4.7149296,0.7901839,-3.070808,DG,26
706.0,5.6355915,0.19844267,-0.73743904,DG,26
707.0,4.730228,0.85777175,-3.3991387,DG,26
708.0,4.8895035,1.0439276,-3.1306422,DG,26
709.0,3.73965,0.4546473,-3.4438398,DG,26
710.0,5.4158616,0.0947711,-2.107393,DG,26
711.0,4.566425,1.8799222,-3.5167124,DG,26
712.0,6.1604567,1.7354227,-2.5262053,DG,26
713.0,4.482765,1.8212403,-2.4721458,DG,26
714.0,5.8046885,0.38486207,-2.8005242,DG,26
715.0,5.2257934,1.3044531,-3.2120802,DG,26
716.0,4.935066,2.5508907,-2.8278887,DG,26
717.0,6.3976398,0.031054957,-1.726615,DG,26
718.0,5.862953,-0.24870418,-1.7547687,DG,26
719.0,5.538382,2.5331717,-1.1495974,DG,26
720.0,3.7983055,0.23866196,-3.7295113,DG,26
721.0,6.0761986,0.75005853,-2.3160498,DG,26
722.0,5.885532,0.7152335,-2.9450297,DG,26
723.0,4.649257,1.1885029,-3.3013856,DG,26
724.0,4.3656845,0.7819878,-3.475601,DG,26
725.0,5.2609744,0.17470051,-3.3848104,DG,26
726.0,3.7285085,0.6920329,-3.1746204,DG,26
727.0,3.3968165,2.1005504,-2.092826,DG,26
728.0,3.5754378,0.10547327,-2.1332664,DG,26
729.0,3.9373336,-0.035668343,-1.2943946,DG,26
730.0,5.3255377,0.46554574,-2.9887435,DG,26
731.0,5.9201803,0.6104585,-2.9769008,DG,26
732.0,6.305446,0.176469,-1.5493394,DG,26
733.0,6.0799813,1.5383353,-1.668552,DG,26
734.0,6.280276,0.13885336,-1.5718374,DG,26
735.0,6.2793813,-0.16956364,-2.2337482,DG,26
736.0,4.7807183,1.9656665,-3.3405664,DG,26
737.0,3.7600217,0.13308173,-1.3532157,DG,26
738.0,4.653644,0.7008139,-1.0428954,DG,26
739.0,3.3759418,0.46259394,-1.0978913,DG,26
740.0,4.807789,0.9580446,-2.268982,DG,26
741.0,3.623485,0.7261396,-2.0821366,DG,26
742.0,3.7554142,-0.20864253,-1.5491616,DG,26
743.0,4.826915,-0.26551917,-1.0854009,DG,26
744.0,4.731629,0.9016335,-1.7641491,DG,26
745.0,4.2095017,-0.76214737,-2.6455925,DG,26
746.0,5.1171145,-0.32961157,-2.2305362,DG,26
747.0,4.6418395,1.4821844,-3.5952473,DG,26
748.0,3.5460374,1.1736045,-2.3002079,DG,26
749.0,5.678214,0.10103189,-1.4011902,DG,26
750.0,5.338015,0.4052437,-2.4992325,DG,26
751.0,4.356434,-0.29871044,-3.295665,DG,26
752.0,3.6365454,0.35214704,-2.7152705,DG,26
753.0,4.572715,1.3822452,-3.499915,DG,26
754.0,5.1106815,1.3728427,-2.2510245,DG,26
755.0,5.3426056,0.2905186,-3.3667824,DG,26
756.0,4.5516644,1.302285,-2.2485642,DG,26
757.0,3.8435464,0.82958555,-3.709825,DG,26
758.0,4.0625963,-0.23213387,-2.933928,DG,26
759.0,5.444883,1.1898803,-3.3685424,DG,26
760.0,4.408657,0.8980974,-3.2969563,DG,26
761.0,4.2800865,0.7602077,-3.5319293,DG,26
762.0,4.3883047,2.0678463,-3.0406792,DG,26
763.0,2.9374306,0.5676551,-1.9262868,DG,26
764.0,5.18638,0.60192174,-2.6901069,DG,26
765.0,5.3867736,-0.17418808,-2.5305324,DG,26
766.0,6.188139,0.13655137,-2.5873988,DG,26
767.0,4.9352875,2.2087064,-3.1018696,DG,26
768.0,5.921745,0.24434306,-1.9364313,DG,26
769.0,5.065805,0.07258282,-3.1267285,DG,26
770.0,5.824078,0.07183651,-2.3240385,DG,26
771.0,4.505458,1.6895055,-3.1078527,DG,26
772.0,3.8979707,1.4357376,-2.0643995,DG,26
773.0,2.9847043,2.1317081,-2.2586896,DG,26
774.0,4.7905245,-0.03139889,-0.6897191,DG,26
775.0,3.7097704,0.41186708,-3.7429533,DG,26
776.0,3.6481786,2.071241,-2.8016622,DG,26
777.0,5.3651967,1.5743357,-1.7627491,DG,26
778.0,4.6965737,1.1875613,-2.983667,DG,26
779.0,5.9530377,-0.5772548,-1.777633,DG,26
780.0,5.9190764,-0.45812026,-2.2474868,DG,26
781.0,4.506108,1.8359009,-3.5015206,DG,26
782.0,4.4658403,1.7993989,-3.5547087,DG,26
783.0,5.0909305,0.95940506,-3.0908523,DG,26
784.0,5.7389026,-0.42815128,-1.7269357,DG,26
785.0,4.7040753,2.2316484,-3.1624444,DG,26
786.0,3.4872277,1.9665056,-2.3315241,DG,26
787.0,3.6720946,1.3984964,-2.0687127,DG,26
788.0,5.9494257,-0.5171082,-2.127102,DG,26
789.0,6.379447,0.42752546,-2.7009916,DG,26
790.0,3.137311,0.44837603,-2.395974,DG,26
791.0,4.5951543,0.6365366,-1.8836168,DG,26
792.0,4.298979,0.32219315,-2.2068775,DG,26
793.0,3.9030213,-0.39610577,-2.354322,DG,26
794.0,6.189775,0.055850442,-1.1060385,DG,26
795.0,5.4153523,-0.25435314,-2.2227173,DG,26
796.0,4.005267,1.3000035,-2.030108,DG,26
797.0,4.4786186,0.9997949,-3.3616238,DG,26
798.0,6.0381837,-0.16122806,-1.039107,DG,26
799.0,6.037037,1.1984771,-2.484763,DG,26
800.0,4.3188906,1.4313366,-2.9996042,DG,26
801.0,4.5157523,1.7009268,-3.1124291,DG,26
802.0,6.161007,0.28991252,-1.171365,DG,26
803.0,6.017013,-0.21068367,-2.347439,DG,26
804.0,6.0974813,0.5827076,-2.7278452,DG,26
805.0,5.893631,0.8297257,-1.7575785,DG,26
806.0,6.165437,-0.2810349,-1.2726821,DG,26
807.0,6.132966,-0.17062922,-1.2629057,DG,26
808.0,5.9970374,-0.49087453,-1.3712507,DG,26
809.0,5.935911,0.08087466,-2.3498476,DG,26
810.0,4.3419,0.80202,-0.99390507,DG,26
811.0,5.811901,-0.14427795,-2.609223,DG,26
812.0,3.3341146,1.2477955,-2.151177,DG,26
813.0,3.7749395,0.661531,-2.965184,DG,26
814.0,3.7565682,0.14964439,-0.894759,DG,26
815.0,6.583235,0.13594538,-2.2130992,DG,26
816.0,3.287774,1.0449687,-2.3367016,DG,26
817.0,3.388082,1.3325808,-2.1272733,DG,26
818.0,5.5162,2.4021885,-0.8766578,DG,26
819.0,6.001165,1.3758577,-0.83376485,DG,26
820.0,6.6198263,0.2441684,-2.171998,DG,26
821.0,3.1853118,0.5285919,-2.2345493,DG,26
822.0,5.547957,2.0007145,-0.8136903,DG,26
823.0,2.979245,0.63289696,-1.7927734,DG,26
824.0,2.996833,0.14735095,-1.2779851,DG,26
825.0,5.835312,1.3076679,-1.1358736,DG,26
826.0,3.5570827,0.59125966,-3.5448282,DG,26
827.0,5.9238677,1.5971878,-0.8374777,DG,26
828.0,5.266686,0.44158542,-2.6345665,DG,26
829.0,4.538118,-0.5971463,-1.2679775,DG,26
830.0,3.9704301,2.283905,-2.759167,DG,26
831.0,4.250224,-0.645762,-2.4276574,DG,26
832.0,3.8348613,2.3502119,-2.6398764,DG,26
833.0,4.503316,-0.45819902,-3.0103314,DG,26
834.0,4.9613585,0.5369965,-2.5932548,DG,26
835.0,2.9958694,0.63918984,-1.7102385,DG,26
836.0,4.447329,0.718744,-0.7558216,DG,26
837.0,4.6486835,0.117295004,-2.614749,DG,26
838.0,4.0644293,-0.552159,-2.6255107,DG,26
839.0,5.480853,2.1682622,-0.83964765,DG,26
840.0,4.4791775,0.77594006,-1.8469145,DG,26
841.0,4.7455955,0.9678879,-1.2576501,DG,26
842.0,5.7593746,1.3689058,-0.8509834,DG,26
843.0,4.7642117,0.8976376,-2.4027364,DG,26
844.0,5.0127025,1.5989684,-3.14385,DG,26
845.0,4.736858,1.0906484,-1.1600559,DG,26
846.0,4.1079793,2.3279006,-2.4106257,DG,26
847.0,4.819836,1.2760615,-2.8234186,DG,26
848.0,4.423509,1.7166904,-0.6914606,DG,26
849.0,5.781878,-0.056959633,-2.5750303,DG,26
850.0,3.7115576,0.7785401,-2.6689513,DG,26
851.0,5.4974747,2.5149713,-1.1356192,DG,26
852.0,3.712697,0.69343704,-2.4774375,DG,26
853.0,4.1081347,-0.1626159,-3.50786,DG,26
854.0,4.5781317,-0.07548203,-2.7488353,DG,26
855.0,4.982564,1.6088078,-1.7257079,DG,26
856.0,3.3771584,1.2864951,-3.029244,DG,26
857.0,3.3368802,1.2665033,-2.1583207,DG,26
858.0,4.180403,-0.6180121,-2.2572384,DG,26
859.0,5.4374695,1.7280098,-2.8060923,DG,26
860.0,4.4984927,1.2365502,-3.4468915,DG,26
861.0,3.8566134,-0.31710455,-2.9316816,DG,26
862.0,4.936912,2.6768272,-2.636373,DG,26
863.0,4.9631033,1.5549649,-1.6199604,DG,26
864.0,5.6987224,1.6661974,-2.6509352,DG,26
865.0,5.730172,2.0177164,-2.5249362,DG,26
866.0,5.666789,1.7508703,-2.789548,DG,26
867.0,6.048671,1.8838757,-2.5428858,DG,26
868.0,5.0142384,1.5399141,-2.51476,DG,26
869.0,4.333186,1.5706409,-2.1638572,DG,26
870.0,5.4510326,1.4194158,-2.47822,DG,26
871.0,5.380753,1.6037982,-2.9019513,DG,26
872.0,5.1153855,1.5973707,-3.2213619,DG,26
873.0,5.6606355,2.1492736,-2.514287,DG,26
874.0,5.075814,1.5430536,-3.0801406,DG,26
875.0,5.974081,0.6531422,-2.1197603,DG,26
876.0,6.2634892,1.5423796,-1.8521482,DG,26
877.0,5.6217084,1.3750521,-2.4520123,DG,26
878.0,6.0817866,1.942528,-1.3407317,DG,26
879.0,5.1138062,1.851775,-3.1308432,DG,26
880.0,5.196962,1.8654708,-2.5500457,DG,26
881.0,4.3805594,1.3992566,-2.075047,DG,26
882.0,5.9212523,1.0519781,-2.2920034,DG,26
883.0,5.6880307,1.5073961,-3.0229814,DG,26
884.0,4.765038,2.2814226,-2.7909505,DG,26
885.0,5.2460456,1.4664794,-2.9568727,DG,26
886.0,5.0414295,0.3657586,-3.1444497,DG,26
887.0,4.6315975,2.0852103,-2.7069583,DG,26
888.0,5.0171757,0.7020697,-2.9513378,DG,26
889.0,4.5597944,1.0650861,-1.5950875,DG,26
890.0,5.72867,0.97406584,-2.9310431,DG,26
891.0,4.6994267,1.1894082,-2.8992078,DG,26
892.0,4.820376,1.9151548,-2.4983902,DG,26
893.0,5.7939644,0.8026687,-2.8535903,DG,26
894.0,5.116739,1.9033191,-1.2521303,DG,26
895.0,4.4384565,2.3047893,-2.527624,DG,26
896.0,5.914861,1.6119388,-0.68794185,DG,26
897.0,5.6230135,1.4972409,-2.6298847,DG,26
898.0,5.0908246,2.3766904,-2.348993,DG,26
899.0,5.750325,1.1120431,-2.525126,DG,26
0.0,10.090188,7.752867,3.7979922,LGd,82
1.0,9.251792,9.3847885,3.6671107,LGd,82
2.0,8.973099,9.248062,3.7077944,LGd,82
3.0,8.988974,9.120254,3.823858,LGd,82
4.0,8.971671,9.132782,3.937731,LGd,82
5.0,9.275241,9.354248,3.8519793,LGd,82
6.0,9.217878,9.39029,3.856303,LGd,82
7.0,9.32111,9.244231,3.998039,LGd,82
8.0,9.579874,8.965734,4.5339093,LGd,82
9.0,9.2364235,5.1407437,4.543199,LGd,82
10.0,9.152841,5.072393,4.5514994,LGd,82
11.0,9.127289,5.2109027,4.393784,LGd,82
12.0,9.168709,5.189547,4.517119,LGd,82
13.0,9.303188,5.2145333,4.524385,LGd,82
14.0,9.240554,5.1274467,4.498762,LGd,82
15.0,9.270038,5.1933026,4.440131,LGd,82
16.0,9.205923,5.1377926,4.483929,LGd,82
17.0,9.182539,5.0993476,4.467449,LGd,82
18.0,9.311738,5.203799,4.484153,LGd,82
19.0,9.808873,5.5695205,4.4566774,LGd,82
20.0,9.593988,5.7546687,4.3502026,LGd,82
21.0,9.678104,5.8822355,4.4288983,LGd,82
22.0,9.665462,5.5668297,4.48019,LGd,82
23.0,9.321166,6.4109664,5.4018393,LGd,82
24.0,9.273596,6.4592395,5.3355155,LGd,82
25.0,8.828062,5.813241,4.328512,LGd,82
26.0,9.63375,6.5984592,5.3484054,LGd,82
27.0,8.5992565,6.5018215,4.2498116,LGd,82
28.0,8.728872,6.213949,4.728024,LGd,82
29.0,8.863636,6.294811,4.939325,LGd,82
30.0,8.429764,6.1771097,4.473707,LGd,82
31.0,8.965982,5.9505515,3.859875,LGd,82
32.0,9.096429,5.8931417,4.1430316,LGd,82
33.0,8.831444,6.050844,4.031635,LGd,82
34.0,8.325528,6.820046,3.9720988,LGd,82
35.0,7.954476,7.781697,3.269687,LGd,82
36.0,8.783782,6.5321856,3.831937,LGd,82
37.0,10.569709,5.7344327,3.9073718,LGd,82
38.0,7.9825325,6.700849,3.6479926,LGd,82
39.0,8.336035,6.6436896,4.373824,LGd,82
40.0,8.391947,6.657964,4.3750834,LGd,82
41.0,9.4363985,6.644482,5.3413663,LGd,82
42.0,9.795732,6.3700004,4.9696274,LGd,82
43.0,8.557546,6.168431,4.834035,LGd,82
44.0,8.490087,6.173075,4.729761,LGd,82
45.0,8.451468,6.192585,4.694936,LGd,82
46.0,8.412075,6.4226956,4.591644,LGd,82
47.0,9.217354,6.875874,5.3741517,LGd,82
48.0,8.806843,6.273209,4.9004445,LGd,82
49.0,8.708097,6.225239,4.8360753,LGd,82
50.0,9.015741,6.73958,5.0539126,LGd,82
51.0,8.99878,7.0112715,5.056698,LGd,82
52.0,8.83878,6.5574317,4.458712,LGd,82
53.0,9.145695,6.785524,4.942461,LGd,82
54.0,8.984538,6.913291,5.0585217,LGd,82
55.0,9.11658,6.8476777,4.722957,LGd,82
56.0,9.11643,6.7758446,4.87273,LGd,82
57.0,10.134611,5.8929935,3.0372748,LGd,82
58.0,9.585699,5.507229,4.039306,LGd,82
59.0,9.035916,5.6905494,4.070626,LGd,82
60.0,9.557218,5.594439,4.1986775,LGd,82
61.0,9.785106,5.5556874,4.34925,LGd,82
62.0,9.63793,5.832577,4.538151,LGd,82
63.0,7.703104,7.8316917,2.5367577,LGd,82
64.0,7.900459,7.9818153,2.6839364,LGd,82
65.0,9.67541,8.712692,3.074206,LGd,82
66.0,9.627607,8.787907,3.0118608,LGd,82
67.0,9.989385,8.662372,2.8191733,LGd,82
68.0,9.925353,8.581391,2.8323114,LGd,82
69.0,10.078125,8.213825,2.686808,LGd,82
70.0,9.926743,8.432523,2.6521652,LGd,82
71.0,9.78092,8.539763,2.691261,LGd,82
72.0,9.863564,8.6681385,2.743945,LGd,82
73.0,9.597309,8.652921,2.7451684,LGd,82
74.0,9.063744,8.676237,3.442731,LGd,82
75.0,8.679589,8.5140915,3.4700458,LGd,82
76.0,9.187296,8.222367,3.352128,LGd,82
77.0,8.462957,8.411365,3.7847414,LGd,82
78.0,8.597693,8.418657,3.0076427,LGd,82
79.0,8.011035,8.343132,2.8086517,LGd,82
80.0,7.943768,8.187918,2.7024674,LGd,82
81.0,8.011368,8.181717,2.7165875,LGd,82
82.0,8.078655,8.165686,2.5615983,LGd,82
83.0,8.012242,8.102243,2.6525252,LGd,82
84.0,8.002211,8.156137,2.7080772,LGd,82
85.0,8.080576,8.097235,2.5910232,LGd,82
86.0,8.262971,8.361955,2.891042,LGd,82
87.0,9.62888,7.3644004,4.49789,LGd,82
88.0,9.576948,6.5595527,4.746799,LGd,82
89.0,8.920577,7.494067,4.732012,LGd,82
90.0,9.094046,7.462127,4.676822,LGd,82
91.0,10.296271,6.889736,4.664152,LGd,82
92.0,10.307401,7.207912,4.6870456,LGd,82
93.0,9.528522,6.6250873,5.514333,LGd,82
94.0,9.4590645,6.5856595,5.479406,LGd,82
95.0,9.6689005,6.820584,5.3125486,LGd,82
96.0,9.846891,6.612851,5.376968,LGd,82
97.0,9.626671,6.6576037,5.4600887,LGd,82
98.0,9.802769,6.570654,5.305322,LGd,82
99.0,9.518109,6.5640807,5.333501,LGd,82
100.0,9.302146,6.6836467,5.4043126,LGd,82
101.0,9.519157,6.697119,5.425346,LGd,82
102.0,9.320466,6.6426053,5.0294952,LGd,82
103.0,9.586892,6.9423285,5.2237716,LGd,82
104.0,9.261398,6.875587,5.343777,LGd,82
105.0,10.214337,6.770794,5.060697,LGd,82
106.0,10.014484,7.1105037,5.348341,LGd,82
107.0,10.025944,7.0786824,5.246099,LGd,82
108.0,10.024752,6.857713,5.2279296,LGd,82
109.0,9.934892,7.0764236,5.3567786,LGd,82
110.0,10.137089,6.8448706,4.8968163,LGd,82
111.0,9.956643,6.7573004,5.1841025,LGd,82
112.0,9.819928,6.5714045,5.1205177,LGd,82
113.0,9.942665,6.3205347,5.02231,LGd,82
114.0,9.949309,6.984478,4.9764113,LGd,82
115.0,10.2429285,6.962762,4.9872007,LGd,82
116.0,10.131272,6.9677258,5.065906,LGd,82
117.0,9.9951105,6.4127207,4.9361086,LGd,82
118.0,9.548971,6.446667,4.8528414,LGd,82
119.0,9.616234,6.5227323,4.7868085,LGd,82
120.0,9.075164,6.522985,4.855117,LGd,82
121.0,8.957157,6.352023,4.7189407,LGd,82
122.0,9.658112,6.7716517,4.993816,LGd,82
123.0,8.215241,6.3662176,3.5830932,LGd,82
124.0,8.124603,6.4832697,3.8075242,LGd,82
125.0,8.59386,6.347682,3.8504658,LGd,82
126.0,8.888621,7.2384005,4.229888,LGd,82
127.0,8.610411,6.540645,4.0005426,LGd,82
128.0,9.420106,7.2670856,4.891456,LGd,82
129.0,9.471713,7.0761995,4.8626776,LGd,82
130.0,10.180213,7.185442,4.7572947,LGd,82
131.0,9.887127,6.3249907,4.883132,LGd,82
132.0,10.589546,6.2273445,4.3558383,LGd,82
133.0,10.719559,6.2324986,4.235659,LGd,82
134.0,10.786335,6.2757053,4.088312,LGd,82
135.0,10.759373,6.415949,4.2878046,LGd,82
136.0,10.796029,6.3772955,4.2294827,LGd,82
137.0,10.644272,6.968033,3.4309428,LGd,82
138.0,9.786929,7.9595256,5.2238493,LGd,82
139.0,9.596447,8.129081,4.952656,LGd,82
140.0,8.1520605,7.3319674,3.5463004,LGd,82
141.0,9.171225,8.451416,4.0565305,LGd,82
142.0,7.729508,7.8898363,2.666519,LGd,82
143.0,7.952542,7.6648164,3.0527947,LGd,82
144.0,9.017786,9.267988,3.5181303,LGd,82
145.0,9.130103,9.360624,3.5967925,LGd,82
146.0,9.166471,9.388738,3.6156623,LGd,82
147.0,10.411615,8.4509,3.6254535,LGd,82
148.0,9.176837,9.373632,3.5664473,LGd,82
149.0,10.181451,8.694591,3.5772023,LGd,82
150.0,10.090262,8.503945,3.7663803,LGd,82
151.0,10.284727,7.6767974,4.055087,LGd,82
152.0,9.329569,9.149835,3.5313714,LGd,82
153.0,9.347222,9.114515,3.359114,LGd,82
154.0,9.33912,9.260001,3.5528123,LGd,82
155.0,9.191752,9.282254,3.469126,LGd,82
156.0,9.324083,8.299845,2.5823395,LGd,82
157.0,9.197057,8.195261,2.5553164,LGd,82
158.0,8.936502,8.232323,2.64949,LGd,82
159.0,9.382803,8.248129,2.5463443,LGd,82
160.0,9.632532,8.133014,2.5649335,LGd,82
161.0,10.080881,8.099912,3.032109,LGd,82
162.0,10.210592,8.1925535,3.4737804,LGd,82
163.0,10.218785,8.412825,3.5786674,LGd,82
164.0,10.29921,8.364492,3.7064662,LGd,82
165.0,9.689118,8.018452,5.386788,LGd,82
166.0,9.795795,7.7814045,5.431986,LGd,82
167.0,9.837329,7.365415,5.334033,LGd,82
168.0,9.706183,7.962603,5.4361386,LGd,82
169.0,9.8305855,7.7853436,5.4050245,LGd,82
170.0,10.012754,7.469341,5.170763,LGd,82
171.0,9.7917385,7.8429875,5.318882,LGd,82
172.0,9.359974,7.9163413,4.799467,LGd,82
173.0,9.114001,8.055037,4.4229813,LGd,82
174.0,8.705241,8.498275,3.6843379,LGd,82
175.0,9.45806,8.265045,3.1284611,LGd,82
176.0,9.482915,8.187742,2.6462128,LGd,82
177.0,9.279695,7.9710827,4.427402,LGd,82
178.0,9.612418,7.7595057,4.6654124,LGd,82
179.0,9.734942,7.6820025,4.632363,LGd,82
180.0,9.457877,7.8709674,4.4760695,LGd,82
181.0,9.341508,7.8041925,4.522641,LGd,82
182.0,9.603315,7.704133,4.634581,LGd,82
183.0,9.6899185,8.037497,4.5642495,LGd,82
184.0,9.833914,7.2685456,5.176553,LGd,82
185.0,9.50899,7.42033,4.93547,LGd,82
186.0,9.585431,8.345661,4.6312323,LGd,82
187.0,9.942589,7.918972,4.8518834,LGd,82
188.0,10.001569,7.96504,5.0221953,LGd,82
189.0,9.815212,7.916816,5.2863517,LGd,82
190.0,9.833001,7.902574,5.3256574,LGd,82
191.0,8.947063,8.098563,4.535416,LGd,82
192.0,8.422336,7.903783,3.7858431,LGd,82
193.0,9.731094,8.099143,3.047508,LGd,82
194.0,9.191194,9.3667,3.610143,LGd,82
195.0,10.417131,7.6339917,4.520003,LGd,82
196.0,10.6578,7.2787557,4.494974,LGd,82
197.0,10.697915,7.348664,4.512381,LGd,82
198.0,10.695622,7.2188497,4.502347,LGd,82
199.0,10.603226,7.200302,4.400473,LGd,82
200.0,10.640614,7.106549,4.4436927,LGd,82
201.0,10.588273,7.2796493,4.0826015,LGd,82
202.0,10.379915,7.1189203,3.9533803,LGd,82
203.0,10.689755,7.117962,4.154035,LGd,82
204.0,10.823441,6.9952264,4.107444,LGd,82
205.0,10.8314905,6.8997173,4.0045652,LGd,82
206.0,10.703376,6.945912,4.120932,LGd,82
207.0,10.846353,6.984147,3.8564575,LGd,82
208.0,10.637273,6.8808017,4.0335255,LGd,82
209.0,10.246647,7.497423,4.7246075,LGd,82
210.0,10.433201,6.940702,4.3562474,LGd,82
211.0,10.506584,7.004768,4.332821,LGd,82
212.0,9.523363,6.827556,4.507786,LGd,82
213.0,8.929014,7.504747,4.054051,LGd,82
214.0,10.6927,7.073795,4.2372684,LGd,82
215.0,10.549281,7.45181,4.1287365,LGd,82
216.0,10.234468,5.734583,3.216941,LGd,82
217.0,9.902398,8.100951,4.4005814,LGd,82
218.0,9.701725,8.115439,4.4207306,LGd,82
219.0,9.996002,7.71466,4.3459563,LGd,82
220.0,9.793118,8.220186,4.2654586,LGd,82
221.0,10.280604,8.045182,4.182904,LGd,82
222.0,8.240497,8.0816145,2.713624,LGd,82
223.0,8.626455,8.376346,2.947167,LGd,82
224.0,10.097913,8.087745,4.348281,LGd,82
225.0,9.828714,8.367645,4.204967,LGd,82
226.0,9.988408,8.058677,4.301671,LGd,82
227.0,10.015803,7.8825083,4.097336,LGd,82
228.0,9.897726,8.104929,4.1548905,LGd,82
229.0,9.139935,8.293379,3.227889,LGd,82
230.0,9.757184,8.817851,4.463314,LGd,82
231.0,9.63421,8.551903,4.560798,LGd,82
232.0,8.971672,8.377508,3.4736207,LGd,82
233.0,8.664056,8.588151,3.753703,LGd,82
234.0,8.603626,8.628512,3.6901271,LGd,82
235.0,8.543558,8.455164,3.1481035,LGd,82
236.0,8.814199,8.486575,3.706348,LGd,82
237.0,8.141708,8.25641,2.7862592,LGd,82
238.0,8.593566,8.364489,3.1716676,LGd,82
239.0,9.165807,8.401853,3.3410087,LGd,82
240.0,9.05059,8.2880945,4.401427,LGd,82
241.0,8.834277,8.408986,4.209162,LGd,82
242.0,8.776993,8.480853,4.1814294,LGd,82
243.0,8.703754,8.568425,4.112546,LGd,82
244.0,9.364231,8.224792,5.0645227,LGd,82
245.0,9.223039,8.260857,4.7590194,LGd,82
246.0,8.981289,8.529739,4.736134,LGd,82
247.0,9.060814,8.502002,4.751241,LGd,82
248.0,9.091665,8.590405,4.627049,LGd,82
249.0,8.715533,8.598073,3.864278,LGd,82
250.0,8.854443,8.13062,4.1108217,LGd,82
251.0,9.177551,8.441142,4.6492214,LGd,82
252.0,8.690959,8.037219,4.500112,LGd,82
253.0,8.587844,6.912767,3.0986485,LGd,82
254.0,10.504976,8.039147,3.0870187,LGd,82
255.0,8.649598,8.426543,3.672749,LGd,82
256.0,8.446219,8.488321,3.6389596,LGd,82
257.0,8.56573,8.542243,3.466032,LGd,82
258.0,9.538954,8.193577,4.087346,LGd,82
259.0,8.648637,8.545721,3.4560509,LGd,82
260.0,8.288207,7.9637337,3.1209848,LGd,82
261.0,8.146286,7.9076576,4.212492,LGd,82
262.0,8.075708,7.9726605,4.142022,LGd,82
263.0,8.102096,7.9690814,4.1552253,LGd,82
264.0,8.563302,8.257757,4.2089047,LGd,82
265.0,8.303607,7.8387284,3.800784,LGd,82
266.0,8.065164,7.984058,4.056382,LGd,82
267.0,8.0818815,7.728721,4.1423554,LGd,82
268.0,8.139895,7.698607,4.2964377,LGd,82
269.0,8.138699,7.696026,4.321454,LGd,82
270.0,8.072208,7.6323533,4.215163,LGd,82
271.0,9.43319,6.8197985,3.5015242,LGd,82
272.0,8.877221,6.646543,3.4868321,LGd,82
273.0,8.417194,7.7533092,4.152593,LGd,82
274.0,8.616063,7.7650757,4.2919006,LGd,82
275.0,8.543288,7.915749,4.286006,LGd,82
276.0,9.947635,7.3509674,4.91602,LGd,82
277.0,8.418277,7.7177463,4.1734314,LGd,82
278.0,8.158935,7.3770084,3.9380367,LGd,82
279.0,7.6232376,7.260853,3.9115057,LGd,82
280.0,7.5486097,7.4040713,3.8620713,LGd,82
281.0,7.583752,7.40165,3.8660977,LGd,82
282.0,7.627822,7.4252915,3.818482,LGd,82
283.0,7.615993,7.143879,3.6793003,LGd,82
284.0,7.681457,7.2254796,3.6077285,LGd,82
285.0,7.6378217,7.2883744,3.6848967,LGd,82
286.0,8.039388,7.8508124,3.4936104,LGd,82
287.0,7.423209,6.709913,3.624162,LGd,82
288.0,7.3318334,5.7241096,3.564499,LGd,82
289.0,7.377259,5.863944,3.588813,LGd,82
290.0,7.2884855,5.715951,3.418785,LGd,82
291.0,7.3881254,5.6450086,3.5116935,LGd,82
292.0,7.424848,5.718212,3.4980466,LGd,82
293.0,7.2995768,5.7124133,3.458476,LGd,82
294.0,7.252818,5.6573687,3.519505,LGd,82
295.0,7.293793,5.7408075,3.4379432,LGd,82
296.0,7.3125267,5.7981877,3.4327335,LGd,82
297.0,7.4691887,5.924161,3.2918608,LGd,82
298.0,7.3977785,5.919534,3.2006142,LGd,82
299.0,7.3623786,5.6496143,3.2244625,LGd,82
300.0,7.3897257,5.6606627,3.1482139,LGd,82
301.0,7.502626,5.5865893,3.1903594,LGd,82
302.0,7.4408197,5.6312084,3.1679945,LGd,82
303.0,7.401665,5.772124,3.1801121,LGd,82
304.0,7.7030663,5.540797,2.8396912,LGd,82
305.0,7.6247416,5.61661,2.8967876,LGd,82
306.0,7.9896803,5.6443324,2.6594682,LGd,82
307.0,7.8036504,5.547952,2.8116117,LGd,82
308.0,7.838303,5.59245,2.7631748,LGd,82
309.0,8.125647,5.6752205,2.542842,LGd,82
310.0,8.214663,5.753712,2.5338306,LGd,82
311.0,8.368245,5.87779,2.3025556,LGd,82
312.0,8.352685,5.8164,2.1837494,LGd,82
313.0,8.230277,5.751635,2.2784798,LGd,82
314.0,8.285466,5.757231,2.1669192,LGd,82
315.0,8.366232,5.824363,2.200917,LGd,82
316.0,8.689987,5.986191,1.9872321,LGd,82
317.0,8.729269,6.0651712,2.194804,LGd,82
318.0,8.408216,5.921764,2.066465,LGd,82
319.0,8.590386,5.830579,2.1232777,LGd,82
320.0,8.52468,5.805136,2.2344542,LGd,82
321.0,8.496581,6.048623,2.2597423,LGd,82
322.0,8.957105,7.235307,3.173361,LGd,82
323.0,8.453248,5.832388,2.1709335,LGd,82
324.0,8.327694,5.907055,2.2761943,LGd,82
325.0,9.008477,6.809813,5.2540264,LGd,82
326.0,8.454002,6.144619,3.1131592,LGd,82
327.0,8.363493,6.566688,2.832417,LGd,82
328.0,9.008453,6.9056263,2.2171922,LGd,82
329.0,8.796907,7.4570303,4.212955,LGd,82
330.0,8.8663,7.7604055,3.8116639,LGd,82
331.0,9.0141325,8.081764,3.071529,LGd,82
332.0,7.939661,6.929838,2.8454828,LGd,82
333.0,7.9014096,6.7406025,2.7810657,LGd,82
334.0,8.521924,8.521029,3.8025844,LGd,82
335.0,8.59171,7.869385,4.0370317,LGd,82
336.0,8.5835905,8.353122,3.8639002,LGd,82
337.0,8.786484,8.1651125,3.7096963,LGd,82
338.0,8.44928,6.815779,2.921789,LGd,82
339.0,9.19424,6.8004413,3.3694806,LGd,82
340.0,9.823301,7.590362,4.0048456,LGd,82
341.0,8.4787245,6.734978,2.892875,LGd,82
342.0,8.130938,6.4771523,2.6400092,LGd,82
343.0,7.9009843,6.8578343,2.7529178,LGd,82
344.0,8.028819,6.695978,2.666939,LGd,82
345.0,8.07073,6.6129956,2.6939075,LGd,82
346.0,8.148873,6.602389,2.7363517,LGd,82
347.0,8.445976,6.5911493,2.4876363,LGd,82
348.0,8.185007,6.259571,2.926603,LGd,82
349.0,8.2572975,6.294309,2.809336,LGd,82
350.0,8.219891,6.146291,2.930742,LGd,82
351.0,8.518483,6.145592,2.7906406,LGd,82
352.0,8.191614,6.2672095,3.0638342,LGd,82
353.0,8.801537,5.854817,3.3556411,LGd,82
354.0,9.840957,6.002637,4.994174,LGd,82
355.0,9.35911,6.311768,4.4648495,LGd,82
356.0,9.307889,6.4229174,4.3748846,LGd,82
357.0,9.7059965,5.789317,4.676104,LGd,82
358.0,9.862878,6.163729,4.8929877,LGd,82
359.0,9.628937,5.8737364,4.728558,LGd,82
360.0,9.784272,5.9457784,4.753669,LGd,82
361.0,10.043723,6.442179,5.0147586,LGd,82
362.0,9.86499,6.14306,4.6570506,LGd,82
363.0,9.393694,7.1808767,4.0361285,LGd,82
364.0,9.614968,6.830641,4.758025,LGd,82
365.0,9.50451,5.886338,4.546332,LGd,82
366.0,9.357365,6.148335,4.3183208,LGd,82
367.0,9.352711,6.1777334,3.9971316,LGd,82
368.0,8.934479,6.305548,4.2365694,LGd,82
369.0,9.276404,6.327253,4.2315526,LGd,82
370.0,9.236319,6.9266953,4.359353,LGd,82
371.0,9.152658,6.572232,4.004032,LGd,82
372.0,10.586912,5.7133174,3.7328029,LGd,82
373.0,10.377416,5.534909,3.2692218,LGd,82
374.0,7.967,6.5753045,3.2240803,LGd,82
375.0,7.7917576,6.817984,3.211707,LGd,82
376.0,8.92193,8.202052,3.0803745,LGd,82
377.0,7.9343433,7.3826265,2.5180323,LGd,82
378.0,7.7749057,6.7806916,3.381271,LGd,82
379.0,8.095638,6.484268,3.6406507,LGd,82
380.0,8.051569,6.5151706,3.4309874,LGd,82
381.0,7.941926,6.6995487,3.5796688,LGd,82
382.0,7.83208,7.0810223,3.553287,LGd,82
383.0,7.816202,6.8989735,3.5764358,LGd,82
384.0,7.8605165,6.848964,3.584837,LGd,82
385.0,7.9717197,6.719992,3.504572,LGd,82
386.0,7.9690394,6.7043676,3.621484,LGd,82
387.0,7.8724294,6.7638235,3.598529,LGd,82
388.0,7.8034573,6.9818916,3.5986972,LGd,82
389.0,8.133252,7.1998634,3.5409122,LGd,82
390.0,8.009979,6.9641285,3.5131636,LGd,82
391.0,7.8400607,6.989743,3.5631394,LGd,82
392.0,7.8523626,7.0654216,3.3997731,LGd,82
393.0,7.9673123,7.6198363,3.4798477,LGd,82
394.0,8.21172,8.178757,3.3816855,LGd,82
395.0,7.720791,7.781007,2.5526493,LGd,82
396.0,8.225256,8.005852,3.5629058,LGd,82
397.0,8.447268,7.1856027,3.978216,LGd,82
398.0,9.141684,7.618507,3.499939,LGd,82
399.0,9.542245,6.862376,4.207402,LGd,82
400.0,9.238025,7.950578,3.7834854,LGd,82
401.0,9.513112,7.2797923,4.183543,LGd,82
402.0,9.346844,6.8551745,4.367442,LGd,82
403.0,9.572837,7.140492,4.139648,LGd,82
404.0,8.485117,7.0260034,3.682468,LGd,82
405.0,8.321912,7.1700253,3.4970133,LGd,82
406.0,8.43101,7.102642,3.622069,LGd,82
407.0,8.643716,7.202229,3.661659,LGd,82
408.0,8.803923,7.1859665,3.7175398,LGd,82
409.0,8.987875,7.08767,3.747202,LGd,82
410.0,9.172192,7.095727,3.7574196,LGd,82
411.0,9.324071,7.3434043,3.5960891,LGd,82
412.0,9.174178,7.4144397,3.762183,LGd,82
413.0,9.316449,7.469402,3.692645,LGd,82
414.0,9.396278,7.5521092,3.603062,LGd,82
415.0,9.905326,8.424056,3.342426,LGd,82
416.0,9.415142,7.1791706,3.896407,LGd,82
417.0,9.298638,7.17129,3.9118423,LGd,82
418.0,9.412637,7.880004,4.241211,LGd,82
419.0,9.529387,7.025098,3.8771546,LGd,82
420.0,8.913086,6.9445977,3.9027057,LGd,82
421.0,9.382416,6.930286,3.7924912,LGd,82
422.0,9.388521,6.897944,3.9913692,LGd,82
423.0,9.289402,6.853357,4.0932126,LGd,82
424.0,9.49159,6.985617,3.4371738,LGd,82
425.0,9.321153,6.7576,3.9601493,LGd,82
426.0,9.517946,6.7129784,3.7194326,LGd,82
427.0,9.908605,6.5423784,3.6064079,LGd,82
428.0,9.619014,6.69631,3.5200114,LGd,82
429.0,9.500613,6.889517,3.6900752,LGd,82
430.0,9.213095,7.877736,3.6154866,LGd,82
431.0,9.512751,7.009209,4.208712,LGd,82
432.0,10.774158,7.891451,3.4035194,LGd,82
433.0,10.724385,7.8954644,3.5042179,LGd,82
434.0,10.800005,7.4719486,3.1182702,LGd,82
435.0,10.9058895,7.4577737,2.847144,LGd,82
436.0,9.288617,6.800558,2.4918568,LGd,82
437.0,10.704066,7.483651,2.6222951,LGd,82
438.0,10.930792,7.4333677,2.9013975,LGd,82
439.0,10.946611,7.5188627,2.9808433,LGd,82
440.0,10.729876,7.500991,3.0623438,LGd,82
441.0,10.678313,7.4960346,3.3921409,LGd,82
442.0,10.801486,7.398281,3.384844,LGd,82
443.0,10.5797825,7.5490484,2.773337,LGd,82
444.0,10.737088,7.118867,3.0628839,LGd,82
445.0,10.123861,7.773978,3.5243726,LGd,82
446.0,10.227477,7.745917,3.5035684,LGd,82
447.0,10.2036705,7.7451057,2.8936398,LGd,82
448.0,9.432043,7.7683196,3.5461237,LGd,82
449.0,9.626369,7.791898,3.6685731,LGd,82
450.0,10.304671,7.5659304,3.2031012,LGd,82
451.0,10.0698,7.2502294,3.240384,LGd,82
452.0,10.235547,7.10315,3.3711648,LGd,82
453.0,9.514665,7.677071,3.254855,LGd,82
454.0,9.4168415,7.7953105,3.5321548,LGd,82
455.0,9.704377,7.8888273,3.276818,LGd,82
456.0,9.655254,7.8582945,2.997376,LGd,82
457.0,9.783312,7.7081566,3.1405911,LGd,82
458.0,10.058797,7.724213,3.6312432,LGd,82
459.0,10.166728,6.1963058,3.4618354,LGd,82
460.0,10.07978,7.7632174,3.5254815,LGd,82
461.0,10.038127,7.019879,3.6415868,LGd,82
462.0,10.193135,7.1316857,3.7753417,LGd,82
463.0,10.101961,7.375224,3.7115119,LGd,82
464.0,9.894032,7.779171,3.2568977,LGd,82
465.0,9.928292,7.746287,3.0727673,LGd,82
466.0,9.374785,7.8344135,3.171233,LGd,82
467.0,10.184631,7.4526515,2.7913566,LGd,82
468.0,10.168082,7.5843053,3.0184937,LGd,82
469.0,9.433724,6.841298,2.9205067,LGd,82
470.0,9.118572,7.7750125,3.4314356,LGd,82
471.0,9.902448,7.1253247,2.9425964,LGd,82
472.0,9.975803,7.585397,3.9182825,LGd,82
473.0,9.836625,7.5698085,3.1106317,LGd,82
474.0,9.628358,6.6946397,2.4692976,LGd,82
475.0,9.878111,7.3714747,2.6142604,LGd,82
476.0,10.463118,6.5732045,3.8948083,LGd,82
477.0,10.542786,7.8405213,2.9631598,LGd,82
478.0,9.439764,7.328693,3.2520096,LGd,82
479.0,9.904646,7.7026234,2.7007732,LGd,82
480.0,9.890497,7.2705965,2.4328618,LGd,82
481.0,9.742814,7.466765,2.5266364,LGd,82
482.0,9.644276,7.1914988,2.2958586,LGd,82
483.0,9.880725,7.182562,2.488372,LGd,82
484.0,9.668823,7.279395,2.3583338,LGd,82
485.0,10.041693,7.0606217,2.6728096,LGd,82
486.0,9.070337,6.168973,2.1120436,LGd,82
487.0,9.257925,5.8282037,2.392505,LGd,82
488.0,10.2464,6.7984247,2.709338,LGd,82
489.0,10.148557,6.653041,2.705716,LGd,82
490.0,9.858217,6.807982,2.4140987,LGd,82
491.0,9.692804,6.616298,2.4179752,LGd,82
492.0,9.743117,6.706761,2.537826,LGd,82
493.0,9.185956,7.192867,2.7770557,LGd,82
494.0,9.516179,6.3649716,2.4481952,LGd,82
495.0,8.595686,5.9606814,2.3818543,LGd,82
496.0,9.48584,6.432149,2.427983,LGd,82
497.0,9.782187,6.2875123,2.6978037,LGd,82
498.0,9.893229,6.411749,2.6119297,LGd,82
499.0,9.806405,6.3458934,2.5842834,LGd,82
500.0,9.477563,6.2363553,2.2819593,LGd,82
501.0,10.402418,6.8175445,2.5208879,LGd,82
502.0,9.474633,5.985035,2.3576655,LGd,82
503.0,10.10749,6.93945,2.4899695,LGd,82
504.0,9.706401,6.188548,3.6375704,LGd,82
505.0,9.74734,6.573386,3.3869548,LGd,82
506.0,10.376455,6.9277906,3.12417,LGd,82
507.0,9.820139,6.4396706,3.4285133,LGd,82
508.0,9.680667,6.428477,3.5134938,LGd,82
509.0,10.885616,6.0179343,3.3393822,LGd,82
510.0,10.637208,6.435014,3.843366,LGd,82
511.0,10.169806,6.5640497,3.825161,LGd,82
512.0,9.7428465,7.679006,4.5522575,LGd,82
513.0,9.09595,7.4305296,3.207204,LGd,82
514.0,9.563244,7.8627625,3.4639175,LGd,82
515.0,9.819207,7.269613,3.7583964,LGd,82
516.0,9.470473,6.748966,3.8447,LGd,82
517.0,8.94094,7.0578394,3.2706585,LGd,82
518.0,10.100242,6.266509,3.3153932,LGd,82
519.0,9.817199,6.8633814,4.6425853,LGd,82
520.0,9.385315,6.4426336,4.6809735,LGd,82
521.0,9.698445,6.9890857,5.0508084,LGd,82
522.0,9.669506,6.243925,4.1364326,LGd,82
523.0,9.825105,6.1953144,4.0473866,LGd,82
524.0,10.337849,6.01899,3.0994503,LGd,82
525.0,9.88413,5.7605143,4.2855864,LGd,82
526.0,10.430704,6.5499997,3.6243465,LGd,82
527.0,10.129547,6.185659,3.5090804,LGd,82
528.0,10.722073,5.9258814,3.4547117,LGd,82
529.0,10.752937,6.012531,3.4591076,LGd,82
530.0,10.493695,6.069679,3.3245375,LGd,82
531.0,9.820945,7.6401024,2.410701,LGd,82
532.0,9.758073,7.8007793,2.7797234,LGd,82
533.0,10.4928055,7.527255,3.3744547,LGd,82
534.0,10.70661,6.849831,2.9375446,LGd,82
535.0,10.426404,7.3675246,3.343727,LGd,82
536.0,10.637064,6.937378,2.9074466,LGd,82
537.0,10.707723,7.1109085,2.7971337,LGd,82
538.0,9.697646,7.0959573,3.320946,LGd,82
539.0,10.459214,6.9436803,2.985693,LGd,82
540.0,10.426136,7.6426296,3.0617702,LGd,82
541.0,10.504438,7.476337,2.9553256,LGd,82
542.0,10.397651,7.6053042,2.9213803,LGd,82
543.0,10.450987,7.2877364,2.791078,LGd,82
544.0,9.432347,7.200788,2.6856363,LGd,82
545.0,10.061881,6.995718,4.0293236,LGd,82
546.0,10.137203,7.0129914,4.0383706,LGd,82
547.0,10.437758,6.9806514,2.926271,LGd,82
548.0,10.309627,7.5577602,3.4761214,LGd,82
549.0,10.546953,7.1061244,2.8272536,LGd,82
550.0,9.66007,6.706396,4.44139,LGd,82
551.0,9.7984915,6.612582,4.102014,LGd,82
552.0,9.835171,7.0420523,3.8775973,LGd,82
553.0,9.924608,6.760545,3.3582156,LGd,82
554.0,10.028692,6.647729,4.4481163,LGd,82
555.0,9.764854,6.638418,4.007579,LGd,82
556.0,9.537997,5.9644814,3.8450117,LGd,82
557.0,9.378186,6.1040473,3.48034,LGd,82
558.0,9.508575,6.0690846,3.619302,LGd,82
559.0,9.719671,6.2545977,3.62365,LGd,82
560.0,9.62959,6.1515527,3.5755925,LGd,82
561.0,10.24653,6.7904882,2.1335676,LGd,82
562.0,10.327944,6.6553154,2.096903,LGd,82
563.0,10.369266,6.7192583,2.1571076,LGd,82
564.0,10.2442255,7.1520705,2.382747,LGd,82
565.0,10.412372,6.617898,2.30544,LGd,82
566.0,10.558013,6.7539797,2.0778928,LGd,82
567.0,10.422332,6.64803,2.2364388,LGd,82
568.0,10.389933,6.7737927,2.0262513,LGd,82
569.0,10.004908,6.9209366,2.3647025,LGd,82
570.0,9.992397,6.911946,2.1708238,LGd,82
571.0,10.122971,6.829236,2.2686973,LGd,82
572.0,10.516361,6.907737,2.1453276,LGd,82
573.0,10.33254,6.9112234,2.368794,LGd,82
574.0,10.485515,6.739225,1.9682266,LGd,82
575.0,10.487848,6.7488313,2.1222057,LGd,82
576.0,10.091831,6.910972,2.1333199,LGd,82
577.0,9.0700445,6.0892363,2.844323,LGd,82
578.0,9.621738,6.8303432,1.9608897,LGd,82
579.0,10.54342,7.2821894,2.4667022,LGd,82
580.0,10.189329,7.6414003,2.8971894,LGd,82
581.0,9.540993,6.893268,2.7565122,LGd,82
582.0,9.123612,6.757486,2.8920238,LGd,82
583.0,9.238154,6.868306,3.0717268,LGd,82
584.0,8.701019,6.4580073,3.0094619,LGd,82
585.0,8.710504,6.5247893,2.7917292,LGd,82
586.0,9.917827,7.7599883,2.8791642,LGd,82
587.0,9.5992155,5.8764133,3.7010307,LGd,82
588.0,10.535362,5.579257,3.129808,LGd,82
589.0,9.706738,5.948898,3.9125597,LGd,82
590.0,10.065822,7.1798515,3.0083406,LGd,82
591.0,9.984876,7.1733212,2.9638357,LGd,82
592.0,9.838722,7.2512403,3.4656572,LGd,82
593.0,10.04742,6.932144,3.147535,LGd,82
594.0,10.918235,6.050173,3.242508,LGd,82
595.0,11.040236,5.8911457,3.283354,LGd,82
596.0,10.911618,5.773039,3.231488,LGd,82
597.0,11.051064,5.7110343,3.2424338,LGd,82
598.0,10.94986,5.8213973,3.054219,LGd,82
599.0,10.991484,5.657135,3.1578255,LGd,82
600.0,11.029039,5.68865,3.1913881,LGd,82
601.0,10.982625,5.7649245,3.181006,LGd,82
602.0,10.872534,6.4295945,3.357568,LGd,82
603.0,10.892633,5.79046,3.143924,LGd,82
604.0,10.301077,7.005842,2.7658567,LGd,82
605.0,10.690056,5.726041,2.9971852,LGd,82
606.0,10.80688,5.593498,2.9068353,LGd,82
607.0,10.590229,7.0471563,2.9477894,LGd,82
608.0,10.683103,5.697273,2.9668834,LGd,82
609.0,10.500061,6.754548,3.3943634,LGd,82
610.0,10.440627,6.7753873,3.170991,LGd,82
611.0,10.418142,7.0469303,3.3630748,LGd,82
612.0,10.643056,6.6364202,3.3042517,LGd,82
613.0,10.694604,5.7109404,3.007928,LGd,82
614.0,10.773334,6.0640182,3.3249714,LGd,82
615.0,10.424755,6.7199883,3.652324,LGd,82
616.0,8.678575,7.7865376,3.589718,LGd,82
617.0,10.814348,7.1736975,3.5626547,LGd,82
618.0,10.638139,6.5300927,3.5782354,LGd,82
619.0,10.443202,6.283202,3.5294845,LGd,82
620.0,10.397237,6.629142,3.5070794,LGd,82
621.0,9.8879595,5.678867,4.108897,LGd,82
622.0,10.463553,6.6592894,3.3646686,LGd,82
623.0,10.588403,6.228038,3.219786,LGd,82
624.0,10.793075,6.0723825,3.2793465,LGd,82
625.0,10.636489,6.06319,3.339462,LGd,82
626.0,10.353558,6.1192737,3.5027118,LGd,82
627.0,10.329412,6.1720734,3.4269378,LGd,82
628.0,9.7670355,6.368408,3.6982203,LGd,82
629.0,10.0292225,6.6086254,3.1529388,LGd,82
630.0,10.083219,6.4708624,3.492227,LGd,82
631.0,10.677625,6.8778086,3.8189843,LGd,82
632.0,10.345203,5.95825,3.2493858,LGd,82
633.0,10.075247,5.971657,3.3218827,LGd,82
634.0,10.192611,6.104536,3.3475716,LGd,82
635.0,10.1186905,6.1137,2.999083,LGd,82
636.0,10.070186,6.172966,3.0567007,LGd,82
637.0,10.075855,6.8212214,3.5000885,LGd,82
638.0,9.765475,5.8010654,3.1570964,LGd,82
639.0,9.262761,6.5532217,2.8557584,LGd,82
640.0,9.1296625,6.4309587,3.436809,LGd,82
641.0,9.304661,6.280047,3.6817715,LGd,82
642.0,9.633607,6.2353697,2.8899853,LGd,82
643.0,10.621956,6.250997,2.8741055,LGd,82
644.0,10.676518,6.111532,2.9069033,LGd,82
645.0,10.144281,6.276667,3.030652,LGd,82
646.0,9.598893,7.599261,2.422835,LGd,82
647.0,9.173105,6.2126503,3.313506,LGd,82
648.0,8.982245,6.5169263,3.2234137,LGd,82
649.0,8.492708,6.653604,3.0765932,LGd,82
650.0,9.049719,6.5856643,2.830062,LGd,82
651.0,9.698235,6.9917436,3.0153763,LGd,82
652.0,9.1317835,6.382729,2.553711,LGd,82
653.0,8.904904,6.3416467,2.4455354,LGd,82
654.0,8.850209,6.7575126,2.858733,LGd,82
655.0,9.042305,6.4565573,2.546968,LGd,82
656.0,10.142098,6.8234982,3.0899057,LGd,82
657.0,9.991397,6.5631123,2.9980128,LGd,82
658.0,9.491224,6.6530085,3.308078,LGd,82
659.0,7.6831694,7.738565,2.4342778,LGd,82
660.0,7.8173394,7.6910367,2.487847,LGd,82
661.0,7.7297444,7.7239437,2.4757216,LGd,82
662.0,7.7276454,7.727622,2.4767892,LGd,82
663.0,8.92791,7.26122,2.7922273,LGd,82
664.0,8.958318,7.712303,4.8056874,LGd,82
665.0,7.862294,7.696435,2.775336,LGd,82
666.0,7.986087,7.840579,2.6060505,LGd,82
667.0,8.060239,7.8042502,2.5159123,LGd,82
668.0,10.015564,6.4502783,2.8918395,LGd,82
669.0,9.165066,7.673436,2.7857625,LGd,82
670.0,9.140165,7.2906446,2.687498,LGd,82
671.0,9.390372,6.3570724,3.0664556,LGd,82
672.0,8.751295,7.5125637,2.5573754,LGd,82
673.0,9.042981,6.0529776,2.8837562,LGd,82
674.0,8.209834,7.539556,2.849169,LGd,82
675.0,8.037975,7.5674696,2.6322746,LGd,82
676.0,8.206137,7.644158,2.48968,LGd,82
677.0,8.108266,7.5138354,2.4521735,LGd,82
678.0,8.326797,7.8403053,2.6333928,LGd,82
679.0,8.211102,7.2219224,2.5937772,LGd,82
680.0,7.9472976,7.3546195,2.5695763,LGd,82
681.0,8.105309,7.3052745,2.3143435,LGd,82
682.0,8.502378,6.0129766,2.741254,LGd,82
683.0,8.515265,6.91148,1.8769697,LGd,82
684.0,8.576104,7.4143987,2.4086819,LGd,82
685.0,8.958216,6.2284927,3.012898,LGd,82
686.0,8.905052,6.2289314,3.2616148,LGd,82
687.0,9.793757,6.4479537,3.3707588,LGd,82
688.0,10.348799,6.809006,3.7268178,LGd,82
689.0,9.789118,6.1224675,3.3603983,LGd,82
690.0,8.590284,6.6929607,3.509116,LGd,82
691.0,9.15914,5.9109087,2.668362,LGd,82
692.0,9.041771,6.3682528,2.9238267,LGd,82
693.0,7.907758,7.4890313,2.4265628,LGd,82
694.0,8.382619,6.8421297,3.5672436,LGd,82
695.0,8.801579,5.7837644,3.002088,LGd,82
696.0,9.159131,6.293535,3.001646,LGd,82
697.0,8.632369,5.826696,2.9594264,LGd,82
698.0,8.738068,5.75695,2.7768176,LGd,82
699.0,8.685159,5.769851,2.7634816,LGd,82
700.0,8.616202,5.762128,2.8139393,LGd,82
701.0,8.619334,6.371916,2.6892242,LGd,82
702.0,9.066518,6.6320343,3.127171,LGd,82
703.0,9.29967,6.0176296,2.9350305,LGd,82
704.0,9.131604,5.9339724,2.348819,LGd,82
705.0,9.176676,5.961113,2.6552758,LGd,82
706.0,8.882456,5.714242,2.4622707,LGd,82
707.0,9.1617,5.864915,2.6983495,LGd,82
708.0,9.399432,6.296127,2.3791234,LGd,82
709.0,9.157192,5.9593935,2.5475125,LGd,82
710.0,9.367312,5.518174,2.7520425,LGd,82
711.0,9.33616,5.500173,2.730063,LGd,82
712.0,9.472659,5.9690423,2.1629822,LGd,82
713.0,10.173185,6.6881275,2.9229796,LGd,82
714.0,9.127468,7.091108,2.5155418,LGd,82
715.0,10.482902,5.765322,3.6667335,LGd,82
716.0,8.982153,5.8177304,2.5121613,LGd,82
717.0,10.603749,5.877962,3.2085922,LGd,82
718.0,9.383648,5.9673734,2.237343,LGd,82
719.0,9.022425,6.0592613,2.275453,LGd,82
720.0,9.921788,6.2433133,2.7297196,LGd,82
721.0,9.6999655,6.572074,2.075034,LGd,82
722.0,9.133749,5.882696,2.3267848,LGd,82
723.0,9.232152,5.8774233,2.274179,LGd,82
724.0,8.96717,6.1033115,2.2714858,LGd,82
725.0,9.050884,6.3552814,2.6229415,LGd,82
726.0,8.096991,7.4294796,2.31459,LGd,82
727.0,8.014,7.591314,2.5367136,LGd,82
728.0,8.515672,7.6153026,3.3256884,LGd,82
729.0,8.840782,6.0906305,2.304357,LGd,82
730.0,8.641538,6.1582694,2.4127321,LGd,82
731.0,8.546405,6.4860415,2.2597437,LGd,82
732.0,8.753161,7.009784,2.3507948,LGd,82
733.0,8.618634,7.7438045,3.6397538,LGd,82
734.0,8.612638,7.5554,3.3834767,LGd,82
735.0,8.626276,7.0255485,2.578448,LGd,82
736.0,9.022689,6.525661,2.0948422,LGd,82
737.0,9.506922,6.233536,2.0088885,LGd,82
738.0,9.586931,6.173528,2.0370507,LGd,82
739.0,8.995861,6.170308,1.9504896,LGd,82
740.0,9.383247,6.298028,1.6809093,LGd,82
741.0,9.312977,6.486363,1.6062121,LGd,82
742.0,9.438327,6.3591866,1.640843,LGd,82
743.0,9.15864,6.3679347,1.5848842,LGd,82
744.0,8.963559,7.0928783,1.4501162,LGd,82
745.0,9.401153,6.724102,1.9309309,LGd,82
746.0,8.616581,7.12105,2.1773865,LGd,82
747.0,9.35272,6.3493495,1.5855219,LGd,82
748.0,9.542867,6.6946535,1.6982583,LGd,82
749.0,9.4298935,6.9489837,1.7874501,LGd,82
750.0,9.338419,7.0478888,1.7121592,LGd,82
751.0,9.435714,6.397086,1.7197583,LGd,82
752.0,8.68994,6.9139557,1.8980517,LGd,82
753.0,9.81818,7.3265715,2.6099505,LGd,82
754.0,9.522588,7.255389,1.664328,LGd,82
755.0,9.282551,7.4463134,1.9164275,LGd,82
756.0,9.284132,7.162763,1.7380338,LGd,82
757.0,8.844227,6.8170123,1.6646693,LGd,82
758.0,8.609753,7.09513,1.7069074,LGd,82
759.0,9.070468,6.6341753,1.7257266,LGd,82
760.0,8.79487,6.7575345,2.1435914,LGd,82
761.0,8.912912,6.7006264,1.6052597,LGd,82
762.0,9.052727,6.7588234,1.3166119,LGd,82
763.0,8.942643,7.728552,3.0348122,LGd,82
764.0,8.911675,6.4607882,1.4601977,LGd,82
765.0,8.959301,6.496093,1.3732322,LGd,82
766.0,9.09675,6.894503,1.2264769,LGd,82
767.0,8.989824,6.6408105,1.2964557,LGd,82
768.0,8.900727,6.2327776,1.7178113,LGd,82
769.0,8.922772,6.722517,1.4328669,LGd,82
770.0,8.943747,6.607893,1.5389066,LGd,82
771.0,9.025589,6.5036163,1.4009678,LGd,82
772.0,8.856015,6.947129,1.4422833,LGd,82
773.0,8.763967,6.977726,1.498895,LGd,82
774.0,8.806117,7.1408544,1.4439573,LGd,82
775.0,9.067716,7.1557803,1.4850657,LGd,82
776.0,8.684088,7.0295353,1.5910332,LGd,82
777.0,8.623824,6.601288,2.360894,LGd,82
778.0,8.771993,7.17634,2.3174024,LGd,82
779.0,9.811922,7.2082186,1.5673745,LGd,82
780.0,8.882065,7.0456953,1.536813,LGd,82
781.0,8.849573,7.013431,1.5623755,LGd,82
782.0,8.631922,6.6707554,1.9848809,LGd,82
783.0,8.709429,6.8615127,1.9526193,LGd,82
784.0,8.776024,7.017597,1.6778038,LGd,82
785.0,8.76815,7.3655276,1.5830125,LGd,82
786.0,8.733917,7.3771563,1.6515628,LGd,82
787.0,8.674587,7.343868,1.6751168,LGd,82
788.0,9.031813,7.171374,2.0045226,LGd,82
789.0,8.5710945,7.3913884,2.1395876,LGd,82
790.0,8.66601,6.9687943,1.7233318,LGd,82
791.0,8.702916,7.390477,1.6622291,LGd,82
792.0,8.853727,7.513998,1.7147472,LGd,82
793.0,8.972103,7.4702187,1.6274444,LGd,82
794.0,9.253127,7.586613,1.3376429,LGd,82
795.0,9.026722,7.5418954,1.497122,LGd,82
796.0,9.478083,7.6603866,0.9573788,LGd,82
797.0,9.487335,7.6574874,1.0923179,LGd,82
798.0,9.522458,7.476494,1.075161,LGd,82
799.0,9.411728,7.695301,1.4035457,LGd,82
800.0,9.655268,7.6430287,1.0760314,LGd,82
801.0,9.632982,7.6656017,0.8388148,LGd,82
802.0,9.651401,7.709073,0.7964526,LGd,82
803.0,9.716211,7.7539616,0.7606942,LGd,82
804.0,9.660017,7.723587,0.90116036,LGd,82
805.0,9.748637,7.855557,0.6534092,LGd,82
806.0,9.751474,7.853143,0.6318338,LGd,82
807.0,9.7400465,7.785659,0.73551726,LGd,82
808.0,9.564937,7.642525,0.7402267,LGd,82
809.0,9.712495,7.9343085,0.581502,LGd,82
810.0,9.9460945,8.047219,0.52294433,LGd,82
811.0,9.897152,8.024085,0.50112945,LGd,82
812.0,10.003772,7.9533033,0.73578644,LGd,82
813.0,9.992538,7.9392633,0.64891493,LGd,82
814.0,9.912201,8.0448,0.5178047,LGd,82
815.0,9.860468,7.2664866,1.7536929,LGd,82
816.0,9.901797,8.045341,0.48749563,LGd,82
817.0,9.788449,8.058439,0.542702,LGd,82
818.0,9.88664,8.078757,0.4841692,LGd,82
819.0,9.893385,8.112972,0.5329438,LGd,82
820.0,9.866902,8.131649,0.56914634,LGd,82
821.0,9.8643265,8.06223,0.5016017,LGd,82
822.0,9.875225,8.366901,0.8239784,LGd,82
823.0,9.994381,8.2890415,0.51268333,LGd,82
824.0,9.951848,8.315589,0.602406,LGd,82
825.0,8.733799,8.338736,2.98102,LGd,82
826.0,10.000823,8.269541,0.46684423,LGd,82
827.0,9.928375,8.167679,0.43783557,LGd,82
828.0,9.961229,8.232705,0.48496735,LGd,82
829.0,9.969849,8.237332,0.56944454,LGd,82
830.0,9.033987,8.043007,4.3222866,LGd,82
831.0,8.861386,8.413477,4.7592344,LGd,82
832.0,8.9623165,8.478693,4.7637987,LGd,82
833.0,9.176382,8.519458,5.0800667,LGd,82
834.0,9.082144,8.352946,5.0809507,LGd,82
835.0,9.287955,8.515974,5.3019333,LGd,82
836.0,9.3552,8.477596,5.373918,LGd,82
837.0,9.34804,8.543366,5.3550606,LGd,82
838.0,9.303655,8.475538,5.1902313,LGd,82
839.0,9.235481,8.537778,5.208796,LGd,82
840.0,9.368812,8.446743,5.320649,LGd,82
841.0,9.455092,8.5316925,5.3418217,LGd,82
842.0,9.475184,8.47383,5.3213687,LGd,82
843.0,9.416746,8.542502,5.285536,LGd,82
844.0,9.532517,8.609376,4.957843,LGd,82
845.0,9.540747,8.841105,4.906529,LGd,82
846.0,9.445077,6.446458,4.2435126,LGd,82
847.0,9.518135,8.867454,4.892289,LGd,82
848.0,9.58885,8.981829,4.740917,LGd,82
849.0,9.55751,9.047886,4.6688485,LGd,82
850.0,9.616263,8.946229,4.4701214,LGd,82
851.0,9.601334,9.093513,4.591158,LGd,82
852.0,9.543692,9.023624,4.6131754,LGd,82
853.0,9.59952,9.206918,4.469125,LGd,82
854.0,9.595921,9.19191,4.35085,LGd,82
855.0,9.596514,9.170349,4.42659,LGd,82
856.0,9.601798,9.049299,4.2615743,LGd,82
857.0,9.641271,9.202268,4.299607,LGd,82
858.0,9.642875,9.147833,4.039008,LGd,82
859.0,9.507244,9.104758,3.961103,LGd,82
860.0,9.603575,9.188504,4.104343,LGd,82
861.0,9.638523,8.880359,3.9282134,LGd,82
862.0,9.601618,8.940915,3.8583121,LGd,82
863.0,9.639048,8.986275,3.825776,LGd,82
864.0,9.64956,9.031983,3.307159,LGd,82
865.0,9.57681,9.087199,3.4408758,LGd,82
866.0,9.643226,9.0819435,3.613675,LGd,82
867.0,9.4493265,8.872208,3.6823733,LGd,82
868.0,9.319258,8.701409,3.620033,LGd,82
869.0,9.437899,8.945434,3.3292122,LGd,82
870.0,9.373738,8.874986,3.0455267,LGd,82
871.0,9.29044,8.810202,3.0851552,LGd,82
872.0,9.451706,8.843763,2.9173048,LGd,82
873.0,9.266486,8.720745,2.976316,LGd,82
874.0,9.077817,8.74515,3.1026788,LGd,82
875.0,9.151088,8.802255,3.1481416,LGd,82
876.0,8.922263,8.485355,3.3624952,LGd,82
877.0,8.917534,8.680158,3.3034453,LGd,82
878.0,8.998999,8.943728,4.003282,LGd,82
879.0,8.888196,8.627779,3.4688904,LGd,82
880.0,8.927609,8.704221,3.344766,LGd,82
881.0,8.957697,8.931635,3.3894615,LGd,82
882.0,8.936368,8.386187,3.5584474,LGd,82
883.0,9.039281,8.510389,3.46078,LGd,82
884.0,8.793602,8.546268,3.6300561,LGd,82
885.0,10.191156,7.7968006,3.9162405,LGd,82
886.0,8.948462,8.413149,3.591565,LGd,82
887.0,8.339345,8.105861,3.5929852,LGd,82
888.0,8.593339,8.24523,3.5206492,LGd,82
889.0,9.442371,8.447652,3.8398345,LGd,82
890.0,9.464299,8.4185705,3.8312502,LGd,82
891.0,9.408799,8.251171,3.8895414,LGd,82
892.0,9.405721,8.366502,3.878694,LGd,82
893.0,9.306699,8.307775,3.9060402,LGd,82
894.0,9.243843,8.20583,3.9789205,LGd,82
895.0,9.555124,8.367145,3.9564264,LGd,82
896.0,9.417267,8.038618,4.229281,LGd,82
897.0,9.695566,7.765184,3.62356,LGd,82
898.0,9.670908,8.485939,3.8843205,LGd,82
899.0,9.801466,8.402179,3.8383014,LGd,82
0.0,0.12912998,11.756073,-12.639957,LP,142
1.0,0.08128985,11.809508,-12.464309,LP,142
2.0,0.14795971,11.603281,-12.1834955,LP,142
3.0,0.0694236,11.76208,-12.237051,LP,142
4.0,-0.12283711,11.936367,-12.261096,LP,142
5.0,-0.103120044,11.960625,-12.28276,LP,142
6.0,-0.116425514,11.934998,-12.303048,LP,142
7.0,-0.14362365,11.9100685,-12.18829,LP,142
8.0,-0.10850094,11.904617,-12.166105,LP,142
9.0,0.02133964,11.824923,-12.384593,LP,142
10.0,-0.24057253,12.028907,-12.007821,LP,142
11.0,-0.46852687,12.16712,-11.836559,LP,142
12.0,-0.6117645,12.2610855,-11.624722,LP,142
13.0,-0.6666198,12.303021,-11.600349,LP,142
14.0,-0.5963047,12.232931,-11.670369,LP,142
15.0,-0.6647949,12.294787,-11.529394,LP,142
16.0,-0.54258746,12.158013,-11.605015,LP,142
17.0,-0.58764184,12.228957,-11.623594,LP,142
18.0,-0.68441665,12.307675,-11.516199,LP,142
19.0,-0.5793426,12.228812,-11.431614,LP,142
20.0,-0.663161,12.290609,-11.484271,LP,142
21.0,-0.71964073,12.354245,-11.455466,LP,142
22.0,-0.7131413,12.33128,-11.441219,LP,142
23.0,-0.6339152,12.262779,-11.561559,LP,142
24.0,-0.96703684,12.525729,-10.836798,LP,142
25.0,-1.0167816,12.307312,-10.354944,LP,142
26.0,-0.9817653,12.583931,-10.600858,LP,142
27.0,-1.1239134,12.742879,-10.394441,LP,142
28.0,-1.1167196,12.787737,-10.243458,LP,142
29.0,-1.2240665,12.834774,-10.273104,LP,142
30.0,-1.1396625,12.7394495,-10.250738,LP,142
31.0,-1.2280132,12.898814,-10.144647,LP,142
32.0,-1.324225,12.719268,-10.274693,LP,142
33.0,-1.2618753,12.697913,-10.219579,LP,142
34.0,-1.0002494,12.592142,-10.074759,LP,142
35.0,-1.1607796,12.959158,-10.223587,LP,142
36.0,-1.2205691,12.832331,-10.250993,LP,142
37.0,-1.1833761,12.846327,-10.249301,LP,142
38.0,-1.0012269,12.802761,-10.118178,LP,142
39.0,-1.3991686,12.820741,-9.94892,LP,142
40.0,-1.0403821,12.751515,-10.044348,LP,142
41.0,-0.9594148,12.956355,-9.672904,LP,142
42.0,-1.0366412,12.861672,-9.597706,LP,142
43.0,-0.8642984,12.833068,-9.96307,LP,142
44.0,-0.9627944,12.924632,-9.852356,LP,142
45.0,-0.8554618,12.836101,-9.754115,LP,142
46.0,-0.7266241,12.952433,-9.935473,LP,142
47.0,-0.9522787,12.83528,-9.892555,LP,142
48.0,-1.0149453,12.884211,-9.674666,LP,142
49.0,-0.8214746,12.739729,-9.7699995,LP,142
50.0,-0.55159605,12.899971,-9.695472,LP,142
51.0,-1.1050217,12.9617195,-9.793699,LP,142
52.0,-1.0083544,12.950994,-9.819918,LP,142
53.0,-0.9957294,12.674065,-9.8324375,LP,142
54.0,-1.0551336,12.911613,-9.701108,LP,142
55.0,-0.8141616,12.84196,-9.680228,LP,142
56.0,-1.1084515,13.063521,-9.822608,LP,142
57.0,-1.001744,12.917279,-9.84421,LP,142
58.0,-1.118581,12.964471,-9.7946825,LP,142
59.0,-1.1623423,12.991514,-9.696713,LP,142
60.0,-1.3093581,12.900082,-9.477989,LP,142
61.0,-1.014072,12.959528,-9.683688,LP,142
62.0,-0.7249211,12.7907505,-9.505004,LP,142
63.0,-1.3044661,12.313923,-9.044033,LP,142
64.0,-1.0591791,12.583279,-9.265967,LP,142
65.0,-0.53019303,12.704724,-9.566916,LP,142
66.0,-0.49243227,12.884723,-9.654838,LP,142
67.0,-0.67772555,12.770349,-9.645221,LP,142
68.0,-0.2698079,12.697924,-9.600894,LP,142
69.0,-0.41008314,12.705056,-9.4432535,LP,142
70.0,-0.028864434,12.699669,-9.55078,LP,142
71.0,-0.08188766,12.480905,-9.288136,LP,142
72.0,0.08371641,12.5858,-9.630919,LP,142
73.0,0.046326436,12.502324,-9.427814,LP,142
74.0,0.09394199,12.804436,-9.567625,LP,142
75.0,-0.03810633,12.794354,-9.58663,LP,142
76.0,0.06176955,12.741642,-9.582571,LP,142
77.0,-0.038341973,12.781573,-9.669609,LP,142
78.0,0.015983472,13.030017,-9.600129,LP,142
79.0,0.027634306,13.14183,-9.61545,LP,142
80.0,-0.018190684,13.279763,-9.617134,LP,142
81.0,-0.10118599,13.244039,-9.54728,LP,142
82.0,-0.09814117,13.311981,-9.498963,LP,142
83.0,-0.12620488,13.372018,-9.506434,LP,142
84.0,-0.16221786,13.433096,-9.476652,LP,142
85.0,-0.14940068,13.435312,-9.4659815,LP,142
86.0,-0.2503653,13.565582,-9.3847,LP,142
87.0,-0.40508622,13.680615,-9.245111,LP,142
88.0,-0.46638742,13.633417,-9.235707,LP,142
89.0,-0.33403915,13.646789,-9.29932,LP,142
90.0,-0.45812383,13.6884775,-9.216656,LP,142
91.0,-0.5217663,13.695192,-9.177267,LP,142
92.0,-0.5706155,13.740851,-9.094777,LP,142
93.0,-0.70143396,13.789085,-9.144616,LP,142
94.0,-0.8996276,13.841695,-9.017254,LP,142
95.0,-0.86669457,13.828003,-9.104578,LP,142
96.0,-1.0923747,13.873776,-9.042005,LP,142
97.0,-1.1596386,13.831793,-9.105916,LP,142
98.0,-1.1579143,13.860102,-9.063584,LP,142
99.0,-1.2137058,13.823577,-9.05509,LP,142
100.0,-1.2373016,13.801,-9.044872,LP,142
101.0,-1.129463,13.852414,-9.0827465,LP,142
102.0,-1.120631,13.846857,-9.041188,LP,142
103.0,-1.0325418,13.796715,-9.1088705,LP,142
104.0,-1.2115337,13.84386,-9.034028,LP,142
105.0,-1.1838812,13.825139,-9.117038,LP,142
106.0,-2.054141,13.44245,-8.830701,LP,142
107.0,-1.2023269,13.735205,-9.158542,LP,142
108.0,-1.8660742,13.578409,-8.978883,LP,142
109.0,-1.9734346,13.525316,-8.950017,LP,142
110.0,-2.1319358,13.396163,-8.970904,LP,142
111.0,-2.440334,13.437355,-8.626642,LP,142
112.0,-2.587507,13.534189,-8.502755,LP,142
113.0,-2.3669648,13.427509,-8.665952,LP,142
114.0,-2.3442616,13.275355,-8.799183,LP,142
115.0,-2.4352796,13.322969,-8.855605,LP,142
116.0,-2.0009966,13.577471,-8.860755,LP,142
117.0,-2.0681744,13.462474,-8.841136,LP,142
118.0,-2.1459992,13.433487,-8.680343,LP,142
119.0,-2.273338,13.31857,-8.516029,LP,142
120.0,-2.3362617,13.285322,-8.679339,LP,142
121.0,-2.2062266,13.091035,-8.618006,LP,142
122.0,-2.4439359,13.548325,-8.653597,LP,142
123.0,-2.4705136,13.405136,-8.59263,LP,142
124.0,-2.5428164,13.462605,-8.551551,LP,142
125.0,-2.4156594,13.4466305,-8.683287,LP,142
126.0,-2.0594602,13.100696,-8.070205,LP,142
127.0,-2.119999,13.109637,-8.143581,LP,142
128.0,-2.2738357,12.813586,-8.897197,LP,142
129.0,-2.1138167,13.076971,-7.5687065,LP,142
130.0,-2.0954688,13.072541,-7.9770756,LP,142
131.0,-2.0817056,12.984259,-8.220342,LP,142
132.0,-2.3648736,12.948676,-8.247229,LP,142
133.0,-2.28118,12.939806,-8.495448,LP,142
134.0,-2.3911917,13.209797,-8.733947,LP,142
135.0,-2.236702,13.270846,-9.001829,LP,142
136.0,-2.1006215,13.174988,-9.145835,LP,142
137.0,0.008114868,12.095048,-10.29974,LP,142
138.0,0.1660361,12.0625,-10.453148,LP,142
139.0,0.27855113,11.996101,-10.517465,LP,142
140.0,0.6507973,11.816683,-10.935513,LP,142
141.0,0.72404015,11.70163,-11.097335,LP,142
142.0,0.6017591,11.769429,-10.896394,LP,142
143.0,0.79357255,11.720321,-11.186107,LP,142
144.0,0.7846826,11.667819,-11.205276,LP,142
145.0,0.8675855,11.579979,-11.394236,LP,142
146.0,0.77035034,11.69356,-11.238347,LP,142
147.0,0.9135074,11.499924,-11.422849,LP,142
148.0,0.8333782,11.428263,-11.572659,LP,142
149.0,0.84473455,11.407005,-11.590228,LP,142
150.0,0.78604764,11.538598,-11.603024,LP,142
151.0,0.87637997,11.495402,-11.510618,LP,142
152.0,0.8944526,11.371821,-11.571081,LP,142
153.0,0.93650657,11.379682,-11.486763,LP,142
154.0,0.8767149,11.391748,-11.598599,LP,142
155.0,0.74993396,11.308656,-11.741677,LP,142
156.0,0.7835084,11.229812,-11.780238,LP,142
157.0,0.93621707,11.2175455,-11.486684,LP,142
158.0,0.9690132,10.820608,-11.281445,LP,142
159.0,1.0727829,10.883504,-11.207087,LP,142
160.0,1.1454393,10.690194,-11.125683,LP,142
161.0,1.1641886,10.501147,-10.961083,LP,142
162.0,1.1186638,10.733463,-11.145184,LP,142
163.0,1.1255393,10.688001,-11.122831,LP,142
164.0,1.2288952,10.334392,-10.834114,LP,142
165.0,1.2208787,10.483641,-11.0187025,LP,142
166.0,1.2332298,10.419911,-10.873065,LP,142
167.0,1.3454568,9.939875,-10.820553,LP,142
168.0,1.3383031,9.892983,-10.795968,LP,142
169.0,1.3263177,9.873661,-10.781353,LP,142
170.0,1.3030217,9.756703,-10.697311,LP,142
171.0,1.2958584,10.049945,-10.760393,LP,142
172.0,1.3254322,10.081418,-10.740673,LP,142
173.0,1.4062326,9.848128,-10.608853,LP,142
174.0,1.2361492,9.830967,-10.7357855,LP,142
175.0,1.3349206,9.736219,-10.626991,LP,142
176.0,1.3144349,9.603359,-10.594003,LP,142
177.0,1.3450329,9.637049,-10.652167,LP,142
178.0,1.1555588,9.540022,-10.1772375,LP,142
179.0,1.182833,9.681573,-10.591906,LP,142
180.0,1.0451761,9.767688,-10.622297,LP,142
181.0,1.1440365,9.616826,-10.484453,LP,142
182.0,1.0380797,9.853546,-10.451982,LP,142
183.0,1.117022,9.607428,-10.498824,LP,142
184.0,1.0808421,9.58198,-10.405332,LP,142
185.0,1.1713445,9.61534,-10.4847555,LP,142
186.0,1.0641577,9.533671,-10.426647,LP,142
187.0,1.0294439,9.571356,-10.348405,LP,142
188.0,1.1232183,9.592901,-10.401991,LP,142
189.0,1.0307205,9.576885,-10.416943,LP,142
190.0,1.2609849,9.6215315,-10.358728,LP,142
191.0,1.0801581,9.569573,-10.520153,LP,142
192.0,1.0163726,9.603687,-10.549079,LP,142
193.0,0.9616021,9.71408,-10.566438,LP,142
194.0,0.8239445,10.0394945,-10.658632,LP,142
195.0,0.99848646,10.244661,-10.758309,LP,142
196.0,0.98107386,10.09328,-10.577579,LP,142
197.0,0.81118846,10.210077,-10.815435,LP,142
198.0,1.0868032,10.280419,-10.65423,LP,142
199.0,1.1208087,10.238176,-10.594883,LP,142
200.0,1.2574936,10.105419,-10.641042,LP,142
201.0,1.22834,9.841831,-9.911809,LP,142
202.0,0.8425377,10.362117,-10.312152,LP,142
203.0,0.90509903,10.294496,-10.030126,LP,142
204.0,1.1608797,10.076542,-10.403939,LP,142
205.0,1.1379899,10.041525,-10.341361,LP,142
206.0,1.2440114,9.973051,-9.821216,LP,142
207.0,1.1696553,9.732825,-9.923294,LP,142
208.0,1.1952853,9.997267,-9.746804,LP,142
209.0,1.1853756,9.84228,-9.82268,LP,142
210.0,1.0617229,9.752126,-9.828486,LP,142
211.0,1.0570214,9.709066,-9.891621,LP,142
212.0,0.94741446,9.892901,-9.605507,LP,142
213.0,0.9667265,9.4894905,-9.741028,LP,142
214.0,0.97662926,9.518353,-9.758507,LP,142
215.0,1.0473197,9.410876,-9.719183,LP,142
216.0,1.0349406,9.386845,-9.674426,LP,142
217.0,1.057819,9.3979845,-9.6621685,LP,142
218.0,0.8348084,9.521342,-9.790359,LP,142
219.0,0.94897187,9.528747,-9.822085,LP,142
220.0,0.85226405,9.643677,-9.435463,LP,142
221.0,0.987472,9.462152,-9.675731,LP,142
222.0,1.0285841,9.421459,-9.649692,LP,142
223.0,0.9905985,9.427581,-9.644369,LP,142
224.0,1.0180851,9.414464,-9.602869,LP,142
225.0,0.9684336,9.562087,-9.725753,LP,142
226.0,1.0084876,9.51855,-9.701451,LP,142
227.0,0.8319788,9.58444,-9.609489,LP,142
228.0,0.78051525,9.680949,-9.548223,LP,142
229.0,0.9455811,9.416905,-9.663646,LP,142
230.0,0.37529606,10.001526,-9.437021,LP,142
231.0,0.5864004,9.8062105,-9.50591,LP,142
232.0,0.74186,9.718169,-9.672258,LP,142
233.0,0.7981096,9.689242,-9.881181,LP,142
234.0,0.5406,9.786048,-9.753604,LP,142
235.0,0.67350245,9.723742,-9.742717,LP,142
236.0,0.62729913,9.868621,-9.665702,LP,142
237.0,0.60348374,9.955566,-9.449803,LP,142
238.0,0.2955441,10.322815,-9.362825,LP,142
239.0,0.5154213,10.029677,-9.595792,LP,142
240.0,0.42514932,10.144899,-9.485631,LP,142
241.0,0.21469335,10.344031,-9.76026,LP,142
242.0,0.3141966,9.987908,-9.4749775,LP,142
243.0,0.33960652,10.181683,-9.401558,LP,142
244.0,0.286754,10.149718,-9.429408,LP,142
245.0,0.25741976,10.25535,-9.50141,LP,142
246.0,0.23111352,10.080465,-9.588114,LP,142
247.0,0.20037249,10.13953,-9.550295,LP,142
248.0,0.19734383,10.0612,-9.552288,LP,142
249.0,0.19694999,10.084007,-9.544267,LP,142
250.0,0.19524522,10.07121,-9.520722,LP,142
251.0,0.16553935,10.109314,-9.504161,LP,142
252.0,0.051050227,10.336626,-9.52736,LP,142
253.0,-0.16022478,10.926465,-9.747024,LP,142
254.0,-0.004137211,10.717396,-9.190958,LP,142
255.0,0.15143451,10.497432,-9.0503645,LP,142
256.0,0.22375225,10.508065,-9.017858,LP,142
257.0,0.19807395,10.581079,-8.914916,LP,142
258.0,0.27400103,10.618589,-8.839461,LP,142
259.0,0.24450806,10.629502,-8.840349,LP,142
260.0,0.09068615,10.774799,-8.723072,LP,142
261.0,0.030351361,10.72252,-8.823237,LP,142
262.0,0.16494684,10.652207,-8.839951,LP,142
263.0,0.14395273,10.6653185,-8.85869,LP,142
264.0,-0.009250536,10.835309,-8.746972,LP,142
265.0,0.16303743,10.8888445,-8.617401,LP,142
266.0,0.2826235,10.801663,-8.601227,LP,142
267.0,-0.45888597,10.968514,-8.705665,LP,142
268.0,0.005836704,10.957658,-8.653375,LP,142
269.0,0.18667495,10.897862,-8.508063,LP,142
270.0,0.13192411,10.895217,-8.56697,LP,142
271.0,0.17127831,10.8089695,-8.470462,LP,142
272.0,0.054039266,10.901677,-8.457866,LP,142
273.0,0.13774161,10.884322,-8.618468,LP,142
274.0,0.19557934,10.960301,-8.39465,LP,142
275.0,0.043160263,10.983132,-8.538439,LP,142
276.0,0.28374615,11.15911,-8.270484,LP,142
277.0,0.1548793,11.200369,-8.329497,LP,142
278.0,0.23622416,10.832542,-8.574158,LP,142
279.0,0.26874793,10.927183,-8.495783,LP,142
280.0,0.3033762,11.362062,-8.310237,LP,142
281.0,0.25534412,11.383389,-8.374891,LP,142
282.0,0.38075352,11.319367,-8.21385,LP,142
283.0,0.42186183,11.562168,-8.543577,LP,142
284.0,0.3728762,11.565688,-7.94826,LP,142
285.0,0.6685024,11.458907,-8.234055,LP,142
286.0,0.37796038,11.5852995,-8.012066,LP,142
287.0,0.5882785,11.308462,-8.265895,LP,142
288.0,0.6499378,11.352768,-8.166511,LP,142
289.0,0.59776086,11.3765335,-8.163173,LP,142
290.0,0.51515794,11.229761,-8.239908,LP,142
291.0,0.7277312,11.302844,-8.2668915,LP,142
292.0,0.6477924,11.397488,-8.151048,LP,142
293.0,0.49771193,11.375965,-8.055678,LP,142
294.0,0.54999423,11.4260645,-8.06282,LP,142
295.0,0.6158575,11.375142,-8.0463085,LP,142
296.0,0.5217533,11.416829,-8.032627,LP,142
297.0,0.57378066,11.380711,-8.1221285,LP,142
298.0,0.20533569,11.222015,-8.265947,LP,142
299.0,0.42725563,11.512467,-7.9201026,LP,142
300.0,0.32288313,11.284476,-8.0857525,LP,142
301.0,0.31022963,11.630191,-7.943047,LP,142
302.0,0.40576628,11.548895,-7.938036,LP,142
303.0,0.3123798,11.503538,-7.685327,LP,142
304.0,0.33173704,11.555715,-7.8333883,LP,142
305.0,0.2707601,11.5916815,-7.780812,LP,142
306.0,0.41687167,11.546473,-7.6920505,LP,142
307.0,0.45970017,11.548213,-7.5151887,LP,142
308.0,-0.010828142,11.602092,-7.145249,LP,142
309.0,0.3028946,11.5692625,-7.421228,LP,142
310.0,0.32966378,11.589293,-7.3996553,LP,142
311.0,0.023519972,11.61615,-7.590726,LP,142
312.0,0.3842602,11.614298,-7.3002973,LP,142
313.0,0.3237482,11.627989,-7.183488,LP,142
314.0,0.24410376,11.612181,-7.3285766,LP,142
315.0,0.070811264,11.694129,-7.164676,LP,142
316.0,0.06590679,11.6858,-7.074208,LP,142
317.0,-0.038207248,11.731224,-7.201586,LP,142
318.0,-0.060416266,11.681526,-7.204072,LP,142
319.0,-0.10194294,11.603982,-6.894998,LP,142
320.0,0.1416003,11.70512,-6.9481077,LP,142
321.0,-0.046887405,11.74433,-6.8316903,LP,142
322.0,0.13559103,11.782171,-6.9038444,LP,142
323.0,0.5093309,11.52149,-6.9260454,LP,142
324.0,0.4014401,11.629553,-6.8017635,LP,142
325.0,0.49829286,11.557335,-6.7430873,LP,142
326.0,0.2803305,11.631792,-6.617357,LP,142
327.0,0.54828256,11.534659,-6.638552,LP,142
328.0,0.33699137,11.373618,-6.611902,LP,142
329.0,0.5290484,11.452559,-6.684727,LP,142
330.0,0.390418,11.5819845,-6.699189,LP,142
331.0,0.5364626,11.506616,-6.640415,LP,142
332.0,0.3894842,11.6110935,-6.7797275,LP,142
333.0,0.56936663,11.464036,-6.642618,LP,142
334.0,0.49475387,11.486803,-6.6296325,LP,142
335.0,0.47908944,11.52225,-6.596381,LP,142
336.0,0.5628917,11.442555,-6.617382,LP,142
337.0,0.4684641,11.535853,-6.53612,LP,142
338.0,0.48823693,11.536208,-6.5454955,LP,142
339.0,0.080148645,11.632824,-6.2816844,LP,142
340.0,0.41218868,11.576731,-6.4724693,LP,142
341.0,0.10073131,11.7565,-6.369962,LP,142
342.0,0.10611614,11.799195,-6.4446907,LP,142
343.0,0.04803084,11.832151,-6.2254195,LP,142
344.0,-0.02770005,11.793967,-6.1997604,LP,142
345.0,-0.19997118,11.930064,-5.9971085,LP,142
346.0,-0.12130535,12.000598,-6.0636964,LP,142
347.0,-0.19998692,11.94134,-6.14133,LP,142
348.0,-0.24861178,12.050594,-6.2028594,LP,142
349.0,-0.2576038,11.989688,-6.0219326,LP,142
350.0,-0.20022157,11.735905,-5.863351,LP,142
351.0,-0.28197923,11.681114,-5.8811855,LP,142
352.0,-0.26017386,11.923636,-6.000935,LP,142
353.0,-0.3233384,11.786462,-5.961925,LP,142
354.0,-0.37812823,11.618355,-5.946195,LP,142
355.0,-0.42940247,11.851479,-6.147377,LP,142
356.0,-0.5087004,11.674784,-5.9552574,LP,142
357.0,-0.52964073,11.692742,-5.97697,LP,142
358.0,-0.95596033,11.885709,-6.278546,LP,142
359.0,-0.43080807,11.676406,-5.998272,LP,142
360.0,-0.51649624,11.617508,-5.934145,LP,142
361.0,-0.39539155,11.577118,-5.8290143,LP,142
362.0,-0.45277938,11.506319,-5.8469625,LP,142
363.0,-0.43411532,11.395745,-6.0244727,LP,142
364.0,-0.36179367,11.374891,-5.8418126,LP,142
365.0,-0.35592085,11.352561,-5.904256,LP,142
366.0,-0.43944684,11.341764,-5.8063135,LP,142
367.0,-0.41808805,11.21589,-5.834599,LP,142
368.0,-0.47043112,11.228858,-5.7964396,LP,142
369.0,-0.5328317,11.194256,-6.064744,LP,142
370.0,-0.46388996,11.338443,-5.766361,LP,142
371.0,-0.27526948,11.134362,-6.1233177,LP,142
372.0,-0.39479798,10.854261,-6.0443687,LP,142
373.0,-0.2705551,10.780974,-5.901405,LP,142
374.0,-0.474064,10.914561,-6.1953278,LP,142
375.0,-0.29442546,10.781182,-5.9315815,LP,142
376.0,-0.33075497,10.845499,-5.9329753,LP,142
377.0,-0.3009786,10.998695,-5.9231167,LP,142
378.0,-0.31982347,10.825324,-5.957218,LP,142
379.0,-0.27039042,10.761389,-5.913304,LP,142
380.0,-0.29326323,10.845037,-5.9385366,LP,142
381.0,-0.32615796,10.828341,-5.941117,LP,142
382.0,-0.38693509,11.07117,-6.055683,LP,142
383.0,-0.5159993,10.921875,-6.1551623,LP,142
384.0,-0.43946883,10.920805,-6.1545777,LP,142
385.0,-0.4951457,11.043083,-6.1218863,LP,142
386.0,-0.5285049,10.937965,-6.268671,LP,142
387.0,-0.56657165,10.989452,-6.3041577,LP,142
388.0,-0.5974278,11.060077,-6.4900637,LP,142
389.0,-0.60473305,11.022553,-6.403754,LP,142
390.0,-0.5388141,10.931783,-6.333781,LP,142
391.0,-0.592042,11.011761,-6.407337,LP,142
392.0,-0.617555,11.109045,-6.5778756,LP,142
393.0,-0.92074317,11.275695,-6.9164324,LP,142
394.0,-0.8061818,11.238438,-6.901336,LP,142
395.0,-3.3536026,10.797062,-8.451257,LP,142
396.0,-1.1186006,11.113694,-7.4269905,LP,142
397.0,-0.9910582,11.219398,-7.060627,LP,142
398.0,-1.1071873,11.176165,-7.1427026,LP,142
399.0,-0.8396124,11.416927,-6.834857,LP,142
400.0,-0.9290898,11.867536,-7.336161,LP,142
401.0,-0.7677116,11.21164,-6.7875414,LP,142
402.0,-0.6521467,11.661678,-7.1035542,LP,142
403.0,-0.7621133,11.730213,-7.4054823,LP,142
404.0,-0.49030545,11.571574,-7.396603,LP,142
405.0,-0.71459067,11.8301,-7.3822536,LP,142
406.0,-0.76741296,11.524971,-7.187349,LP,142
407.0,-0.78665906,11.526535,-7.2410803,LP,142
408.0,-1.0745031,11.7137375,-7.170991,LP,142
409.0,-1.1735647,11.9873705,-7.0378985,LP,142
410.0,-1.0340898,11.892273,-7.1357613,LP,142
411.0,-1.0292914,11.87407,-7.2909656,LP,142
412.0,-0.90988314,11.936098,-7.183914,LP,142
413.0,-1.0208496,11.77877,-7.210976,LP,142
414.0,-0.8492148,11.641953,-7.2601805,LP,142
415.0,-0.6004834,11.5459585,-7.0895753,LP,142
416.0,-0.8596183,11.641445,-7.1749353,LP,142
417.0,-0.71034217,11.487857,-7.1068206,LP,142
418.0,-0.7634641,11.63961,-7.1866894,LP,142
419.0,-0.6708659,11.627706,-7.196503,LP,142
420.0,-1.0579158,11.689271,-7.092831,LP,142
421.0,-1.170122,11.798836,-6.865694,LP,142
422.0,-1.1794648,11.813335,-6.844355,LP,142
423.0,-1.4816117,11.865928,-6.984759,LP,142
424.0,-0.98462594,11.782563,-6.8459563,LP,142
425.0,-1.7590557,12.230445,-6.8692293,LP,142
426.0,-1.4896582,11.612114,-6.763558,LP,142
427.0,-1.6138484,11.812045,-6.529972,LP,142
428.0,-1.6726855,12.40447,-6.644125,LP,142
429.0,-1.7657189,11.538014,-6.6829867,LP,142
430.0,-1.6009479,11.486621,-6.6702695,LP,142
431.0,-1.8270628,11.480538,-6.7802343,LP,142
432.0,-1.7639834,11.594768,-6.722083,LP,142
433.0,-1.9139268,11.529338,-6.7146254,LP,142
434.0,-1.8241445,11.644579,-6.746411,LP,142
435.0,-1.9565394,11.362699,-6.7355666,LP,142
436.0,-1.9287806,11.4248905,-6.6637044,LP,142
437.0,-2.1748435,11.346175,-6.7483144,LP,142
438.0,-1.9411029,11.310699,-6.5240355,LP,142
439.0,-1.9715409,11.22822,-6.547392,LP,142
440.0,-2.074392,11.195883,-6.6705046,LP,142
441.0,-2.1463776,11.316,-6.702491,LP,142
442.0,-2.2103684,11.244576,-6.7212605,LP,142
443.0,-2.1657891,11.115921,-6.852906,LP,142
444.0,-2.1075792,11.203151,-6.682905,LP,142
445.0,-2.2278728,11.066514,-6.9253235,LP,142
446.0,-2.2188172,11.191847,-6.777243,LP,142
447.0,-2.1934388,11.049852,-6.995844,LP,142
448.0,-2.1530893,10.996836,-6.9491606,LP,142
449.0,-2.0981686,11.002427,-7.218227,LP,142
450.0,-2.1412356,10.780782,-7.166649,LP,142
451.0,-2.1696212,10.799423,-7.1684566,LP,142
452.0,-2.1204743,10.758855,-7.190579,LP,142
453.0,-2.3067782,10.78292,-7.3507485,LP,142
454.0,-2.626758,11.238096,-7.0207443,LP,142
455.0,-2.1421466,10.642955,-7.1424513,LP,142
456.0,-2.2416337,10.741616,-7.270044,LP,142
457.0,-2.216691,10.717491,-7.2173295,LP,142
458.0,-2.1466,10.707809,-7.1723356,LP,142
459.0,-2.2378476,10.812178,-7.295524,LP,142
460.0,-2.8909116,11.132594,-7.8788724,LP,142
461.0,-2.227784,11.063112,-7.5601163,LP,142
462.0,-2.4419382,11.044637,-7.746815,LP,142
463.0,-2.3184817,11.065009,-7.6776433,LP,142
464.0,-2.2220256,11.0992775,-7.653229,LP,142
465.0,-2.1597579,11.158249,-7.691466,LP,142
466.0,-2.0882342,11.345444,-7.6230087,LP,142
467.0,-2.2430882,11.3496895,-7.722803,LP,142
468.0,-2.098758,11.565303,-7.581186,LP,142
469.0,-2.2393026,12.100802,-7.363508,LP,142
470.0,-2.0681021,11.680682,-7.387143,LP,142
471.0,-2.0243106,11.630643,-7.33102,LP,142
472.0,-1.9886742,12.713617,-7.195908,LP,142
473.0,-2.0155306,12.616614,-7.201107,LP,142
474.0,-1.9940004,12.663855,-7.320601,LP,142
475.0,-2.1340246,12.5406685,-7.481237,LP,142
476.0,-2.0268707,12.625516,-7.526026,LP,142
477.0,-2.0865166,12.685016,-7.180608,LP,142
478.0,-2.1982694,12.749303,-7.1078315,LP,142
479.0,-2.083738,12.694066,-7.197075,LP,142
480.0,-2.060631,12.8831625,-7.381917,LP,142
481.0,-1.938153,12.875018,-7.201031,LP,142
482.0,-1.9655114,12.684702,-7.0248275,LP,142
483.0,-2.0357015,13.072642,-7.202406,LP,142
484.0,-2.0639708,12.848153,-7.0529046,LP,142
485.0,-1.9444702,12.927429,-7.1476855,LP,142
486.0,-2.1161327,13.168902,-6.952496,LP,142
487.0,-2.206695,13.051666,-6.983787,LP,142
488.0,-2.431703,12.694252,-7.269841,LP,142
489.0,-2.044173,12.979543,-6.958699,LP,142
490.0,-2.419575,12.910909,-6.688364,LP,142
491.0,-2.1884773,12.79289,-6.9730463,LP,142
492.0,-2.1177363,12.843051,-6.7189765,LP,142
493.0,-2.2503572,12.998062,-6.643539,LP,142
494.0,-2.2073023,12.914086,-6.5108943,LP,142
495.0,-2.284511,12.748253,-6.507355,LP,142
496.0,-2.1720123,12.87436,-6.585169,LP,142
497.0,-2.228743,12.773112,-6.688514,LP,142
498.0,-2.305071,13.193618,-6.8187222,LP,142
499.0,-2.1647928,12.921513,-6.5538516,LP,142
500.0,-2.1681414,12.791302,-6.83816,LP,142
501.0,-2.2560573,13.016762,-6.5975704,LP,142
502.0,-2.3383048,12.736141,-6.9793234,LP,142
503.0,-2.3808024,12.711417,-7.1395626,LP,142
504.0,-2.4830184,12.590652,-7.077298,LP,142
505.0,-2.6065333,12.923128,-6.330553,LP,142
506.0,-2.4162738,12.880384,-6.3018804,LP,142
507.0,-2.514421,12.920202,-6.1991477,LP,142
508.0,-2.7049286,12.898414,-6.4240966,LP,142
509.0,-2.574971,12.973117,-6.204689,LP,142
510.0,-2.6494713,13.103625,-6.2339425,LP,142
511.0,-2.8401785,12.986537,-6.3396,LP,142
512.0,-3.1501176,12.974282,-6.8540063,LP,142
513.0,-3.1183207,12.550579,-6.6363792,LP,142
514.0,-3.0375261,12.446577,-6.686872,LP,142
515.0,-2.8385901,12.751312,-6.671287,LP,142
516.0,-3.029074,12.766353,-6.8045044,LP,142
517.0,-3.0566995,12.9095545,-6.9468565,LP,142
518.0,-2.593465,12.463699,-6.8195763,LP,142
519.0,-2.7777812,12.918157,-6.7400784,LP,142
520.0,-2.8225915,12.64505,-6.701678,LP,142
521.0,-2.9348116,12.735339,-6.6457806,LP,142
522.0,-2.987296,12.646816,-6.5456305,LP,142
523.0,-2.6696246,13.06252,-6.6124945,LP,142
524.0,-2.8178396,13.028143,-6.609388,LP,142
525.0,-2.7729037,13.265121,-6.4847155,LP,142
526.0,-2.7440512,13.5709505,-7.4115477,LP,142
527.0,-2.9684258,13.291665,-6.908946,LP,142
528.0,-2.8910987,13.220799,-6.626386,LP,142
529.0,-2.354052,13.552069,-6.828668,LP,142
530.0,-2.9315395,13.267654,-6.3095694,LP,142
531.0,-2.913445,13.358669,-6.436921,LP,142
532.0,-2.9350634,13.107002,-6.320117,LP,142
533.0,-2.7707036,13.495105,-6.2719426,LP,142
534.0,-2.7265275,13.628257,-6.4388914,LP,142
535.0,-2.7760782,13.168103,-6.861038,LP,142
536.0,-2.8336356,13.563455,-6.2611384,LP,142
537.0,-2.499363,13.297375,-6.166991,LP,142
538.0,-2.5536668,13.231537,-6.158776,LP,142
539.0,-2.5931149,13.462359,-6.1427755,LP,142
540.0,-2.5235977,13.444191,-6.074803,LP,142
541.0,-2.590041,13.490175,-6.131951,LP,142
542.0,-2.6084433,13.6210785,-6.303357,LP,142
543.0,-2.6755867,13.536196,-6.27235,LP,142
544.0,-2.7730277,13.412333,-6.4201183,LP,142
545.0,-2.6855297,13.517633,-6.373433,LP,142
546.0,-2.825435,13.340918,-6.587449,LP,142
547.0,-2.6210945,13.561695,-6.401079,LP,142
548.0,-2.7078784,13.486439,-6.3618712,LP,142
549.0,-2.6763813,13.675023,-6.4664407,LP,142
550.0,-2.688836,13.597461,-6.5378237,LP,142
551.0,-2.6484501,13.678958,-6.5641365,LP,142
552.0,-3.0091283,12.851592,-6.563361,LP,142
553.0,-2.5378382,13.55118,-6.6743383,LP,142
554.0,-2.6290345,13.69139,-6.519476,LP,142
555.0,-2.5278227,13.751347,-6.865131,LP,142
556.0,-2.6406643,13.812861,-7.0109634,LP,142
557.0,-2.3650992,13.580366,-6.835428,LP,142
558.0,-2.3792498,13.588503,-6.809759,LP,142
559.0,-2.3904579,13.572947,-6.867893,LP,142
560.0,-2.399787,13.693194,-6.8178964,LP,142
561.0,-2.6675038,13.750574,-6.673759,LP,142
562.0,-2.556529,13.796948,-6.7314644,LP,142
563.0,-2.7240384,13.91363,-6.889327,LP,142
564.0,-2.7915154,13.891088,-6.855684,LP,142
565.0,-2.7848804,13.972813,-6.867521,LP,142
566.0,-2.7560375,13.892953,-6.8754163,LP,142
567.0,-2.8617587,13.870072,-7.205987,LP,142
568.0,-2.9467955,13.960419,-6.9474196,LP,142
569.0,-2.9370537,13.946397,-7.042328,LP,142
570.0,-2.9744272,13.924955,-7.0545826,LP,142
571.0,-2.8245888,13.927357,-6.957711,LP,142
572.0,-2.8412826,13.851131,-7.020347,LP,142
573.0,-2.9708853,13.890337,-7.1084876,LP,142
574.0,-3.2249868,13.554972,-7.3466096,LP,142
575.0,-3.023683,13.802204,-7.136768,LP,142
576.0,-3.240961,13.460748,-7.267234,LP,142
577.0,-3.0500655,13.718822,-7.1984944,LP,142
578.0,-3.0232008,13.552693,-7.253678,LP,142
579.0,-3.0979462,13.622442,-7.2489266,LP,142
580.0,-3.141694,13.449969,-7.3625493,LP,142
581.0,-3.0863407,13.289407,-7.2968483,LP,142
582.0,-3.1525822,13.348925,-7.1819773,LP,142
583.0,-3.0320175,13.30309,-7.367319,LP,142
584.0,-3.0845928,13.4493475,-7.1477304,LP,142
585.0,-3.0861354,13.469071,-7.2928267,LP,142
586.0,-2.9917824,12.409437,-6.730597,LP,142
587.0,-3.1226742,12.978879,-7.26295,LP,142
588.0,-3.2995644,12.718244,-7.212131,LP,142
589.0,-3.2978072,13.203015,-7.4205227,LP,142
590.0,-3.1382349,13.351776,-7.686825,LP,142
591.0,-2.9385605,12.858034,-7.825215,LP,142
592.0,-3.30701,13.162605,-7.5293155,LP,142
593.0,-3.0686102,13.116708,-7.6378245,LP,142
594.0,-3.1532128,13.195019,-7.744325,LP,142
595.0,-3.2307463,13.313949,-7.7307816,LP,142
596.0,-3.3377068,13.263376,-7.9250193,LP,142
597.0,-3.2970557,13.295554,-7.9403424,LP,142
598.0,-2.9532316,13.670385,-7.324876,LP,142
599.0,-3.2880173,13.26404,-7.867046,LP,142
600.0,-3.2573912,13.335072,-8.003423,LP,142
601.0,-3.4464276,13.170924,-7.789957,LP,142
602.0,-3.3882813,12.823825,-7.3678446,LP,142
603.0,-3.3772247,13.211756,-7.7935863,LP,142
604.0,-3.2934258,13.182861,-7.9822836,LP,142
605.0,-3.3688827,13.1531515,-7.6801815,LP,142
606.0,-3.2584074,12.827627,-6.6354012,LP,142
607.0,-3.3168216,13.062639,-7.6630564,LP,142
608.0,-3.2784405,13.165376,-7.238967,LP,142
609.0,-3.3883047,12.318273,-7.0838165,LP,142
610.0,-3.3370092,12.408691,-6.947603,LP,142
611.0,-3.221456,12.366742,-6.890987,LP,142
612.0,-3.2100143,12.543597,-7.0641136,LP,142
613.0,-3.4612205,12.349767,-6.996486,LP,142
614.0,-3.3680205,12.3783045,-6.9521093,LP,142
615.0,-3.3007352,12.48866,-6.8456445,LP,142
616.0,-3.4234164,12.228432,-7.2082944,LP,142
617.0,-2.746606,12.720068,-6.704121,LP,142
618.0,-3.1552985,12.525087,-7.1502867,LP,142
619.0,-3.3491979,12.401087,-6.9340677,LP,142
620.0,-3.411267,11.91138,-7.1826744,LP,142
621.0,-3.1578746,11.997916,-7.0717063,LP,142
622.0,-3.408439,11.774244,-7.072528,LP,142
623.0,-3.5635624,11.768288,-7.2843275,LP,142
624.0,-3.3613362,12.232251,-7.141215,LP,142
625.0,-3.3614182,12.05384,-7.20418,LP,142
626.0,-3.3566625,12.05558,-7.0610647,LP,142
627.0,-3.3385994,11.803462,-7.0748477,LP,142
628.0,-3.2092607,12.018693,-7.052156,LP,142
629.0,-3.3411937,11.724951,-7.449949,LP,142
630.0,-3.490156,11.774627,-7.4230194,LP,142
631.0,-3.3823326,11.72704,-7.446251,LP,142
632.0,-3.3509316,11.832633,-7.3889627,LP,142
633.0,-3.155243,11.807279,-7.2873607,LP,142
634.0,-3.0585294,11.838072,-7.4012837,LP,142
635.0,-3.0722685,11.78497,-7.2375264,LP,142
636.0,-3.1706438,11.703291,-7.2064204,LP,142
637.0,-3.3192413,11.750284,-7.2799716,LP,142
638.0,-3.0196388,11.596746,-6.990075,LP,142
639.0,-2.8644395,11.8666935,-7.3215437,LP,142
640.0,-3.1010191,12.119658,-7.3986545,LP,142
641.0,-2.617644,12.247066,-7.57136,LP,142
642.0,-2.8334322,12.022905,-7.3671756,LP,142
643.0,-2.6481202,12.089259,-7.756675,LP,142
644.0,-2.5146265,12.195943,-7.4437275,LP,142
645.0,-2.5046854,11.896035,-7.5922365,LP,142
646.0,-2.6086767,11.894841,-7.4858894,LP,142
647.0,-2.7435431,11.882427,-7.5059304,LP,142
648.0,-2.6107628,11.998964,-7.466511,LP,142
649.0,-3.0084755,11.852948,-8.268355,LP,142
650.0,-2.9868262,11.978439,-8.047206,LP,142
651.0,-3.143434,11.83778,-7.6055984,LP,142
652.0,-2.970052,12.041136,-7.565527,LP,142
653.0,-3.196084,11.783103,-7.6282587,LP,142
654.0,-3.0990374,11.877914,-7.631533,LP,142
655.0,-3.190263,11.762999,-7.932142,LP,142
656.0,-3.2689714,11.814483,-7.5879,LP,142
657.0,-3.2885664,11.838699,-7.6019936,LP,142
658.0,-3.467422,11.78211,-7.4625874,LP,142
659.0,-3.9054594,11.033077,-8.394679,LP,142
660.0,-3.9149156,10.933521,-8.343091,LP,142
661.0,-3.8990934,10.981427,-8.393478,LP,142
662.0,-3.8654346,11.029917,-8.312355,LP,142
663.0,-3.7206156,10.992463,-8.446312,LP,142
664.0,-3.4258296,11.156143,-8.259399,LP,142
665.0,-3.6955206,11.318588,-8.100999,LP,142
666.0,-3.873833,11.152505,-8.342595,LP,142
667.0,-3.738929,11.203747,-8.452662,LP,142
668.0,-3.8267171,11.12039,-8.47991,LP,142
669.0,-3.8791468,11.257081,-8.498698,LP,142
670.0,-3.6871448,11.241312,-8.520985,LP,142
671.0,-3.38008,11.279193,-8.70271,LP,142
672.0,-3.781231,11.616744,-8.307975,LP,142
673.0,-3.7262511,11.488786,-8.485341,LP,142
674.0,-3.8584087,11.304668,-8.548828,LP,142
675.0,-3.7848287,11.237203,-8.4993925,LP,142
676.0,-3.6980073,11.364639,-8.59473,LP,142
677.0,-3.892325,11.249102,-8.604319,LP,142
678.0,-3.8665721,11.176197,-8.44861,LP,142
679.0,-3.7660522,11.256714,-8.556334,LP,142
680.0,-3.907384,11.172193,-8.606836,LP,142
681.0,-3.5558498,11.03691,-8.483823,LP,142
682.0,-3.565225,11.149473,-8.394349,LP,142
683.0,-3.5534725,10.929523,-8.442742,LP,142
684.0,-3.5605907,10.913078,-8.45198,LP,142
685.0,-3.6069202,11.073587,-8.353395,LP,142
686.0,-3.6286278,11.132295,-8.456377,LP,142
687.0,-3.6311061,10.978203,-8.415719,LP,142
688.0,-3.6066375,11.201711,-8.517883,LP,142
689.0,-3.6470883,11.080415,-8.389983,LP,142
690.0,-3.466066,11.437177,-8.642493,LP,142
691.0,-3.5561876,11.574061,-8.509476,LP,142
692.0,-3.4020185,11.163564,-8.477882,LP,142
693.0,-3.6982427,10.93873,-8.452661,LP,142
694.0,-2.994019,12.075139,-8.340175,LP,142
695.0,-2.8562458,12.117239,-8.301631,LP,142
696.0,-3.4518175,11.461253,-8.584482,LP,142
697.0,-3.0533206,12.345239,-8.146579,LP,142
698.0,-3.2496946,11.847451,-8.526197,LP,142
699.0,-3.2189305,11.941413,-8.456625,LP,142
700.0,-3.070549,12.01833,-8.421628,LP,142
701.0,-3.112458,12.163254,-8.389912,LP,142
702.0,-3.1731627,12.401293,-8.478295,LP,142
703.0,-3.26197,11.401156,-8.407849,LP,142
704.0,-3.3883588,11.560802,-7.8878922,LP,142
705.0,-3.2120352,11.592848,-8.443808,LP,142
706.0,-3.0341423,12.017739,-8.420535,LP,142
707.0,-3.3707197,11.519496,-8.500432,LP,142
708.0,-3.3005304,11.630583,-8.453508,LP,142
709.0,-3.083354,11.93776,-8.588555,LP,142
710.0,-2.8739011,12.427929,-8.7241745,LP,142
711.0,-2.9893162,11.740767,-8.641685,LP,142
712.0,-2.6021888,11.788601,-8.747038,LP,142
713.0,-2.644499,12.111324,-9.274253,LP,142
714.0,-2.885667,12.166904,-8.801669,LP,142
715.0,-2.2958963,12.034726,-8.908959,LP,142
716.0,-2.6468258,11.924555,-8.338493,LP,142
717.0,-2.6372123,11.843602,-8.689235,LP,142
718.0,-2.568665,11.870865,-8.769484,LP,142
719.0,-2.4923573,12.041316,-8.801697,LP,142
720.0,-2.6678832,11.870772,-8.589973,LP,142
721.0,-2.7777414,12.142126,-8.830918,LP,142
722.0,-2.5833728,11.965935,-8.786627,LP,142
723.0,-2.52264,11.99176,-8.714156,LP,142
724.0,-2.5062664,11.798133,-8.838211,LP,142
725.0,-2.5804088,11.918278,-8.709927,LP,142
726.0,-2.6648226,11.579941,-8.214131,LP,142
727.0,-2.7056735,11.637267,-8.086983,LP,142
728.0,-2.6521447,11.553772,-8.22038,LP,142
729.0,-3.0345013,12.658398,-9.291347,LP,142
730.0,-3.0650942,12.660975,-9.375523,LP,142
731.0,-2.9935184,12.647445,-9.3155,LP,142
732.0,-3.0133548,12.661432,-9.289747,LP,142
733.0,-2.9634364,12.610179,-9.294446,LP,142
734.0,-2.9596398,12.632372,-9.355415,LP,142
735.0,-2.8594801,12.64043,-9.344669,LP,142
736.0,-3.0151534,12.616694,-9.273175,LP,142
737.0,-2.7286108,12.546205,-8.91229,LP,142
738.0,-2.7907355,12.683816,-9.378204,LP,142
739.0,-2.784907,12.5393915,-9.100534,LP,142
740.0,-2.8418753,12.048363,-8.542001,LP,142
741.0,-2.5266693,11.742245,-8.969822,LP,142
742.0,-2.8261106,12.27652,-9.052086,LP,142
743.0,-2.7298822,12.126559,-9.029962,LP,142
744.0,-2.8186014,12.107074,-9.036997,LP,142
745.0,-3.0364017,12.349979,-9.051407,LP,142
746.0,-3.0498893,12.574596,-9.138155,LP,142
747.0,-2.9068983,12.487147,-9.033072,LP,142
748.0,-3.004138,12.570043,-9.167973,LP,142
749.0,-3.0861733,12.567072,-9.189802,LP,142
750.0,-2.9618485,12.671245,-9.182801,LP,142
751.0,-2.6186152,12.628941,-8.740193,LP,142
752.0,-2.4850028,12.595441,-9.1313505,LP,142
753.0,-2.592854,12.622044,-8.917377,LP,142
754.0,-2.8269856,12.581079,-8.85126,LP,142
755.0,-2.4995754,12.542817,-8.6847925,LP,142
756.0,-2.462963,12.584552,-9.034088,LP,142
757.0,-2.2554655,12.713723,-8.650477,LP,142
758.0,-2.4904702,12.496604,-8.867903,LP,142
759.0,-2.3325431,12.206588,-8.90545,LP,142
760.0,-2.4610827,12.3573065,-8.97439,LP,142
761.0,-2.675007,12.310458,-9.055887,LP,142
762.0,-2.1619165,11.8857765,-8.9892845,LP,142
763.0,-2.6460116,12.670261,-9.313933,LP,142
764.0,-2.7996507,12.580091,-9.125929,LP,142
765.0,-2.903902,12.654545,-9.341388,LP,142
766.0,-2.670323,12.518524,-9.383919,LP,142
767.0,-2.3138263,12.361116,-9.187989,LP,142
768.0,-2.1311166,12.517497,-9.186392,LP,142
769.0,-2.0263176,12.044252,-8.795621,LP,142
770.0,-2.074764,12.038044,-8.929505,LP,142
771.0,-1.97783,12.034489,-8.800206,LP,142
772.0,-1.8244756,12.092782,-8.732472,LP,142
773.0,-2.0436285,11.977694,-8.803245,LP,142
774.0,-1.8198273,11.955427,-8.8845215,LP,142
775.0,-1.8399532,12.194164,-8.494334,LP,142
776.0,-2.1850338,12.251077,-8.416513,LP,142
777.0,-1.6830072,12.268116,-8.537551,LP,142
778.0,-1.5725611,12.2061615,-8.693811,LP,142
779.0,-1.5196991,11.921401,-8.59237,LP,142
780.0,-1.8612009,12.190881,-8.508136,LP,142
781.0,-1.7445661,12.058267,-8.465697,LP,142
782.0,-2.3799925,11.879379,-7.7808943,LP,142
783.0,-2.0219347,12.597288,-9.0446615,LP,142
784.0,-1.4302678,12.028695,-8.989238,LP,142
785.0,-1.424951,11.911849,-8.85242,LP,142
786.0,-1.3239113,11.8993845,-8.837307,LP,142
787.0,-3.1404111,11.912673,-7.680071,LP,142
788.0,-1.0244869,11.631751,-9.199331,LP,142
789.0,-1.3553494,12.004921,-9.025778,LP,142
790.0,-1.1420572,11.739912,-8.723209,LP,142
791.0,-1.2533255,11.681951,-8.79172,LP,142
792.0,-1.0859652,11.677626,-8.912892,LP,142
793.0,-1.0619433,11.708743,-8.9634075,LP,142
794.0,-1.1494905,11.843033,-9.087428,LP,142
795.0,-1.1593843,11.745566,-9.156274,LP,142
796.0,-1.4323395,11.800309,-9.210868,LP,142
797.0,-1.2636012,11.634933,-8.909669,LP,142
798.0,-1.6823157,12.114088,-8.983441,LP,142
799.0,-1.0253506,11.719151,-9.111431,LP,142
800.0,-1.3966036,11.702257,-9.130579,LP,142
801.0,-0.9941207,11.592387,-9.130594,LP,142
802.0,-1.009739,11.590127,-9.04953,LP,142
803.0,-0.8631072,11.500534,-9.175346,LP,142
804.0,-0.82070535,11.46815,-9.15968,LP,142
805.0,-0.87715715,11.533334,-9.271025,LP,142
806.0,-0.84252095,11.516082,-9.183075,LP,142
807.0,-0.87125754,11.566795,-9.300879,LP,142
808.0,-0.87973803,11.496606,-9.223906,LP,142
809.0,-0.7346273,11.561621,-9.361548,LP,142
810.0,-0.76285845,11.585102,-9.3012295,LP,142
811.0,-0.80106103,11.680123,-9.30377,LP,142
812.0,-0.8051001,11.804024,-9.56677,LP,142
813.0,-0.6640428,11.571442,-9.420946,LP,142
814.0,-0.67407334,11.573143,-9.315565,LP,142
815.0,-0.47467887,11.421133,-8.968071,LP,142
816.0,-0.5267568,11.60312,-9.632601,LP,142
817.0,-0.66049016,11.904457,-9.7341585,LP,142
818.0,-0.6095744,11.853685,-9.605097,LP,142
819.0,-0.16916978,12.052067,-9.217336,LP,142
820.0,-0.35829717,11.98492,-9.338789,LP,142
821.0,-0.4868431,11.960384,-9.335749,LP,142
822.0,-0.42402107,11.988447,-9.430408,LP,142
823.0,-0.48775885,11.928442,-9.641054,LP,142
824.0,-0.36524913,11.976865,-9.561511,LP,142
825.0,-0.3156648,11.828564,-9.65854,LP,142
826.0,-0.2940415,11.960571,-9.546466,LP,142
827.0,-0.18035491,12.011898,-9.563732,LP,142
828.0,-0.3027373,11.869999,-9.614026,LP,142
829.0,-0.52076656,11.840892,-9.476369,LP,142
830.0,-0.27626768,11.943227,-9.524818,LP,142
831.0,-0.31043008,11.876026,-9.623328,LP,142
832.0,-0.052330274,11.38097,-10.08554,LP,142
833.0,-0.015720896,12.3111515,-9.654649,LP,142
834.0,-0.048333928,11.159977,-10.355171,LP,142
835.0,-0.1139397,11.252825,-10.381817,LP,142
836.0,-0.03690972,11.286,-10.260087,LP,142
837.0,-0.031212747,11.348395,-10.2289,LP,142
838.0,-0.055089552,11.202868,-10.208623,LP,142
839.0,-0.015123632,11.488616,-10.110678,LP,142
840.0,0.02624332,11.131043,-10.583372,LP,142
841.0,-0.13072193,11.391686,-10.166285,LP,142
842.0,-0.10752163,11.18852,-10.55134,LP,142
843.0,-0.14483674,11.217888,-10.548225,LP,142
844.0,-0.109110855,11.225716,-10.472154,LP,142
845.0,-0.036809243,11.402393,-10.376496,LP,142
846.0,0.00438258,11.098983,-10.405479,LP,142
847.0,-0.05719389,11.193894,-10.293207,LP,142
848.0,-0.068554886,11.155368,-10.670667,LP,142
849.0,-0.06577526,11.101437,-10.74129,LP,142
850.0,-0.048665207,11.141889,-10.832029,LP,142
851.0,0.05619651,11.101942,-10.937055,LP,142
852.0,0.05653584,11.059334,-11.143722,LP,142
853.0,0.00250307,11.098219,-11.026923,LP,142
854.0,0.03444862,11.075594,-11.152682,LP,142
855.0,0.005910273,11.157933,-11.277236,LP,142
856.0,-0.18934867,11.439305,-11.298798,LP,142
857.0,0.06566979,11.067198,-11.298347,LP,142
858.0,0.15992357,11.073267,-11.374965,LP,142
859.0,0.10507562,11.091094,-11.387094,LP,142
860.0,0.07796178,11.127816,-11.289355,LP,142
861.0,0.016802205,11.293567,-11.573348,LP,142
862.0,0.1824054,11.143696,-11.416328,LP,142
863.0,0.0780024,11.132982,-11.36104,LP,142
864.0,0.101746924,11.128525,-11.263287,LP,142
865.0,0.08132393,11.199512,-11.421931,LP,142
866.0,0.23934706,11.180475,-11.668823,LP,142
867.0,0.33883503,11.34162,-11.824042,LP,142
868.0,0.09218115,11.642927,-12.159689,LP,142
869.0,0.35033405,11.4037,-11.953749,LP,142
870.0,0.45607904,11.486709,-12.284641,LP,142
871.0,0.5151563,11.42985,-11.947262,LP,142
872.0,0.27791265,11.658469,-12.116497,LP,142
873.0,0.5056157,11.50753,-11.97391,LP,142
874.0,0.40273702,11.486609,-12.14138,LP,142
875.0,0.3849836,11.527069,-12.218103,LP,142
876.0,0.34653294,11.453765,-12.159261,LP,142
877.0,0.28998914,11.542789,-12.144931,LP,142
878.0,0.24265192,11.534735,-12.246694,LP,142
879.0,0.3080743,11.394483,-12.333649,LP,142
880.0,0.27321804,11.567467,-12.407659,LP,142
881.0,0.24509221,11.598561,-12.284556,LP,142
882.0,0.3222018,11.512551,-12.45947,LP,142
883.0,0.36325088,11.5229435,-12.444413,LP,142
884.0,0.39358053,11.582974,-12.554776,LP,142
885.0,0.38263425,11.533722,-12.525749,LP,142
886.0,0.44022173,11.559598,-12.583535,LP,142
887.0,0.34858754,11.592655,-12.634677,LP,142
888.0,0.34586042,11.534802,-12.538907,LP,142
889.0,0.286165,11.63997,-12.667517,LP,142
890.0,0.34017968,11.601304,-12.66835,LP,142
891.0,0.32720938,11.6482,-12.717832,LP,142
892.0,0.31372645,11.6489315,-12.756749,LP,142
893.0,0.34651756,11.543292,-12.606376,LP,142
894.0,0.27715382,11.678725,-12.727001,LP,142
895.0,0.2475282,11.675425,-12.718989,LP,142
896.0,0.22623242,11.70844,-12.726304,LP,142
897.0,0.23948416,11.74511,-12.821677,LP,142
898.0,0.21860051,11.751796,-12.804918,LP,142
899.0,0.2357932,11.698532,-12.715786,LP,142
0.0,6.8067865,11.473191,2.3919694,PO,30
1.0,6.3997874,11.04043,2.712403,PO,30
2.0,6.356818,12.67368,3.7944605,PO,30
3.0,4.555518,13.222643,3.9013631,PO,30
4.0,5.878836,10.116101,4.542888,PO,30
5.0,5.1874547,13.410852,3.8473318,PO,30
6.0,6.0488763,12.931514,3.0358973,PO,30
7.0,5.1644626,13.068395,4.521144,PO,30
8.0,7.106565,12.121557,4.8823586,PO,30
9.0,4.584991,11.049715,3.4016373,PO,30
10.0,5.571873,11.714499,4.75344,PO,30
11.0,6.969052,11.264786,4.865729,PO,30
12.0,7.58775,11.669423,3.4332435,PO,30
13.0,5.8842726,11.639318,4.610235,PO,30
14.0,7.3936944,11.456392,3.9920275,PO,30
15.0,7.1540627,11.81706,4.497081,PO,30
16.0,7.24725,11.097465,4.6331005,PO,30
17.0,7.2541394,10.964268,4.529609,PO,30
18.0,5.781902,11.881519,4.4664183,PO,30
19.0,5.218463,11.146456,4.3118806,PO,30
20.0,4.925338,11.025332,4.1079683,PO,30
21.0,7.65537,11.321841,3.8621802,PO,30
22.0,5.699626,13.609973,4.304146,PO,30
23.0,5.2352624,12.146065,5.53556,PO,30
24.0,7.4372587,12.126888,4.4898167,PO,30
25.0,7.324983,11.894219,3.954787,PO,30
26.0,6.895477,10.8477,4.5535803,PO,30
27.0,5.287338,10.91374,4.6653414,PO,30
28.0,6.483275,11.008214,5.065692,PO,30
29.0,6.874527,10.66036,4.063721,PO,30
30.0,5.8009915,9.934657,4.2553053,PO,30
31.0,5.18661,13.331488,3.5593991,PO,30
32.0,4.5832357,11.460744,2.8790264,PO,30
33.0,7.239943,11.699949,4.056957,PO,30
34.0,7.6172805,11.227581,3.4400816,PO,30
35.0,7.612239,11.015464,3.3882947,PO,30
36.0,5.998272,10.930877,4.7268934,PO,30
37.0,6.6568084,11.688321,4.524668,PO,30
38.0,5.438208,12.137408,3.1031337,PO,30
39.0,6.000242,11.92418,3.248136,PO,30
40.0,4.6827974,10.957594,2.83813,PO,30
41.0,7.0874567,10.812565,3.271032,PO,30
42.0,7.0850034,12.596512,3.4344268,PO,30
43.0,7.2956467,11.663212,3.6558468,PO,30
44.0,7.379478,10.128926,3.7460546,PO,30
45.0,6.9576697,12.75822,4.5265484,PO,30
46.0,5.8116717,11.733964,5.38266,PO,30
47.0,5.125654,11.622957,4.429019,PO,30
48.0,4.605416,11.753346,3.991794,PO,30
49.0,4.7073765,11.574566,2.8022404,PO,30
50.0,7.306322,11.118647,4.249376,PO,30
51.0,7.2785897,11.7639065,3.964747,PO,30
52.0,5.8732634,12.724374,2.5971162,PO,30
53.0,4.945615,11.565521,3.0312672,PO,30
54.0,7.236051,12.37244,3.4374692,PO,30
55.0,6.9796305,12.136159,4.2104917,PO,30
56.0,7.5159774,11.88178,3.3513505,PO,30
57.0,5.554187,12.868092,3.0869014,PO,30
58.0,4.865894,11.75158,2.506894,PO,30
59.0,4.950434,10.253447,5.0562186,PO,30
60.0,6.2130785,10.888628,4.8808236,PO,30
61.0,4.8091526,10.100811,4.9008994,PO,30
62.0,6.724886,10.072516,3.645361,PO,30
63.0,5.698498,10.7463665,3.4618695,PO,30
64.0,5.625481,10.240008,2.8839772,PO,30
65.0,4.226165,13.778223,4.8694205,PO,30
66.0,4.1856623,13.738844,4.799081,PO,30
67.0,4.091205,13.812572,4.800036,PO,30
68.0,4.105787,13.786016,4.8418326,PO,30
69.0,4.23579,13.938946,4.695708,PO,30
70.0,4.157616,13.813937,4.836678,PO,30
71.0,4.40869,13.600166,4.679216,PO,30
72.0,4.199891,13.785541,4.844261,PO,30
73.0,4.2080936,13.725665,4.840443,PO,30
74.0,4.1977544,13.443585,4.710625,PO,30
75.0,5.0415354,11.421003,2.880097,PO,30
76.0,6.710429,11.210008,5.0467362,PO,30
77.0,6.328146,12.0416565,4.063688,PO,30
78.0,7.133865,12.605467,3.524544,PO,30
79.0,7.5586348,12.253499,3.9500656,PO,30
80.0,5.1149745,13.401657,4.881672,PO,30
81.0,6.2236457,11.452231,5.1640716,PO,30
82.0,4.8722057,11.68086,4.2149544,PO,30
83.0,5.309419,11.792064,5.0682144,PO,30
84.0,5.171804,12.750733,4.6383862,PO,30
85.0,5.5945444,11.903863,4.655587,PO,30
86.0,5.17181,12.743905,5.1582766,PO,30
87.0,4.7972736,11.736559,4.350384,PO,30
88.0,6.299458,12.464698,5.228502,PO,30
89.0,6.4363117,12.058664,4.9568725,PO,30
90.0,5.0010858,13.445016,4.443583,PO,30
91.0,4.8384995,11.627024,4.0617957,PO,30
92.0,4.470098,12.599346,4.0754876,PO,30
93.0,4.4882812,12.568997,4.145373,PO,30
94.0,4.5669723,12.45688,4.138948,PO,30
95.0,5.479049,12.607206,2.8365476,PO,30
96.0,5.5324044,12.477549,4.294723,PO,30
97.0,5.8587475,13.00556,4.152543,PO,30
98.0,6.701312,12.730853,4.322921,PO,30
99.0,4.7102723,12.510791,4.407611,PO,30
100.0,5.149182,13.2885065,4.2255716,PO,30
101.0,5.811783,13.069222,4.0240197,PO,30
102.0,5.5069118,13.353571,3.8434913,PO,30
103.0,7.718913,11.541102,3.7243738,PO,30
104.0,7.6643524,11.768243,3.596982,PO,30
105.0,5.4136457,12.756538,5.139051,PO,30
106.0,5.118519,12.21034,5.435145,PO,30
107.0,5.1161857,12.353551,5.0122266,PO,30
108.0,5.178672,11.902163,4.2329683,PO,30
109.0,7.012632,12.7994795,4.878296,PO,30
110.0,5.257081,12.231285,5.4693384,PO,30
111.0,5.247774,11.846412,5.033217,PO,30
112.0,5.3745923,11.736881,5.077455,PO,30
113.0,6.6584144,12.677348,4.026014,PO,30
114.0,7.0493884,12.785671,4.7534323,PO,30
115.0,5.8742356,11.929299,5.3419356,PO,30
116.0,5.555109,12.854587,3.9049127,PO,30
117.0,6.1264524,13.131506,3.5789905,PO,30
118.0,6.656723,13.12486,3.8819542,PO,30
119.0,7.027103,11.233674,4.8978524,PO,30
120.0,6.247983,12.641095,5.2711825,PO,30
121.0,6.3478117,12.680176,5.1918297,PO,30
122.0,5.4659367,12.686992,2.871826,PO,30
123.0,4.4760523,12.653568,4.2379303,PO,30
124.0,5.475847,12.060557,5.351041,PO,30
125.0,4.910124,11.571954,5.145449,PO,30
126.0,5.264361,11.717578,5.3013997,PO,30
127.0,6.155929,11.702836,5.092885,PO,30
128.0,5.235825,12.487453,3.960057,PO,30
129.0,5.4756403,13.274689,4.367303,PO,30
130.0,4.99953,11.677939,2.5323071,PO,30
131.0,6.051192,10.433657,3.370528,PO,30
132.0,6.1174,10.519743,3.11685,PO,30
133.0,7.639885,11.613847,3.3846593,PO,30
134.0,5.3002453,11.23952,2.714177,PO,30
135.0,5.260047,12.4974575,4.9929395,PO,30
136.0,4.9465656,12.5043745,3.1362886,PO,30
137.0,4.978885,11.879602,2.4505138,PO,30
138.0,5.045981,11.645341,2.604364,PO,30
139.0,5.157385,11.633598,2.4447827,PO,30
140.0,4.6176515,12.59193,3.1507235,PO,30
141.0,4.347225,12.42103,4.4892063,PO,30
142.0,6.1426873,12.678715,4.656847,PO,30
143.0,5.8350224,11.395795,4.08485,PO,30
144.0,4.68773,13.832213,4.6714163,PO,30
145.0,4.2566032,13.839084,4.9201407,PO,30
146.0,4.2827334,13.706172,4.7947907,PO,30
147.0,5.055947,13.173866,4.4067044,PO,30
148.0,4.8898096,13.449267,4.070099,PO,30
149.0,4.170379,13.636695,4.795067,PO,30
150.0,4.32603,13.571369,4.691858,PO,30
151.0,4.973517,13.433511,4.451025,PO,30
152.0,5.687927,13.49415,4.3797197,PO,30
153.0,4.4104166,12.511829,4.8197026,PO,30
154.0,4.574971,13.224131,4.6083136,PO,30
155.0,5.1691732,13.403152,4.914396,PO,30
156.0,4.2486696,13.428542,4.6908355,PO,30
157.0,4.3249507,13.085286,4.629807,PO,30
158.0,5.7318044,12.917825,4.428938,PO,30
159.0,4.7929645,12.919176,3.7419786,PO,30
160.0,6.50777,12.053189,5.1243143,PO,30
161.0,4.481761,12.880268,4.5927787,PO,30
162.0,5.1711764,13.152299,5.1368823,PO,30
163.0,5.2551227,13.257722,4.9578876,PO,30
164.0,5.0156302,11.861173,3.7106209,PO,30
165.0,5.001631,12.988561,4.1515136,PO,30
166.0,5.6390553,12.140101,5.2333794,PO,30
167.0,5.9953656,11.460841,2.4359102,PO,30
168.0,5.076428,13.028324,3.2652586,PO,30
169.0,4.896823,12.990664,3.4746997,PO,30
170.0,5.385847,12.5585575,4.9831605,PO,30
171.0,6.3529215,11.82483,5.317531,PO,30
172.0,6.4219866,12.747469,4.106224,PO,30
173.0,5.204292,12.199838,5.206905,PO,30
174.0,5.582509,12.720629,5.2874765,PO,30
175.0,5.256873,12.519975,5.265109,PO,30
176.0,4.89602,12.632389,5.121833,PO,30
177.0,6.4535728,12.210247,5.443691,PO,30
178.0,7.097885,10.861171,4.1450214,PO,30
179.0,7.150691,12.346125,4.5625486,PO,30
180.0,6.333603,12.089398,5.167349,PO,30
181.0,6.3396177,12.092831,5.2459836,PO,30
182.0,7.1638017,10.005789,3.6119819,PO,30
183.0,6.567364,9.766152,3.7215846,PO,30
184.0,5.805202,11.439647,5.2604284,PO,30
185.0,5.4594407,12.873429,5.064999,PO,30
186.0,4.400229,11.769992,4.8349705,PO,30
187.0,4.719456,12.302748,3.37432,PO,30
188.0,5.8523707,10.779411,4.7469482,PO,30
189.0,5.2276063,10.47126,3.957694,PO,30
190.0,4.8225403,11.474753,4.310417,PO,30
191.0,4.4733286,11.905504,4.660516,PO,30
192.0,4.9961166,12.156993,5.237014,PO,30
193.0,4.8868656,10.012026,5.110916,PO,30
194.0,4.209583,13.575351,4.8603773,PO,30
195.0,4.3017592,13.652777,4.7783675,PO,30
196.0,4.4562593,12.716802,4.8543787,PO,30
197.0,4.421159,13.635046,4.774895,PO,30
198.0,4.574854,13.511129,4.7934165,PO,30
199.0,4.494465,13.630799,4.819112,PO,30
200.0,6.64273,12.633646,5.0698733,PO,30
201.0,4.3853526,13.049202,4.643678,PO,30
202.0,5.9309955,10.653119,4.418491,PO,30
203.0,6.5695744,13.198085,4.419182,PO,30
204.0,6.725022,12.2287445,4.7063937,PO,30
205.0,4.6060934,11.306005,4.5189886,PO,30
206.0,4.488805,12.586736,4.8381243,PO,30
207.0,4.591805,10.918622,4.907697,PO,30
208.0,4.9073668,10.724444,4.9480224,PO,30
209.0,4.542387,11.772787,3.311601,PO,30
210.0,4.6486115,10.212686,4.7671895,PO,30
211.0,6.2279196,12.122711,2.4585903,PO,30
212.0,4.897363,11.369054,3.5975575,PO,30
213.0,5.581867,10.70656,3.151342,PO,30
214.0,4.6955085,10.16594,4.7597466,PO,30
215.0,4.7476106,9.982188,4.593336,PO,30
216.0,4.803622,10.261444,4.304094,PO,30
217.0,4.744054,10.469144,4.288118,PO,30
218.0,4.912253,10.001153,4.6047683,PO,30
219.0,4.4203367,11.406766,3.6424603,PO,30
220.0,4.998058,9.51901,4.9030905,PO,30
221.0,5.2530146,9.9413805,4.628748,PO,30
222.0,4.786467,10.05665,4.560982,PO,30
223.0,4.9749722,10.368917,2.683446,PO,30
224.0,4.7289867,10.329062,4.2557673,PO,30
225.0,4.734483,10.382828,4.285175,PO,30
226.0,4.906318,11.93573,2.6679726,PO,30
227.0,5.0119443,10.509776,3.0468917,PO,30
228.0,7.486049,10.37807,3.5828602,PO,30
229.0,7.3887105,10.609831,3.7744386,PO,30
230.0,7.5714107,11.096836,3.6227927,PO,30
231.0,4.805304,9.899595,4.8328156,PO,30
232.0,6.310423,10.870167,2.198671,PO,30
233.0,6.529172,11.0163765,2.1505802,PO,30
234.0,5.2763376,10.344953,3.1523721,PO,30
235.0,4.9897842,10.190623,2.74411,PO,30
236.0,5.781721,9.497435,3.9809444,PO,30
237.0,5.9746857,9.620868,4.5788307,PO,30
238.0,4.910863,10.048112,3.293875,PO,30
239.0,4.7267094,10.344087,3.2625017,PO,30
240.0,5.0429187,10.205639,3.5220096,PO,30
241.0,5.0106177,9.533953,4.1088758,PO,30
242.0,5.1700397,9.703473,4.336488,PO,30
243.0,5.577122,9.421574,4.5719247,PO,30
244.0,6.1682706,11.191679,2.2956886,PO,30
245.0,4.837801,10.174105,3.3955739,PO,30
246.0,4.5379543,11.333086,4.168645,PO,30
247.0,4.843372,9.992413,3.912235,PO,30
248.0,4.930676,9.440025,4.8978024,PO,30
249.0,4.547499,11.241125,3.5600564,PO,30
250.0,4.6183014,11.453826,3.7242174,PO,30
251.0,5.1581025,13.050357,3.6457553,PO,30
252.0,4.7656817,11.286931,4.4808974,PO,30
253.0,4.812184,11.532692,2.6788292,PO,30
254.0,5.4900594,9.715251,3.4413676,PO,30
255.0,7.5416765,11.257233,3.9428895,PO,30
256.0,7.452851,10.820968,3.345405,PO,30
257.0,4.7817335,9.768663,4.051722,PO,30
258.0,5.4407797,9.282517,4.2947717,PO,30
259.0,4.9417048,9.818706,3.6749969,PO,30
260.0,7.076406,11.111485,2.6234787,PO,30
261.0,5.03914,9.497324,4.840686,PO,30
262.0,7.3932247,10.800854,3.9221046,PO,30
263.0,6.1482263,10.120588,2.8274333,PO,30
264.0,5.4491873,10.669972,2.7247732,PO,30
265.0,4.7933536,9.881847,3.7020926,PO,30
266.0,6.5329328,11.168922,2.3293562,PO,30
267.0,6.6792436,11.176839,2.2895558,PO,30
268.0,5.3730803,10.53174,2.6752934,PO,30
269.0,6.1210885,12.292068,4.862699,PO,30
270.0,7.200101,12.391191,3.550569,PO,30
271.0,6.057217,11.13875,2.8984075,PO,30
272.0,5.572614,11.58663,2.2352355,PO,30
273.0,4.4696727,11.584341,3.2271245,PO,30
274.0,5.662722,10.667043,2.5775082,PO,30
275.0,5.653773,11.024175,2.7010272,PO,30
276.0,5.489518,10.984303,4.0251203,PO,30
277.0,5.7729096,9.292502,4.3310986,PO,30
278.0,4.471644,11.369466,4.7370067,PO,30
279.0,4.619162,11.898119,3.4550412,PO,30
280.0,6.1953597,10.126324,3.0937998,PO,30
281.0,4.8697357,10.529712,2.8038015,PO,30
282.0,6.2612467,10.36429,3.4269335,PO,30
283.0,6.6281557,10.00054,2.9977615,PO,30
284.0,7.024535,10.436924,4.5362024,PO,30
285.0,6.8136253,10.478856,2.639269,PO,30
286.0,4.5455604,10.998833,3.2065914,PO,30
287.0,7.55422,10.810852,3.5363371,PO,30
288.0,6.043441,10.186865,2.8018353,PO,30
289.0,5.0050035,10.208447,2.5890243,PO,30
290.0,6.8569593,10.136716,3.300944,PO,30
291.0,5.0579853,11.314512,2.7561347,PO,30
292.0,5.073313,10.241882,2.574835,PO,30
293.0,5.0295687,9.903091,4.104464,PO,30
294.0,5.138987,10.021264,2.6942556,PO,30
295.0,5.138931,10.069023,2.7467544,PO,30
296.0,5.160324,9.994883,2.7000604,PO,30
297.0,4.9971633,10.084488,3.1154146,PO,30
298.0,5.4121027,10.170795,2.7927744,PO,30
299.0,5.259591,10.009627,2.8061726,PO,30
300.0,5.9559145,9.655179,3.5976326,PO,30
301.0,6.3098054,9.685545,3.492894,PO,30
302.0,5.731624,10.328974,2.7498918,PO,30
303.0,5.2635884,11.729336,2.9669793,PO,30
304.0,5.507745,9.650571,3.5319812,PO,30
305.0,5.4693294,9.6578245,3.4892378,PO,30
306.0,5.940725,12.24688,3.0160558,PO,30
307.0,6.3705688,10.591872,4.384989,PO,30
308.0,4.794432,10.635044,3.6108093,PO,30
309.0,5.1710367,10.237296,3.0147731,PO,30
310.0,7.0294805,12.817219,3.760149,PO,30
311.0,4.9492126,11.78302,2.4621484,PO,30
312.0,4.8648005,11.706535,2.5290582,PO,30
313.0,6.407577,10.542663,3.9781535,PO,30
314.0,5.114148,11.164502,2.7728755,PO,30
315.0,5.736547,12.769489,4.309861,PO,30
316.0,5.4944506,12.645333,3.4657645,PO,30
317.0,5.991534,11.243332,5.089081,PO,30
318.0,4.8457537,12.097352,3.77356,PO,30
319.0,5.1977654,13.292814,3.8460305,PO,30
320.0,4.768236,10.992146,4.0503883,PO,30
321.0,7.5760827,11.363712,3.970512,PO,30
322.0,5.874784,10.284761,4.098059,PO,30
323.0,5.562203,10.716193,3.5846038,PO,30
324.0,4.86081,10.239598,3.3502462,PO,30
325.0,4.5501122,12.599195,4.7458577,PO,30
326.0,5.2664127,13.102131,4.9634557,PO,30
327.0,5.101478,12.925733,3.3100772,PO,30
328.0,4.7319674,12.355112,4.235891,PO,30
329.0,6.7323966,12.19134,3.8907943,PO,30
330.0,7.0401554,12.407531,4.4495826,PO,30
331.0,6.574132,12.424953,3.420672,PO,30
332.0,7.3487735,11.640201,3.3370833,PO,30
333.0,5.9808974,11.406579,3.7412095,PO,30
334.0,6.0598073,10.853452,4.342863,PO,30
335.0,6.6499424,11.296119,5.0309815,PO,30
336.0,5.7023964,12.437197,2.9976125,PO,30
337.0,5.2630434,12.2007475,3.0627458,PO,30
338.0,5.963632,13.062657,3.5440297,PO,30
339.0,6.614365,12.55237,2.9304552,PO,30
340.0,5.093975,11.814678,4.3928585,PO,30
341.0,5.2988625,11.296626,4.2095656,PO,30
342.0,5.795946,13.057411,4.406135,PO,30
343.0,5.088173,10.976603,4.210082,PO,30
344.0,5.4439096,13.13855,3.8407063,PO,30
345.0,5.2820787,11.469418,5.2187448,PO,30
346.0,6.6068764,12.43574,3.8102498,PO,30
347.0,6.7392035,12.550794,5.079215,PO,30
348.0,6.5200047,12.00369,3.8766654,PO,30
349.0,6.9711375,12.263526,3.8949702,PO,30
350.0,5.4646235,13.642586,4.4545226,PO,30
351.0,4.4838843,11.078081,3.2869518,PO,30
352.0,6.7725987,12.466792,5.0683694,PO,30
353.0,5.8370495,12.858681,2.7407467,PO,30
354.0,6.82548,12.5150175,5.0945992,PO,30
355.0,6.166321,12.69043,5.2219534,PO,30
356.0,6.067989,13.046887,4.9995127,PO,30
357.0,6.4417443,12.42895,5.102658,PO,30
358.0,5.452281,12.822416,4.1470375,PO,30
359.0,6.4429,13.146278,4.5389743,PO,30
360.0,6.9806027,12.810485,3.7850358,PO,30
361.0,5.9113827,13.084073,4.552228,PO,30
362.0,5.6165085,12.587021,5.1746716,PO,30
363.0,6.4028945,10.493254,3.0125237,PO,30
364.0,5.649033,12.368543,3.1973457,PO,30
365.0,5.58363,11.072922,4.148676,PO,30
366.0,5.997667,12.587301,4.328265,PO,30
367.0,4.6408796,12.619657,4.7967715,PO,30
368.0,5.6011477,12.561079,5.361763,PO,30
369.0,5.0938373,12.534795,3.8322659,PO,30
370.0,5.7071395,12.608271,5.3404546,PO,30
371.0,6.725302,13.21749,3.9376223,PO,30
372.0,7.111888,12.412795,4.9503975,PO,30
373.0,5.576839,10.609408,4.5158653,PO,30
374.0,6.3192863,13.149162,4.20434,PO,30
375.0,6.176295,13.115323,4.092491,PO,30
376.0,5.8180113,12.421785,4.404181,PO,30
377.0,6.1139817,13.167329,4.51512,PO,30
378.0,5.6946125,12.489142,4.5531573,PO,30
379.0,5.9124546,12.460777,2.8959928,PO,30
380.0,6.030255,13.105669,4.4637046,PO,30
381.0,6.1376877,11.695283,5.128519,PO,30
382.0,6.9567604,12.651847,4.3240657,PO,30
383.0,6.4284024,11.74485,3.6699712,PO,30
384.0,5.4965544,12.863655,4.419888,PO,30
385.0,5.734329,12.088286,5.155172,PO,30
386.0,5.7155633,13.554773,4.366958,PO,30
387.0,5.6552773,13.270215,3.6238585,PO,30
388.0,6.4725165,13.046473,4.139481,PO,30
389.0,6.665491,13.126098,3.9186897,PO,30
390.0,5.796798,12.976535,5.134136,PO,30
391.0,6.257117,13.052547,3.5036564,PO,30
392.0,5.213639,12.580537,3.2114592,PO,30
393.0,7.238316,11.424069,4.201274,PO,30
394.0,5.1466618,12.110718,4.770234,PO,30
395.0,5.0718665,12.120589,3.4714186,PO,30
396.0,6.2635202,11.797841,5.0277314,PO,30
397.0,6.0120163,12.105811,3.1363592,PO,30
398.0,6.934052,12.066446,2.9388754,PO,30
399.0,5.1282144,11.055932,3.2960927,PO,30
400.0,6.6956544,12.429356,3.7668915,PO,30
401.0,5.555617,12.051233,3.4927194,PO,30
402.0,5.9126687,12.353887,3.8187377,PO,30
403.0,6.741307,13.012314,3.4083447,PO,30
404.0,6.8201084,12.77898,3.3994098,PO,30
405.0,6.5390043,12.031419,4.1725206,PO,30
406.0,5.7552395,12.671318,3.559327,PO,30
407.0,5.2847457,11.752788,2.9476485,PO,30
408.0,5.2920427,12.103475,4.7309856,PO,30
409.0,6.1558027,12.690426,3.1447558,PO,30
410.0,4.9793386,10.3685665,5.0518293,PO,30
411.0,5.6127715,11.109877,4.6663337,PO,30
412.0,6.198667,12.197409,5.1750836,PO,30
413.0,5.73196,10.614358,4.6145334,PO,30
414.0,6.569517,12.553504,5.0510983,PO,30
415.0,5.006487,11.16459,3.60812,PO,30
416.0,5.8993397,10.974858,4.780161,PO,30
417.0,4.895124,11.580509,4.0645857,PO,30
418.0,5.8084064,13.514703,4.16022,PO,30
419.0,6.138037,12.563352,4.8218393,PO,30
420.0,6.1287923,12.513259,5.144501,PO,30
421.0,5.4760356,10.251939,5.0982823,PO,30
422.0,6.6817565,11.769341,4.768374,PO,30
423.0,5.182791,11.213744,4.632855,PO,30
424.0,6.0494165,11.615294,4.222024,PO,30
425.0,6.3349323,11.27672,4.626245,PO,30
426.0,5.8284755,11.486169,5.260824,PO,30
427.0,6.7465625,10.411341,3.9304063,PO,30
428.0,6.3780637,11.688969,4.9479737,PO,30
429.0,7.104413,12.457249,4.8375373,PO,30
430.0,5.063195,11.238988,3.905263,PO,30
431.0,5.7980533,11.132532,4.635823,PO,30
432.0,5.5256953,11.462667,5.1286798,PO,30
433.0,6.8538895,12.141403,3.1129277,PO,30
434.0,5.3112197,13.049221,3.6330616,PO,30
435.0,5.048899,11.956184,2.5783665,PO,30
436.0,6.9782195,12.413768,4.980252,PO,30
437.0,4.681614,11.021287,3.6858447,PO,30
438.0,6.9477444,12.284782,5.063507,PO,30
439.0,7.1952434,12.45512,4.381954,PO,30
440.0,4.803971,10.696411,2.791912,PO,30
441.0,5.6999235,11.833998,5.312455,PO,30
442.0,6.625786,10.36548,4.644151,PO,30
443.0,7.179963,11.311419,2.9643648,PO,30
444.0,7.078113,10.475312,4.0858064,PO,30
445.0,7.4812107,10.297303,3.9114978,PO,30
446.0,7.0606337,10.467828,4.4918776,PO,30
447.0,7.541218,10.453607,3.4959693,PO,30
448.0,5.7280583,11.113724,2.3201,PO,30
449.0,4.9760675,9.562691,4.7668595,PO,30
450.0,5.112758,9.53017,4.773723,PO,30
451.0,5.7233224,9.46633,4.4215517,PO,30
452.0,4.926457,10.303069,5.177492,PO,30
453.0,5.452422,9.374211,4.683847,PO,30
454.0,5.4298124,9.414382,4.7018976,PO,30
455.0,5.0385137,9.557257,4.656292,PO,30
456.0,5.2424803,9.511946,4.5671606,PO,30
457.0,5.3154435,10.649108,2.4928236,PO,30
458.0,5.535107,9.602633,4.6424923,PO,30
459.0,5.7960014,10.599256,3.0131488,PO,30
460.0,5.390533,9.53477,4.4211397,PO,30
461.0,5.17558,9.784999,4.005085,PO,30
462.0,5.685395,9.315251,4.3883066,PO,30
463.0,4.9534707,10.371558,2.907831,PO,30
464.0,6.270117,9.922071,3.8930001,PO,30
465.0,6.5282474,11.55581,2.5373607,PO,30
466.0,7.3891177,10.872273,3.33822,PO,30
467.0,6.371119,12.48917,2.7086766,PO,30
468.0,5.748998,11.681304,3.4175901,PO,30
469.0,4.9281616,11.759806,3.9072428,PO,30
470.0,5.2327967,12.687629,3.474405,PO,30
471.0,5.103226,12.764265,3.4152122,PO,30
472.0,5.0820236,10.005493,3.4354913,PO,30
473.0,7.206866,12.280087,4.502345,PO,30
474.0,7.2930884,11.51879,4.02243,PO,30
475.0,6.2273803,12.321778,2.5213716,PO,30
476.0,5.172492,12.47246,4.2006674,PO,30
477.0,5.394229,12.685844,3.18737,PO,30
478.0,6.806483,12.841434,3.4241953,PO,30
479.0,5.349112,13.3209095,3.9881737,PO,30
480.0,5.4118853,12.200411,3.7074268,PO,30
481.0,5.5297527,12.17548,4.29759,PO,30
482.0,5.1649885,13.15357,3.8677862,PO,30
483.0,6.4326367,11.787797,4.3757114,PO,30
484.0,6.02767,12.816352,3.050834,PO,30
485.0,6.199134,12.523376,3.7318242,PO,30
486.0,5.703389,11.137582,4.5152254,PO,30
487.0,6.029346,11.150406,3.3052669,PO,30
488.0,6.06913,10.900122,2.8997529,PO,30
489.0,5.1945534,12.121936,4.615791,PO,30
490.0,6.12309,12.213108,4.3534694,PO,30
491.0,4.985397,11.492079,4.3951654,PO,30
492.0,6.4229555,12.031488,5.040827,PO,30
493.0,6.497769,11.641367,4.903523,PO,30
494.0,6.8051963,11.066064,4.018027,PO,30
495.0,6.8258824,10.895516,4.7314706,PO,30
496.0,5.9560633,12.625551,2.541337,PO,30
497.0,5.8431826,13.01154,3.6699257,PO,30
498.0,6.420049,12.324051,3.2641215,PO,30
499.0,6.2528434,11.62462,3.693222,PO,30
500.0,6.681245,10.81846,4.3554797,PO,30
501.0,6.2516985,12.128276,2.3969066,PO,30
502.0,6.3290477,12.714973,4.266019,PO,30
503.0,5.6472034,12.103582,3.264121,PO,30
504.0,5.632818,12.636907,3.7105172,PO,30
505.0,5.265451,12.539415,5.0818095,PO,30
506.0,6.6443853,10.829579,4.2011795,PO,30
507.0,6.9532566,10.773029,4.460453,PO,30
508.0,6.3649316,11.690994,3.5415292,PO,30
509.0,6.3357325,12.41829,4.591641,PO,30
510.0,6.5858464,11.120077,4.8911653,PO,30
511.0,7.0647736,12.186659,3.4100442,PO,30
512.0,4.822514,12.297931,3.7180276,PO,30
513.0,5.9537473,12.658951,4.9479623,PO,30
514.0,6.7251687,10.810731,4.0801916,PO,30
515.0,5.8015075,12.160234,5.170087,PO,30
516.0,6.5005336,9.773474,3.4644048,PO,30
517.0,5.721674,11.554416,4.865203,PO,30
518.0,4.9135,12.090742,3.632636,PO,30
519.0,6.3423,12.240127,2.5784724,PO,30
520.0,6.639798,11.360242,3.4880335,PO,30
521.0,6.9876046,12.118033,4.8369946,PO,30
522.0,7.117467,11.032298,3.9607651,PO,30
523.0,5.929664,12.978898,4.0450096,PO,30
524.0,5.7116685,12.049684,5.325251,PO,30
525.0,6.460778,12.060968,2.8817072,PO,30
526.0,5.044203,12.159478,4.5563574,PO,30
527.0,4.7680283,11.046015,4.8637543,PO,30
528.0,5.7197304,11.815123,5.170767,PO,30
529.0,6.710728,11.576503,4.488407,PO,30
530.0,5.7299643,11.521717,2.9353223,PO,30
531.0,6.72948,12.991442,3.7560153,PO,30
532.0,7.034978,12.602529,4.910517,PO,30
533.0,6.1224446,13.169901,3.7058308,PO,30
534.0,6.0498343,12.4740715,2.511375,PO,30
535.0,6.050985,12.526468,2.5277443,PO,30
536.0,6.855107,12.87216,3.314553,PO,30
537.0,6.2949758,12.516726,3.2216556,PO,30
538.0,6.8021917,10.85991,4.1421623,PO,30
539.0,5.280552,11.9677515,4.109213,PO,30
540.0,5.8623114,12.77281,4.1320157,PO,30
541.0,5.074597,12.849676,4.2901106,PO,30
542.0,5.8615847,12.994359,4.5601892,PO,30
543.0,5.7293763,11.932774,4.540963,PO,30
544.0,5.6885886,12.07252,4.4597583,PO,30
545.0,6.623753,9.881879,3.4922206,PO,30
546.0,6.516692,11.286194,3.7233522,PO,30
547.0,6.816914,11.228868,3.8837118,PO,30
548.0,6.6477194,11.444948,4.640661,PO,30
549.0,7.075248,11.971764,4.2445374,PO,30
550.0,6.5278077,13.068819,4.0668163,PO,30
551.0,5.7799807,11.573363,2.9748948,PO,30
552.0,4.905514,9.714469,4.76553,PO,30
553.0,5.1871157,12.501595,3.4145536,PO,30
554.0,4.8774395,12.466813,3.774471,PO,30
555.0,5.3704205,12.912996,4.780451,PO,30
556.0,5.2136316,11.15233,5.235596,PO,30
557.0,7.006306,12.034554,4.2247586,PO,30
558.0,6.817339,11.619062,4.177384,PO,30
559.0,6.241123,10.958627,4.3664308,PO,30
560.0,5.803399,12.8012,4.7367206,PO,30
561.0,5.018383,11.444125,3.9954507,PO,30
562.0,7.129503,12.396509,4.668155,PO,30
563.0,7.1582294,12.208654,4.4879236,PO,30
564.0,5.825133,13.152208,4.8681087,PO,30
565.0,5.684876,12.983335,5.0840197,PO,30
566.0,6.3485317,12.441784,4.808151,PO,30
567.0,6.434861,12.273673,3.863036,PO,30
568.0,5.892677,10.486654,5.035865,PO,30
569.0,5.4693875,12.631254,4.1713634,PO,30
570.0,5.7178617,12.976167,4.9584146,PO,30
571.0,6.199587,12.866706,4.220559,PO,30
572.0,6.562472,12.174689,4.218893,PO,30
573.0,5.3272943,12.619753,4.0975924,PO,30
574.0,4.871117,12.740176,4.5251617,PO,30
575.0,5.5947967,12.454669,4.205699,PO,30
576.0,4.500361,12.158943,4.1760106,PO,30
577.0,6.0825725,12.920314,4.904137,PO,30
578.0,5.4029965,12.620807,4.4114766,PO,30
579.0,5.1087446,12.668607,3.4240048,PO,30
580.0,5.6799803,12.411695,4.4422174,PO,30
581.0,6.2212744,11.611499,3.5954652,PO,30
582.0,5.779913,12.223343,3.253656,PO,30
583.0,4.738551,11.222688,4.8774557,PO,30
584.0,5.04717,9.873833,5.0723777,PO,30
585.0,6.2348967,10.388799,3.9635842,PO,30
586.0,6.563377,12.886352,3.6370206,PO,30
587.0,4.856337,11.047648,4.696335,PO,30
588.0,4.740618,10.322453,4.461526,PO,30
589.0,4.8092813,11.772965,3.8067172,PO,30
590.0,5.3727694,10.566198,4.4057274,PO,30
591.0,5.091481,9.677636,4.9155264,PO,30
592.0,7.469002,12.039705,3.645888,PO,30
593.0,4.993703,11.352845,5.0033474,PO,30
594.0,5.832379,11.96519,4.456088,PO,30
595.0,6.066666,11.89232,2.327837,PO,30
596.0,5.4066286,10.082037,4.008579,PO,30
597.0,7.0324154,10.987875,4.1709027,PO,30
598.0,6.8807635,12.039802,4.0487947,PO,30
599.0,7.067724,10.940795,4.3644934,PO,30
600.0,5.056737,10.812,4.344313,PO,30
601.0,5.138339,12.16663,4.0175023,PO,30
602.0,5.067413,12.160614,4.203311,PO,30
603.0,5.0040812,10.717319,5.2346625,PO,30
604.0,5.1554446,13.007459,3.4146795,PO,30
605.0,6.6822934,10.812247,3.539584,PO,30
606.0,6.0503383,11.040472,4.7660766,PO,30
607.0,6.9046702,10.871903,3.7143502,PO,30
608.0,7.0489535,11.228438,4.529616,PO,30
609.0,6.1952395,12.534319,2.7803836,PO,30
610.0,5.163313,11.28667,3.577454,PO,30
611.0,5.384872,12.02141,3.427755,PO,30
612.0,6.5522676,13.038,3.5872586,PO,30
613.0,6.5780993,11.053453,4.1376224,PO,30
614.0,5.319873,11.3898115,2.6562417,PO,30
615.0,5.9636307,10.550462,3.7755172,PO,30
616.0,4.8790865,11.803638,3.9212625,PO,30
617.0,5.292183,11.825013,4.658378,PO,30
618.0,5.0073237,12.601717,3.684759,PO,30
619.0,6.7542934,12.317717,3.056817,PO,30
620.0,5.923441,10.512834,2.779356,PO,30
621.0,7.4043627,10.650997,3.0696688,PO,30
622.0,6.33914,11.757925,2.7677708,PO,30
623.0,5.9829435,9.600635,3.805595,PO,30
624.0,5.4332776,11.347039,3.2817597,PO,30
625.0,4.8951406,10.796158,3.2629342,PO,30
626.0,4.5054154,11.410826,4.7725916,PO,30
627.0,4.958294,11.130544,3.4553025,PO,30
628.0,5.990756,10.620451,3.3722403,PO,30
629.0,7.04602,12.34329,5.04304,PO,30
630.0,5.7767386,10.916032,2.422256,PO,30
631.0,4.8282957,11.212983,3.703084,PO,30
632.0,5.567421,9.810314,3.7739305,PO,30
633.0,6.9087234,10.30811,4.362892,PO,30
634.0,6.9079475,11.574735,4.9914284,PO,30
635.0,6.5342636,10.530058,3.0115144,PO,30
636.0,5.687445,9.779979,4.552919,PO,30
637.0,5.81228,10.272087,4.0649734,PO,30
638.0,4.8903766,11.310597,3.9902987,PO,30
639.0,5.0709825,11.309859,3.8210084,PO,30
640.0,4.873677,10.457918,4.117459,PO,30
641.0,7.4448214,11.72885,2.973282,PO,30
642.0,5.3802853,11.408928,3.1553273,PO,30
643.0,5.864564,10.77986,3.7458215,PO,30
644.0,6.775944,10.268505,3.5630236,PO,30
645.0,6.0202165,10.061292,3.3881633,PO,30
646.0,5.723296,9.719346,4.410943,PO,30
647.0,5.7001348,10.516003,2.8489327,PO,30
648.0,5.0604057,11.416053,3.3156157,PO,30
649.0,6.182527,10.526423,3.7633374,PO,30
650.0,6.0150194,10.966503,3.870223,PO,30
651.0,6.1578994,11.16803,3.8894746,PO,30
652.0,5.5742655,10.745505,2.4672787,PO,30
653.0,5.6185074,9.795853,4.4828405,PO,30
654.0,5.653345,10.204271,4.881166,PO,30
655.0,5.7526135,10.005117,4.8711686,PO,30
656.0,6.932444,10.771377,4.5368896,PO,30
657.0,5.717224,9.455763,4.419657,PO,30
658.0,5.5728655,9.483873,4.448151,PO,30
659.0,5.8259125,9.818902,3.3841953,PO,30
660.0,5.5733776,9.825815,3.7298996,PO,30
661.0,5.166803,9.979194,3.960944,PO,30
662.0,6.813359,11.581187,3.0352674,PO,30
663.0,6.7235503,10.452735,3.5821085,PO,30
664.0,6.14144,11.344816,3.289793,PO,30
665.0,6.554605,9.980135,3.1187642,PO,30
666.0,6.3381987,11.606608,2.4405096,PO,30
667.0,6.6718316,12.327079,4.730634,PO,30
668.0,7.0767736,12.271996,3.2408118,PO,30
669.0,6.820881,11.561745,4.0833473,PO,30
670.0,5.5254707,12.690451,5.1912293,PO,30
671.0,6.3862333,11.418937,4.86471,PO,30
672.0,4.956377,12.277033,3.7174356,PO,30
673.0,5.668497,11.890858,2.979208,PO,30
674.0,5.33105,12.012427,4.2808266,PO,30
675.0,5.42166,11.9960375,4.1868377,PO,30
676.0,5.1426144,11.936525,3.7831552,PO,30
677.0,5.1061687,11.567118,2.723167,PO,30
678.0,4.8944764,11.528307,3.8104093,PO,30
679.0,4.9661765,10.431016,5.069013,PO,30
680.0,5.5917797,12.539764,3.381744,PO,30
681.0,5.0168657,11.779729,4.466228,PO,30
682.0,6.5752892,11.489923,2.5679584,PO,30
683.0,5.844281,12.428273,3.294235,PO,30
684.0,7.061355,11.204151,4.804822,PO,30
685.0,7.059557,11.974529,3.2622445,PO,30
686.0,4.84859,12.170866,3.4173427,PO,30
687.0,5.2171073,11.975123,3.0670135,PO,30
688.0,6.273758,12.692087,3.638145,PO,30
689.0,5.371603,12.563102,2.844874,PO,30
690.0,5.877186,11.657681,3.4736412,PO,30
691.0,5.956052,11.41839,3.905291,PO,30
692.0,6.472596,12.945067,3.5993004,PO,30
693.0,6.328852,12.858811,3.3841567,PO,30
694.0,5.765482,12.525519,3.3337057,PO,30
695.0,6.5683365,10.973666,3.7884758,PO,30
696.0,6.0141387,12.181439,3.344178,PO,30
697.0,5.248973,11.965862,3.1616416,PO,30
698.0,5.3859997,12.595564,3.3826957,PO,30
699.0,5.106136,12.491889,4.513795,PO,30
700.0,5.5892525,9.82414,4.6351156,PO,30
701.0,6.0186243,12.140552,4.1416078,PO,30
702.0,6.629422,10.760068,4.573814,PO,30
703.0,5.5645094,11.232365,2.9576125,PO,30
704.0,4.878055,12.421559,3.3293574,PO,30
705.0,5.233186,12.123122,3.8989074,PO,30
706.0,6.597605,12.303995,3.311525,PO,30
707.0,4.7355886,10.845126,4.7078156,PO,30
708.0,6.6438694,12.583679,3.7952986,PO,30
709.0,6.109464,11.180756,2.4313695,PO,30
710.0,6.975461,11.881827,2.7636936,PO,30
711.0,6.5949974,10.616578,3.6892045,PO,30
712.0,6.717257,12.805572,3.81316,PO,30
713.0,6.561066,10.259884,4.6142235,PO,30
714.0,7.179468,10.400439,2.588128,PO,30
715.0,6.594474,10.052495,3.1651797,PO,30
716.0,5.9566755,11.334451,2.3667614,PO,30
717.0,6.171837,11.545497,3.3401716,PO,30
718.0,7.061196,12.2994585,3.334208,PO,30
719.0,6.790414,10.4164915,3.8922567,PO,30
720.0,6.769734,10.797573,3.623001,PO,30
721.0,6.1177406,10.623431,4.4711337,PO,30
722.0,5.5615993,9.751134,3.434458,PO,30
723.0,4.740897,11.809873,4.0569367,PO,30
724.0,5.6569505,11.622649,2.9588444,PO,30
725.0,5.0078607,12.232037,3.8784897,PO,30
726.0,6.4986553,11.978127,3.1269422,PO,30
727.0,6.44164,11.402054,2.476302,PO,30
728.0,7.259435,12.28335,4.242978,PO,30
729.0,5.6578383,11.81999,2.73907,PO,30
730.0,5.8106585,12.150299,3.0695794,PO,30
731.0,5.1317515,12.239055,4.0650415,PO,30
732.0,6.8149724,12.283833,3.2301507,PO,30
733.0,7.182071,10.974636,4.0769567,PO,30
734.0,7.3931136,11.972652,3.6259673,PO,30
735.0,6.3708563,11.587604,3.660655,PO,30
736.0,4.8276877,11.61981,3.505301,PO,30
737.0,5.0737004,12.301474,3.2842138,PO,30
738.0,4.4693995,11.930173,4.530559,PO,30
739.0,6.185585,11.776118,2.3407588,PO,30
740.0,5.4910316,11.574894,3.79445,PO,30
741.0,5.8597713,11.948251,3.7652848,PO,30
742.0,6.0359044,11.333131,3.0151339,PO,30
743.0,6.339114,11.394355,3.207914,PO,30
744.0,7.200562,12.518741,3.8409238,PO,30
745.0,7.390363,11.737044,3.0248952,PO,30
746.0,7.227147,11.880351,4.0887127,PO,30
747.0,4.9686728,12.133745,2.6686835,PO,30
748.0,5.130152,12.91422,3.8466814,PO,30
749.0,6.0614624,13.020736,3.7873611,PO,30
750.0,5.3694215,10.70773,5.1751237,PO,30
751.0,5.478089,12.374394,3.1818802,PO,30
752.0,5.615304,10.152943,4.9777226,PO,30
753.0,5.4194555,11.994084,4.057442,PO,30
754.0,5.7020345,12.508099,3.798895,PO,30
755.0,5.9528246,11.901539,3.3936746,PO,30
756.0,5.340567,11.498352,2.3161874,PO,30
757.0,6.38276,10.665897,3.2750893,PO,30
758.0,7.0149746,10.005255,3.7460604,PO,30
759.0,5.412164,13.2565565,3.544326,PO,30
760.0,4.6873536,11.476293,2.8503892,PO,30
761.0,6.9665685,10.699314,4.0272703,PO,30
762.0,5.7232265,10.117299,4.952294,PO,30
763.0,7.1234355,10.7894335,3.5567267,PO,30
764.0,6.921917,11.944097,3.1357913,PO,30
765.0,6.287191,10.479809,4.3405137,PO,30
766.0,6.73009,10.972027,2.9052181,PO,30
767.0,6.8874145,10.478592,2.5643766,PO,30
768.0,7.345985,12.029389,3.3491282,PO,30
769.0,4.828878,11.523751,4.1465955,PO,30
770.0,5.1568456,12.283937,5.414618,PO,30
771.0,6.7969713,11.551802,3.00777,PO,30
772.0,6.273326,11.509601,2.4657695,PO,30
773.0,6.6766276,12.027811,3.5258152,PO,30
774.0,7.064553,11.107507,2.8573334,PO,30
775.0,7.437953,11.197396,3.737406,PO,30
776.0,5.2774878,10.577251,2.9953463,PO,30
777.0,5.014167,10.6956,4.19628,PO,30
778.0,6.6437654,11.0276375,3.0668805,PO,30
779.0,4.418999,11.701277,4.6418486,PO,30
780.0,5.9802675,11.280695,3.5095596,PO,30
781.0,6.349115,10.52759,2.926157,PO,30
782.0,6.677939,11.810433,3.1032054,PO,30
783.0,6.3737473,10.782815,2.5098724,PO,30
784.0,6.66768,10.095165,3.0178297,PO,30
785.0,5.989341,10.9018,2.3645513,PO,30
786.0,4.74827,10.714368,2.8102872,PO,30
787.0,6.818282,11.023148,3.3538504,PO,30
788.0,6.6416626,10.583822,3.754886,PO,30
789.0,5.1504374,9.913934,3.6448214,PO,30
790.0,5.111888,10.434817,2.6625843,PO,30
791.0,6.255675,10.569883,2.8029618,PO,30
792.0,6.938632,11.06346,2.62486,PO,30
793.0,6.6030235,10.691096,2.7311583,PO,30
794.0,6.2080235,10.494165,3.632485,PO,30
795.0,6.8654857,10.352723,3.7987058,PO,30
796.0,7.131313,10.337927,3.9788864,PO,30
797.0,7.28809,10.529247,2.9819784,PO,30
798.0,7.3734045,11.145933,3.0582147,PO,30
799.0,4.766397,10.406452,4.916114,PO,30
800.0,5.5376353,11.066339,2.4432068,PO,30
801.0,6.721117,12.563691,3.0061939,PO,30
802.0,4.8631783,9.796029,4.120427,PO,30
803.0,5.4006352,11.325984,3.3740199,PO,30
804.0,7.159905,11.682137,4.0840096,PO,30
805.0,7.261441,11.221031,3.0904346,PO,30
806.0,7.4218245,10.316724,3.8167017,PO,30
807.0,5.5748343,10.263434,3.4379764,PO,30
808.0,5.5191627,11.283782,2.5392082,PO,30
809.0,5.644805,11.912152,4.116127,PO,30
810.0,4.6994696,12.215079,4.0494595,PO,30
811.0,4.486052,11.69629,3.4617164,PO,30
812.0,4.7592516,10.110022,4.862219,PO,30
813.0,6.13777,10.07755,4.031898,PO,30
814.0,7.3822517,10.247372,3.677604,PO,30
815.0,6.6462626,10.08906,3.0970993,PO,30
816.0,5.439698,11.765337,4.0603848,PO,30
817.0,4.902885,9.573049,4.9148774,PO,30
818.0,6.5139647,11.463653,2.5901036,PO,30
819.0,7.0147886,10.52686,2.968965,PO,30
820.0,6.152668,9.680248,3.514656,PO,30
821.0,7.0708117,10.000068,3.5064275,PO,30
822.0,6.0534105,10.068906,3.8118787,PO,30
823.0,6.0648575,10.9536705,2.3408709,PO,30
824.0,4.61158,11.424089,4.612118,PO,30
825.0,5.0094523,9.686172,4.62278,PO,30
826.0,7.2248373,10.335953,3.6270669,PO,30
827.0,4.6110897,10.907808,3.0979638,PO,30
828.0,5.6147647,10.515542,3.3400526,PO,30
829.0,6.1137342,11.971757,2.4323587,PO,30
830.0,7.2486916,11.508257,4.3403244,PO,30
831.0,7.1861486,10.744434,3.1255422,PO,30
832.0,5.021378,10.191393,3.0345266,PO,30
833.0,4.982912,10.662512,3.3001957,PO,30
834.0,5.1377554,10.7193,3.1380987,PO,30
835.0,7.0813026,10.643103,2.8352706,PO,30
836.0,4.9307513,9.973385,4.4115424,PO,30
837.0,5.9885306,9.699897,3.634458,PO,30
838.0,5.703116,9.774184,3.2769797,PO,30
839.0,5.858859,9.855615,3.2445872,PO,30
840.0,6.4025497,10.665794,2.4752495,PO,30
841.0,4.724023,10.178108,4.634459,PO,30
842.0,7.16444,11.335575,3.1221516,PO,30
843.0,6.992486,11.401558,3.1378753,PO,30
844.0,7.191035,10.447651,2.9087718,PO,30
845.0,7.1453376,10.311299,2.6857643,PO,30
846.0,7.267872,10.352102,2.6560817,PO,30
847.0,5.814642,10.734507,3.6355126,PO,30
848.0,7.252939,10.384826,2.956567,PO,30
849.0,6.7890058,12.4212055,3.0406678,PO,30
850.0,5.932738,11.925772,3.1320336,PO,30
851.0,6.7811966,10.386378,2.9921503,PO,30
852.0,5.0561748,10.833181,3.5420368,PO,30
853.0,6.803306,10.910541,3.0385802,PO,30
854.0,6.8584514,10.259071,3.6260884,PO,30
855.0,7.490664,10.76251,3.3913195,PO,30
856.0,5.4806314,9.646519,4.461841,PO,30
857.0,5.7936373,11.005747,2.6505704,PO,30
858.0,4.8846993,12.108088,3.3015757,PO,30
859.0,6.605383,11.384504,2.8910577,PO,30
860.0,7.0169454,10.783146,3.4302347,PO,30
861.0,6.3016744,11.259831,3.006126,PO,30
862.0,7.322577,10.591581,3.0762627,PO,30
863.0,5.4753194,10.05794,3.7783234,PO,30
864.0,6.895022,11.486516,3.6254327,PO,30
865.0,6.016164,10.972431,2.4896119,PO,30
866.0,5.895802,10.952714,2.448657,PO,30
867.0,6.4438515,10.617011,2.7543705,PO,30
868.0,6.384663,10.45057,2.9148047,PO,30
869.0,6.7265024,11.082618,2.925439,PO,30
870.0,6.8808303,10.39542,3.9509683,PO,30
871.0,6.64021,12.149715,5.528422,PO,30
872.0,6.865892,11.919624,5.331743,PO,30
873.0,6.8819766,11.740624,5.2664604,PO,30
874.0,6.8747272,12.004101,5.190833,PO,30
875.0,6.890608,10.608138,3.2002873,PO,30
876.0,5.819406,11.230363,2.4347508,PO,30
877.0,7.0786347,12.055881,4.8332405,PO,30
878.0,7.0049057,12.106664,4.944247,PO,30
879.0,6.78511,11.769615,5.2390833,PO,30
880.0,6.7086987,10.633892,4.7179666,PO,30
881.0,6.0265307,10.859369,3.445689,PO,30
882.0,7.1117964,10.082297,3.6938007,PO,30
883.0,6.3649683,10.616557,3.6614041,PO,30
884.0,6.709725,11.196561,2.581992,PO,30
885.0,6.5456653,10.631839,2.6634004,PO,30
886.0,6.651122,10.640949,3.3206182,PO,30
887.0,6.838218,10.815064,3.3782268,PO,30
888.0,6.488623,11.621784,2.6316643,PO,30
889.0,6.438563,11.0681,2.9617686,PO,30
890.0,6.7996297,11.488834,3.091024,PO,30
891.0,7.0449576,10.640021,3.0203743,PO,30
892.0,5.7252936,10.240021,2.9924653,PO,30
893.0,5.99484,10.089158,3.1803536,PO,30
894.0,6.349189,10.979236,2.8274646,PO,30
895.0,6.8701153,10.876086,3.0204575,PO,30
896.0,6.9666257,10.4502945,3.4307659,PO,30
897.0,6.521617,10.324517,3.2930522,PO,30
898.0,5.062049,11.3350315,3.6274753,PO,30
899.0,6.5837536,11.03576,2.3473592,PO,30
0.0,6.9901786,4.4504933,5.1265273,TH,13
1.0,7.630075,2.912902,6.4818125,TH,13
2.0,6.1671495,4.9592047,7.700746,TH,13
3.0,5.6784096,3.5012665,6.9291205,TH,13
4.0,7.6127725,3.0845678,7.4834785,TH,13
5.0,6.061814,2.6557593,6.9016347,TH,13
6.0,5.2519884,2.8486552,8.006861,TH,13
7.0,7.818944,2.2047436,7.552714,TH,13
8.0,5.672874,2.4439354,6.1630297,TH,13
9.0,7.170059,2.4595873,5.791425,TH,13
10.0,5.6724286,4.35781,6.5769315,TH,13
11.0,6.825737,4.5645084,5.694122,TH,13
12.0,6.824389,2.8624625,6.8674297,TH,13
13.0,7.8383503,2.329114,7.034296,TH,13
14.0,5.0335913,2.3327274,7.7116632,TH,13
15.0,6.1387997,3.953494,4.800156,TH,13
16.0,7.7392774,4.538566,5.3100967,TH,13
17.0,8.399208,2.8852344,5.7587996,TH,13
18.0,7.229334,2.8494525,6.804661,TH,13
19.0,8.2736225,2.9258425,6.538076,TH,13
20.0,7.854358,3.7890282,5.971621,TH,13
21.0,7.4378405,2.242106,6.762351,TH,13
22.0,8.550384,4.2486405,6.6293135,TH,13
23.0,7.820202,3.5376253,7.7820272,TH,13
24.0,6.3934164,2.85465,7.5699964,TH,13
25.0,5.8523703,1.5093654,6.581134,TH,13
26.0,5.080036,2.7895255,7.828656,TH,13
27.0,5.0076585,1.7801868,7.3633747,TH,13
28.0,7.7658234,2.6211467,8.021275,TH,13
29.0,5.1307993,2.3985758,7.8125615,TH,13
30.0,4.9009523,3.3584833,5.9678674,TH,13
31.0,6.420313,3.5722866,6.3696194,TH,13
32.0,6.1964006,3.393599,5.2314167,TH,13
33.0,6.790031,2.5546734,5.6271873,TH,13
34.0,8.514514,3.933872,7.0125837,TH,13
35.0,6.528426,3.011817,5.7182536,TH,13
36.0,7.775918,4.5915565,5.810162,TH,13
37.0,7.646453,3.479851,5.1984773,TH,13
38.0,6.795206,2.9302495,6.949088,TH,13
39.0,5.5455523,2.479568,7.10071,TH,13
40.0,7.3391085,3.914514,7.3012943,TH,13
41.0,4.6284685,2.9008083,6.565021,TH,13
42.0,5.498907,4.3354616,6.382449,TH,13
43.0,5.897519,3.1156979,6.971778,TH,13
44.0,5.798829,3.8068323,6.2100625,TH,13
45.0,6.465991,4.1303754,6.557719,TH,13
46.0,6.688992,4.2239375,6.4403906,TH,13
47.0,8.285921,3.6806705,8.272838,TH,13
48.0,7.4715796,4.914391,6.0916276,TH,13
49.0,7.53305,4.182765,5.663573,TH,13
50.0,7.0516925,2.3799586,5.3939357,TH,13
51.0,6.6331863,2.6433086,5.65749,TH,13
52.0,5.785479,1.5307771,6.9381113,TH,13
53.0,7.3073583,1.859646,5.849471,TH,13
54.0,5.8990903,2.3716054,7.91175,TH,13
55.0,7.059455,3.1767547,8.643263,TH,13
56.0,5.6058016,2.696213,6.6320176,TH,13
57.0,5.0299716,1.6283768,7.324635,TH,13
58.0,7.296935,5.0358043,6.761869,TH,13
59.0,5.1891317,2.4727461,5.897926,TH,13
60.0,4.9544,1.7323589,7.072424,TH,13
61.0,7.33309,2.5627606,5.295389,TH,13
62.0,6.924537,1.8589245,6.0320344,TH,13
63.0,7.0948524,2.415638,5.975956,TH,13
64.0,7.0654745,2.5904443,5.324764,TH,13
65.0,7.0329075,2.078403,6.665087,TH,13
66.0,5.789231,2.0160098,6.7956533,TH,13
67.0,7.0223484,1.9862055,8.008104,TH,13
68.0,6.2712846,3.3903344,8.539796,TH,13
69.0,7.660441,1.9580016,7.0299115,TH,13
70.0,7.2898693,1.991708,6.1665845,TH,13
71.0,7.2455153,1.984525,7.538788,TH,13
72.0,6.79447,2.46613,7.3387475,TH,13
73.0,6.956228,2.385498,7.6800094,TH,13
74.0,8.024142,3.384077,6.9986386,TH,13
75.0,6.7026424,2.1580477,7.8415766,TH,13
76.0,6.4822197,2.5924091,8.128291,TH,13
77.0,7.922473,2.8499403,8.091536,TH,13
78.0,5.8875637,2.2682118,6.9827423,TH,13
79.0,7.4159493,2.3016222,7.663496,TH,13
80.0,5.0628076,3.90038,6.169683,TH,13
81.0,6.1916003,1.744656,6.6914573,TH,13
82.0,7.013875,2.7224936,7.6447506,TH,13
83.0,6.4326453,1.893748,6.9319153,TH,13
84.0,6.673229,2.8038363,7.7484636,TH,13
85.0,6.4984894,1.8935025,8.104738,TH,13
86.0,7.8154507,1.8815175,6.479349,TH,13
87.0,7.679645,3.2342403,7.2954907,TH,13
88.0,6.45469,2.090343,6.3190055,TH,13
89.0,6.8844986,3.597302,6.42008,TH,13
90.0,6.242558,3.328017,8.5217705,TH,13
91.0,8.514604,3.6020083,6.0088577,TH,13
92.0,6.975356,4.5961113,6.253868,TH,13
93.0,6.00359,4.309058,6.869903,TH,13
94.0,7.902368,3.8015122,6.564652,TH,13
95.0,8.393191,3.8454468,5.8520107,TH,13
96.0,6.817181,2.9842944,5.9832807,TH,13
97.0,6.7527766,2.3026202,7.953225,TH,13
98.0,8.581566,4.403902,7.212638,TH,13
99.0,6.182504,3.7465065,5.8049483,TH,13
100.0,8.502772,3.9162333,6.178759,TH,13
101.0,6.209577,1.6924971,7.7979364,TH,13
102.0,7.468707,3.0341105,8.401104,TH,13
103.0,5.6899343,2.6342654,7.44153,TH,13
104.0,6.0146546,3.1602163,7.379239,TH,13
105.0,5.8500986,3.2431784,8.271267,TH,13
106.0,7.5096803,3.265348,8.662068,TH,13
107.0,6.7822948,3.748455,8.435252,TH,13
108.0,7.526383,3.2349691,8.593257,TH,13
109.0,8.150542,3.5586243,8.469276,TH,13
110.0,5.7302103,3.2161014,7.9151278,TH,13
111.0,7.206849,4.328193,7.431539,TH,13
112.0,6.964261,4.1986904,5.323851,TH,13
113.0,4.7060604,2.9842856,6.909818,TH,13
114.0,5.1611953,3.2022517,5.634488,TH,13
115.0,5.689547,3.1200686,5.815271,TH,13
116.0,7.7884545,3.4867237,7.1736813,TH,13
117.0,6.750844,5.166182,6.4418,TH,13
118.0,7.98916,2.1852171,6.622894,TH,13
119.0,7.916246,2.2125034,6.58682,TH,13
120.0,6.1989884,1.5462242,6.708727,TH,13
121.0,6.7098775,4.324677,5.203502,TH,13
122.0,6.3637605,4.6640162,6.4836664,TH,13
123.0,7.705606,3.6620831,7.841082,TH,13
124.0,7.728484,2.373863,6.9592476,TH,13
125.0,6.7290597,5.0751724,5.77342,TH,13
126.0,6.135967,1.4421569,6.7907157,TH,13
127.0,6.3607163,2.1995504,7.097088,TH,13
128.0,7.849055,3.4527085,7.4239354,TH,13
129.0,7.966003,3.7264726,8.389676,TH,13
130.0,6.920824,3.0947807,5.852707,TH,13
131.0,7.6312966,4.5222926,6.883579,TH,13
132.0,7.175361,3.7757168,6.6797214,TH,13
133.0,6.7344155,4.720373,5.457855,TH,13
134.0,5.877063,2.9209058,7.5603027,TH,13
135.0,6.63255,2.8329077,8.510177,TH,13
136.0,5.1237545,3.6985009,7.5753746,TH,13
137.0,7.5254936,3.4563315,7.743643,TH,13
138.0,6.0490065,3.4484847,8.043364,TH,13
139.0,5.826418,2.5687788,7.038773,TH,13
140.0,6.0493293,3.4708326,6.2653985,TH,13
141.0,6.305526,3.9202335,5.9341984,TH,13
142.0,5.7312374,3.230689,5.1124034,TH,13
143.0,6.017544,3.4585695,5.286651,TH,13
144.0,6.3518763,4.342945,5.0107408,TH,13
145.0,5.6043496,4.339637,6.4205885,TH,13
146.0,6.5823846,4.9692516,6.0545034,TH,13
147.0,4.815846,2.1467574,7.6662607,TH,13
148.0,6.708168,2.394479,6.3380694,TH,13
149.0,6.1619806,2.6004004,7.0597367,TH,13
150.0,6.265411,2.058887,7.5927253,TH,13
151.0,7.364477,3.9391315,6.7754607,TH,13
152.0,7.349958,4.324355,5.489233,TH,13
153.0,5.7432427,3.2456257,6.922417,TH,13
154.0,7.5828295,3.3608737,8.6053295,TH,13
155.0,7.4283404,2.7199848,6.035881,TH,13
156.0,6.546449,2.4815066,7.3886104,TH,13
157.0,7.152316,4.439412,6.559999,TH,13
158.0,6.6368575,4.0730815,6.5327597,TH,13
159.0,6.440387,3.4576533,7.9914675,TH,13
160.0,7.826725,2.5526438,7.8590927,TH,13
161.0,8.549629,4.033376,7.0151334,TH,13
162.0,7.4831867,4.1412997,7.915527,TH,13
163.0,8.597752,3.8921251,7.3428745,TH,13
164.0,6.108367,3.4105933,7.962729,TH,13
165.0,6.084299,4.677287,7.798221,TH,13
166.0,7.290983,4.4140954,7.51859,TH,13
167.0,6.6272926,2.1717446,8.025503,TH,13
168.0,6.4955325,2.169858,7.3379936,TH,13
169.0,5.415336,3.5344527,7.697963,TH,13
170.0,7.33927,4.7144656,7.3117175,TH,13
171.0,6.26305,4.4987283,6.2370887,TH,13
172.0,6.5518355,4.1506114,6.597087,TH,13
173.0,7.2959294,3.3296251,6.893628,TH,13
174.0,8.080382,3.8480563,7.180195,TH,13
175.0,7.5350485,4.0220547,6.5832906,TH,13
176.0,6.8769274,4.9907556,6.432554,TH,13
177.0,6.909175,3.5702324,8.1234045,TH,13
178.0,5.2221622,3.072794,6.08284,TH,13
179.0,4.91755,2.4261723,6.2009025,TH,13
180.0,4.878333,2.7058198,6.243425,TH,13
181.0,7.2124157,3.416788,7.6833076,TH,13
182.0,7.031501,4.7438183,6.266167,TH,13
183.0,7.1233654,2.8143277,5.4929686,TH,13
184.0,7.039434,4.94032,7.1181474,TH,13
185.0,4.9744334,3.5908265,7.4915953,TH,13
186.0,5.0796347,3.5738168,7.59626,TH,13
187.0,4.9003143,2.4038558,7.0704083,TH,13
188.0,6.1236854,3.0926068,5.5762024,TH,13
189.0,7.9330316,3.4052262,8.511312,TH,13
190.0,5.968873,3.7218428,5.2931333,TH,13
191.0,6.0642977,4.0267596,4.8585033,TH,13
192.0,5.9628916,4.691988,5.9583416,TH,13
193.0,7.7204676,3.440377,5.651616,TH,13
194.0,6.315573,4.875624,7.242741,TH,13
195.0,8.049488,3.940373,4.999423,TH,13
196.0,7.132103,4.4119167,5.717255,TH,13
197.0,6.2254305,4.926567,7.6430964,TH,13
198.0,6.0938363,4.795931,7.8156986,TH,13
199.0,6.4156175,4.8947544,7.655992,TH,13
200.0,6.409757,4.3250465,4.931849,TH,13
201.0,7.819532,3.5029643,6.6428823,TH,13
202.0,7.353638,4.764375,7.3842025,TH,13
203.0,4.940965,2.3074088,7.414797,TH,13
204.0,6.078339,4.5169177,7.7153196,TH,13
205.0,5.91309,4.2884407,7.846462,TH,13
206.0,5.441378,3.9009285,7.3631744,TH,13
207.0,5.6944213,3.0700676,6.0197024,TH,13
208.0,7.8116574,3.3254225,5.276129,TH,13
209.0,8.019053,3.6088083,5.5546746,TH,13
210.0,7.0991893,2.9584484,5.659226,TH,13
211.0,7.7364535,3.1087315,5.256326,TH,13
212.0,6.955984,4.3081794,6.1007676,TH,13
213.0,7.558045,3.06838,6.110594,TH,13
214.0,7.7638006,3.1623797,5.299614,TH,13
215.0,7.3912287,2.1750412,7.430004,TH,13
216.0,8.008595,3.6262295,5.0095963,TH,13
217.0,7.919644,3.2574272,8.471951,TH,13
218.0,5.107399,3.3679037,7.8203773,TH,13
219.0,5.704095,2.8648782,5.2433515,TH,13
220.0,8.3779545,4.536948,6.238902,TH,13
221.0,7.367642,3.6956294,5.219572,TH,13
222.0,7.2930093,3.9633825,5.876785,TH,13
223.0,6.405491,4.1834116,7.837595,TH,13
224.0,5.9346747,4.0167303,4.8362722,TH,13
225.0,5.904918,3.9605982,4.836718,TH,13
226.0,6.4492087,4.3214765,7.641802,TH,13
227.0,7.1102533,3.5292945,5.4428177,TH,13
228.0,7.302497,3.6027656,5.3850923,TH,13
229.0,6.3899794,2.028525,7.932105,TH,13
230.0,7.268458,3.8895738,8.340814,TH,13
231.0,6.0228596,2.2395205,7.88824,TH,13
232.0,7.5776362,4.2745667,4.899678,TH,13
233.0,7.246097,4.280749,8.058166,TH,13
234.0,6.025953,4.033261,5.115134,TH,13
235.0,5.351541,3.0870607,6.8710704,TH,13
236.0,8.279629,4.635191,6.0980697,TH,13
237.0,8.251743,4.828892,6.2394285,TH,13
238.0,8.01116,3.6523368,5.8526125,TH,13
239.0,5.2358794,2.6746416,5.776256,TH,13
240.0,5.834806,4.1746964,7.7117734,TH,13
241.0,7.8511324,3.9489188,5.0181003,TH,13
242.0,7.8083096,4.26428,5.179779,TH,13
243.0,5.1172996,3.7660642,6.800459,TH,13
244.0,5.9662213,3.5710227,8.166351,TH,13
245.0,7.206099,4.0689483,7.867588,TH,13
246.0,5.681989,3.3059528,5.0850782,TH,13
247.0,6.5570035,4.0658674,8.068031,TH,13
248.0,4.9509373,2.6039166,5.998604,TH,13
249.0,6.0408072,2.277504,5.6388063,TH,13
250.0,7.7308507,3.5836518,6.163252,TH,13
251.0,8.320948,4.6130652,6.0645156,TH,13
252.0,7.6021147,4.3357034,6.9821267,TH,13
253.0,7.3728976,4.045162,7.641494,TH,13
254.0,6.5116844,4.3298507,7.5013766,TH,13
255.0,6.772961,4.7673707,5.694997,TH,13
256.0,6.5673146,3.9376097,7.3063,TH,13
257.0,5.3447657,4.1508646,7.7713337,TH,13
258.0,8.778708,3.0407634,6.2179437,TH,13
259.0,7.242676,4.482741,6.78081,TH,13
260.0,6.6991415,3.0904322,5.5780044,TH,13
261.0,7.1695814,3.899277,7.753908,TH,13
262.0,7.543458,4.45494,6.7349463,TH,13
263.0,5.8450274,3.6269448,6.933053,TH,13
264.0,7.134787,4.2668796,6.901206,TH,13
265.0,6.458818,4.5258265,7.013704,TH,13
266.0,6.3605494,4.8640833,7.0401053,TH,13
267.0,8.139355,4.6533794,6.0418506,TH,13
268.0,5.5730867,3.901329,7.5611362,TH,13
269.0,8.662569,3.1151977,5.909972,TH,13
270.0,5.9744315,1.7598945,6.9104395,TH,13
271.0,6.852433,1.9394689,6.8367887,TH,13
272.0,5.4807453,1.4327502,7.161479,TH,13
273.0,5.5328135,3.5242,6.2198696,TH,13
274.0,7.5139446,3.4696662,6.108192,TH,13
275.0,6.2277293,1.996166,6.250935,TH,13
276.0,6.4892864,3.9496787,6.054437,TH,13
277.0,5.091628,1.9865432,6.286365,TH,13
278.0,4.971575,1.93518,7.5060315,TH,13
279.0,5.744525,3.7188678,6.507937,TH,13
280.0,6.4089375,2.864181,7.8476467,TH,13
281.0,4.8983755,1.9689806,7.6028647,TH,13
282.0,5.6293054,1.5644035,6.440885,TH,13
283.0,6.931277,1.579477,6.143449,TH,13
284.0,6.4643445,1.3748164,6.5831165,TH,13
285.0,6.6309752,2.5040445,5.870668,TH,13
286.0,8.615121,4.059405,6.4950147,TH,13
287.0,6.385611,1.3820133,6.5485,TH,13
288.0,7.0455365,5.009884,6.753293,TH,13
289.0,5.9300885,1.5635304,7.4706945,TH,13
290.0,7.491436,4.3989677,6.465752,TH,13
291.0,8.490299,3.6441343,7.360141,TH,13
292.0,8.300323,4.0066977,7.161461,TH,13
293.0,6.067329,3.2883363,7.5578465,TH,13
294.0,8.032689,4.413561,5.449678,TH,13
295.0,5.486062,3.89414,7.254671,TH,13
296.0,5.0799108,3.771919,6.7515855,TH,13
297.0,7.3644156,4.4284067,6.2566447,TH,13
298.0,7.5732665,3.0044525,5.2855515,TH,13
299.0,7.8473325,3.2096167,5.468344,TH,13
300.0,7.361821,3.662487,6.2070007,TH,13
301.0,6.774765,2.6092827,5.939666,TH,13
302.0,8.109479,4.5349946,6.460077,TH,13
303.0,8.426846,4.3126435,6.075166,TH,13
304.0,8.190736,4.5810294,7.352095,TH,13
305.0,8.441354,4.223509,7.4289055,TH,13
306.0,6.762351,2.390666,6.296381,TH,13
307.0,5.590786,2.3171644,7.733444,TH,13
308.0,5.5423636,2.6309388,7.6306744,TH,13
309.0,5.038488,2.6036644,7.567843,TH,13
310.0,5.0500555,2.0601296,6.3726134,TH,13
311.0,6.716997,2.811318,7.961313,TH,13
312.0,6.496729,2.6476147,6.3611827,TH,13
313.0,5.3584185,1.4974036,7.41701,TH,13
314.0,5.2015133,1.5409235,7.455509,TH,13
315.0,5.4943943,2.2810848,7.7524567,TH,13
316.0,6.282021,4.9492445,7.1792216,TH,13
317.0,5.819539,3.7946427,7.1756186,TH,13
318.0,5.387958,3.8960626,7.488927,TH,13
319.0,7.6916595,1.9985094,7.056926,TH,13
320.0,6.1365037,3.1812472,5.180938,TH,13
321.0,7.017043,2.109096,5.871552,TH,13
322.0,5.7713356,2.830659,6.8620915,TH,13
323.0,6.1812,3.8134851,6.8335123,TH,13
324.0,6.4978623,3.0548437,8.08565,TH,13
325.0,6.182527,2.0730536,6.426569,TH,13
326.0,6.713391,2.6730144,7.392608,TH,13
327.0,7.530048,3.2675662,8.581066,TH,13
328.0,4.8522153,2.1900082,6.3232884,TH,13
329.0,6.8477077,1.8506439,6.58428,TH,13
330.0,7.834356,2.908835,5.5792437,TH,13
331.0,7.938913,4.591291,5.9577813,TH,13
332.0,7.3638396,1.7320526,5.980321,TH,13
333.0,7.2348504,3.4879296,7.4977536,TH,13
334.0,6.147092,4.6086507,7.8298907,TH,13
335.0,6.422468,4.591431,7.0023932,TH,13
336.0,7.130401,1.6484033,6.176769,TH,13
337.0,8.724857,2.9738462,5.93243,TH,13
338.0,7.4116344,3.725912,5.566935,TH,13
339.0,7.5751505,3.2729275,7.994341,TH,13
340.0,7.21486,4.1072016,8.210794,TH,13
341.0,5.7596416,2.5808947,7.6601353,TH,13
342.0,6.156991,4.667516,6.154326,TH,13
343.0,6.51082,4.3822584,5.0155935,TH,13
344.0,6.3289676,2.059375,8.031063,TH,13
345.0,7.6147747,3.739779,7.9831953,TH,13
346.0,8.419314,3.5842164,7.350956,TH,13
347.0,6.391133,3.958426,8.230089,TH,13
348.0,7.518081,4.625004,6.6363735,TH,13
349.0,7.8180265,4.7607336,6.450805,TH,13
350.0,7.141692,3.8482976,6.1192255,TH,13
351.0,7.6344156,2.9145472,5.761639,TH,13
352.0,7.2250943,3.0025706,5.5219646,TH,13
353.0,7.7779355,2.2769816,6.464032,TH,13
354.0,6.913078,2.8680782,5.609612,TH,13
355.0,7.928285,2.0769014,6.102577,TH,13
356.0,7.8974295,2.007511,6.252377,TH,13
357.0,8.211129,2.909275,6.9081087,TH,13
358.0,8.211042,2.837434,7.258154,TH,13
359.0,8.067455,2.4510386,7.629636,TH,13
360.0,7.947067,2.3330305,6.3976393,TH,13
361.0,7.740456,2.032535,5.940777,TH,13
362.0,7.1184387,2.3339975,5.5401754,TH,13
363.0,6.833431,1.9866741,6.6165547,TH,13
364.0,6.045828,1.5425603,7.6926928,TH,13
365.0,8.415711,4.1352015,7.435547,TH,13
366.0,7.3771076,5.0710278,6.667071,TH,13
367.0,7.056718,2.456897,5.303629,TH,13
368.0,7.9957232,4.12145,7.494164,TH,13
369.0,7.656243,3.4447346,6.1119065,TH,13
370.0,5.3541756,3.2603183,5.3972754,TH,13
371.0,7.5276175,4.215826,7.4988403,TH,13
372.0,4.592491,3.1778426,6.652614,TH,13
373.0,6.850351,4.253904,5.212773,TH,13
374.0,7.394781,3.6062856,5.2045255,TH,13
375.0,7.6206656,2.7790122,6.783691,TH,13
376.0,5.7505565,2.9052422,7.8224053,TH,13
377.0,7.1168675,2.186123,6.5642433,TH,13
378.0,6.242774,1.8551658,7.800664,TH,13
379.0,7.657092,3.6566887,5.7759066,TH,13
380.0,7.786609,4.895306,6.3259788,TH,13
381.0,5.133475,1.5838438,7.3032694,TH,13
382.0,7.227651,2.4951427,7.271247,TH,13
383.0,4.8510556,1.7308092,6.966531,TH,13
384.0,4.94936,2.309857,6.1399627,TH,13
385.0,6.5153723,3.7721286,7.30513,TH,13
386.0,7.382217,3.7846055,6.6449785,TH,13
387.0,6.7195363,2.6252115,7.320273,TH,13
388.0,6.7709217,3.3417978,6.5869727,TH,13
389.0,4.973071,3.4001837,6.6927147,TH,13
390.0,5.2328815,1.5457988,7.500996,TH,13
391.0,4.886361,2.4972806,6.8396597,TH,13
392.0,5.66303,1.481101,6.468148,TH,13
393.0,7.8416514,3.391579,5.5635805,TH,13
394.0,8.079871,4.3286014,6.389757,TH,13
395.0,5.4025245,3.09172,5.6586585,TH,13
396.0,6.8114934,2.1319027,6.5407867,TH,13
397.0,6.356691,2.1660776,6.4086704,TH,13
398.0,7.4744744,3.4291582,6.0971055,TH,13
399.0,7.5357285,2.596927,7.4441166,TH,13
400.0,5.416775,1.6117446,7.4812284,TH,13
401.0,7.0435143,3.8579922,7.7714105,TH,13
402.0,8.526675,3.2552369,5.7154384,TH,13
403.0,6.6169305,3.4636438,5.9411592,TH,13
404.0,6.726659,3.7729192,6.6906853,TH,13
405.0,8.738054,3.1076553,5.9013724,TH,13
406.0,7.0157514,4.9813538,6.5963936,TH,13
407.0,7.859189,3.415336,6.3868313,TH,13
408.0,6.823237,3.411454,6.4607697,TH,13
409.0,7.906616,4.7427683,6.0988336,TH,13
410.0,6.3651905,2.8306477,8.146302,TH,13
411.0,6.4328237,3.2406178,8.087123,TH,13
412.0,5.8207808,4.0539584,5.7448974,TH,13
413.0,8.001691,2.726457,7.0822864,TH,13
414.0,6.105352,2.918058,5.4926014,TH,13
415.0,6.536991,2.2397513,7.2888646,TH,13
416.0,6.5277495,3.6534717,7.3944125,TH,13
417.0,6.0445595,4.6465297,7.8173494,TH,13
418.0,4.8283014,3.3093421,6.696619,TH,13
419.0,7.258568,4.628471,7.173392,TH,13
420.0,8.511872,3.3002002,5.866808,TH,13
421.0,6.51615,5.1224885,5.962385,TH,13
422.0,4.882317,3.5444643,6.314226,TH,13
423.0,5.2847495,1.7279983,6.8385363,TH,13
424.0,5.832046,3.897146,4.8475904,TH,13
425.0,5.3074627,3.9330032,7.6343284,TH,13
426.0,7.826325,1.9287238,6.6966443,TH,13
427.0,8.129539,3.2977417,7.09467,TH,13
428.0,7.7679586,2.533576,6.9589686,TH,13
429.0,5.2989635,4.280714,6.211109,TH,13
430.0,6.885309,4.1337285,5.400271,TH,13
431.0,5.914848,4.152343,7.025499,TH,13
432.0,5.954291,2.869379,6.976891,TH,13
433.0,8.168358,2.7863595,7.2171903,TH,13
434.0,5.333487,4.099488,6.2588997,TH,13
435.0,5.934326,4.027054,4.778516,TH,13
436.0,8.487114,4.450401,6.663912,TH,13
437.0,7.2876344,4.5552354,7.313872,TH,13
438.0,7.6662083,2.8278751,5.474151,TH,13
439.0,4.9183216,2.5601473,6.11544,TH,13
440.0,7.302432,3.9245605,8.3043,TH,13
441.0,5.890101,3.1539993,7.891874,TH,13
442.0,8.548594,4.3022146,7.6169147,TH,13
443.0,8.505896,4.2728786,7.442549,TH,13
444.0,8.742411,3.1315079,5.813643,TH,13
445.0,5.882571,4.2682643,6.837476,TH,13
446.0,5.4857807,3.911201,7.381182,TH,13
447.0,8.263348,4.4717026,6.1895027,TH,13
448.0,7.2440505,3.6591449,7.613971,TH,13
449.0,7.3579125,2.669291,7.5997863,TH,13
450.0,6.958062,3.7564664,8.426511,TH,13
451.0,6.3668265,3.7387516,7.947974,TH,13
452.0,6.0689316,3.3174257,5.582829,TH,13
453.0,7.2153826,3.2099655,6.961843,TH,13
454.0,7.3390083,3.826081,7.35681,TH,13
455.0,5.769737,4.0963626,6.8586454,TH,13
456.0,6.120101,2.4958649,6.9163866,TH,13
457.0,5.4902396,2.735527,6.3829355,TH,13
458.0,7.167536,1.6989741,6.4501753,TH,13
459.0,7.9217687,2.9059627,7.121829,TH,13
460.0,6.240642,2.941257,8.035787,TH,13
461.0,7.07542,3.2950935,5.7663693,TH,13
462.0,5.9526076,2.252385,6.675351,TH,13
463.0,5.761274,2.3200204,6.5503526,TH,13
464.0,8.664675,3.9390447,6.4624987,TH,13
465.0,8.164931,3.3890705,7.897905,TH,13
466.0,6.4694347,3.106859,5.788363,TH,13
467.0,6.51122,3.8887293,8.136023,TH,13
468.0,7.202346,4.091586,4.880084,TH,13
469.0,5.188201,3.225076,5.902469,TH,13
470.0,8.582801,4.5641685,7.275187,TH,13
471.0,8.215801,3.6800215,5.180165,TH,13
472.0,5.313801,4.1322308,7.7504787,TH,13
473.0,7.2103257,3.5787175,7.718875,TH,13
474.0,6.8641977,4.990812,6.085016,TH,13
475.0,6.8598,2.6310132,5.6898413,TH,13
476.0,7.4833527,1.9700745,5.7769713,TH,13
477.0,8.459496,2.7312937,5.8241644,TH,13
478.0,7.275467,2.1577308,7.466629,TH,13
479.0,7.2560754,1.930138,5.6951547,TH,13
480.0,8.591414,2.7529528,5.9337025,TH,13
481.0,6.790199,4.5020075,5.2412906,TH,13
482.0,6.97616,4.290999,4.8940506,TH,13
483.0,7.260228,3.9541245,7.4977636,TH,13
484.0,6.1007457,4.1503997,6.590336,TH,13
485.0,7.2758803,4.6108546,7.1770988,TH,13
486.0,7.3335843,3.9554656,7.843541,TH,13
487.0,5.910354,3.1290781,5.1646814,TH,13
488.0,7.782299,2.7015123,6.2911677,TH,13
489.0,7.9009337,4.248644,6.0631366,TH,13
490.0,5.633398,2.8737884,7.416167,TH,13
491.0,4.774135,2.6386082,6.4690046,TH,13
492.0,4.9712787,1.7059802,7.16935,TH,13
493.0,5.567064,2.753041,7.083089,TH,13
494.0,6.2604885,2.3919113,6.8635373,TH,13
495.0,6.2404532,2.498549,6.9395843,TH,13
496.0,5.631115,4.5018725,6.008719,TH,13
497.0,7.454309,2.7433703,6.822972,TH,13
498.0,6.80713,3.0645232,7.0464444,TH,13
499.0,6.1174874,4.032556,4.980554,TH,13
500.0,8.094497,3.877651,6.109897,TH,13
501.0,6.3207603,4.470831,5.9439626,TH,13
502.0,7.2133985,4.19007,7.3245025,TH,13
503.0,6.961999,3.6044714,5.6049743,TH,13
504.0,7.304484,3.1874928,6.862807,TH,13
505.0,6.629551,2.6348696,5.7965064,TH,13
506.0,6.003456,3.3325977,7.880055,TH,13
507.0,5.4087224,3.2356918,7.3272376,TH,13
508.0,5.7440386,3.6633923,6.9461145,TH,13
509.0,6.572986,3.4281452,5.435773,TH,13
510.0,8.144045,3.5361066,8.395905,TH,13
511.0,7.4460344,4.984343,6.088496,TH,13
512.0,7.607842,4.5082383,7.5778637,TH,13
513.0,6.28728,2.395752,8.087985,TH,13
514.0,6.4149218,2.2154524,5.730738,TH,13
515.0,6.2191095,4.172977,5.0174885,TH,13
516.0,8.56412,4.5729,7.415166,TH,13
517.0,8.207675,4.2856708,5.688106,TH,13
518.0,8.588038,4.2806225,6.2274423,TH,13
519.0,8.449161,3.6207452,6.204193,TH,13
520.0,8.52747,4.2740645,6.7636986,TH,13
521.0,5.0991507,2.04549,6.210929,TH,13
522.0,4.981983,2.5819786,5.993327,TH,13
523.0,6.4759116,3.0006437,5.731745,TH,13
524.0,8.6623955,3.9404838,6.590515,TH,13
525.0,8.729721,3.0572636,5.838889,TH,13
526.0,7.9685655,3.8336806,7.104259,TH,13
527.0,6.945267,4.020582,8.310339,TH,13
528.0,8.786893,3.070821,5.9410996,TH,13
529.0,6.8838787,5.1038995,6.1097856,TH,13
530.0,6.879068,4.755814,6.4578905,TH,13
531.0,4.949813,3.2942426,7.5302253,TH,13
532.0,5.2901044,4.065449,7.7962556,TH,13
533.0,5.869363,3.038377,5.876952,TH,13
534.0,7.3965616,3.7049959,7.776568,TH,13
535.0,6.325996,2.2020738,8.092897,TH,13
536.0,7.237108,2.4707103,6.712918,TH,13
537.0,6.937874,4.80459,6.4301496,TH,13
538.0,8.411665,4.3023343,7.0614495,TH,13
539.0,6.66014,3.9741488,5.544366,TH,13
540.0,7.9119787,2.351087,6.1707287,TH,13
541.0,6.6283617,4.461322,7.298665,TH,13
542.0,6.3103876,3.2063766,6.81508,TH,13
543.0,7.204254,4.24312,7.316842,TH,13
544.0,7.520593,4.8191714,7.132484,TH,13
545.0,6.6074986,3.1383286,6.1961875,TH,13
546.0,5.9713097,3.2018673,8.375123,TH,13
547.0,7.246809,1.6426437,6.97277,TH,13
548.0,8.3330555,3.211469,5.964679,TH,13
549.0,7.1645036,4.9345155,6.7823663,TH,13
550.0,7.0674644,4.8262143,7.005643,TH,13
551.0,6.9774585,3.1675076,8.008393,TH,13
552.0,7.3599677,4.7098584,5.9328647,TH,13
553.0,7.0251575,3.3119693,6.0659494,TH,13
554.0,6.75345,1.8951458,8.052871,TH,13
555.0,7.2016573,3.608044,5.790332,TH,13
556.0,7.022049,4.824261,7.131312,TH,13
557.0,6.1658235,3.1219125,6.0776324,TH,13
558.0,5.0198317,2.48032,6.2503963,TH,13
559.0,6.8512278,5.136606,6.137996,TH,13
560.0,5.9871736,3.1467378,6.4725504,TH,13
561.0,6.2805166,2.4734528,5.8585577,TH,13
562.0,6.819639,3.022019,7.930244,TH,13
563.0,5.192266,3.261478,5.6259413,TH,13
564.0,7.7386465,2.5410843,7.9735565,TH,13
565.0,6.3708186,3.6832147,6.361207,TH,13
566.0,5.000175,2.6650481,6.261432,TH,13
567.0,5.6723824,3.809313,5.8910913,TH,13
568.0,6.6597133,3.8466077,8.233126,TH,13
569.0,7.9673214,3.8420959,7.066735,TH,13
570.0,8.278143,3.8153267,7.3944325,TH,13
571.0,6.3909016,3.9580934,8.227817,TH,13
572.0,7.8762116,2.9768817,8.03877,TH,13
573.0,6.349342,3.3350093,8.424989,TH,13
574.0,7.4446735,1.7763838,6.9755926,TH,13
575.0,8.137356,3.437618,7.006875,TH,13
576.0,8.470164,4.219926,7.1108255,TH,13
577.0,6.2314425,1.9993879,6.7673817,TH,13
578.0,8.634819,2.8552632,6.258012,TH,13
579.0,8.682225,2.9675808,6.2918024,TH,13
580.0,6.3216367,3.128962,6.0149426,TH,13
581.0,8.040628,3.7747984,5.7710204,TH,13
582.0,5.1473975,3.457504,6.406132,TH,13
583.0,5.0959315,3.423934,7.6885347,TH,13
584.0,5.010413,1.9922156,7.502938,TH,13
585.0,5.121563,2.9894657,6.108328,TH,13
586.0,8.44816,3.7906463,7.9155173,TH,13
587.0,8.246953,3.6094115,8.346722,TH,13
588.0,7.820657,3.0261118,8.117603,TH,13
589.0,7.6529355,3.3805068,8.452136,TH,13
590.0,7.3620257,4.448576,6.7299495,TH,13
591.0,7.343976,4.20044,6.47847,TH,13
592.0,7.2303495,3.7093031,5.1904736,TH,13
593.0,6.74576,3.985123,7.3940396,TH,13
594.0,6.1630564,3.9799035,6.0449376,TH,13
595.0,5.753634,3.294765,5.1190977,TH,13
596.0,6.08059,3.2078538,6.246295,TH,13
597.0,7.9317408,3.3768198,5.3399277,TH,13
598.0,5.5640388,2.748784,5.3601737,TH,13
599.0,5.37578,1.9236835,6.4837503,TH,13
600.0,6.0605836,2.4322636,5.8533463,TH,13
601.0,7.135159,2.75507,7.5145197,TH,13
602.0,6.5337696,2.074524,7.987733,TH,13
603.0,7.2645383,3.8291812,5.359684,TH,13
604.0,7.348815,3.1604764,8.603957,TH,13
605.0,5.4886804,3.2076087,6.67532,TH,13
606.0,5.6263976,2.4220448,7.287866,TH,13
607.0,6.0625486,2.4245124,7.9725676,TH,13
608.0,6.053606,2.575175,8.134235,TH,13
609.0,5.8778653,1.6407835,7.597926,TH,13
610.0,7.982492,2.4560492,7.726756,TH,13
611.0,7.7053227,3.4373415,6.933578,TH,13
612.0,6.5186048,4.428255,7.165991,TH,13
613.0,6.417862,4.4952865,7.18978,TH,13
614.0,7.0959363,2.6207075,5.5317492,TH,13
615.0,7.735128,2.7196937,5.8125257,TH,13
616.0,7.459736,3.1816375,6.8873215,TH,13
617.0,8.120498,2.9583323,7.931031,TH,13
618.0,7.085899,2.8828356,7.7806187,TH,13
619.0,8.003037,3.050377,7.0163045,TH,13
620.0,6.592234,3.2935052,7.8907604,TH,13
621.0,7.3078876,2.168791,5.909082,TH,13
622.0,7.604376,3.466561,8.502319,TH,13
623.0,6.9213176,4.40907,5.0183964,TH,13
624.0,6.1898985,3.9112449,5.383148,TH,13
625.0,6.1154494,3.7003436,5.4695706,TH,13
626.0,7.0844097,3.5152485,7.963766,TH,13
627.0,5.698913,4.1034384,7.3484807,TH,13
628.0,4.830367,1.7997761,7.0575266,TH,13
629.0,7.222683,3.8388665,5.6987224,TH,13
630.0,7.7524877,4.179664,5.94149,TH,13
631.0,7.3848004,3.8383658,5.2944345,TH,13
632.0,7.9225984,3.2001216,7.864463,TH,13
633.0,6.3199224,2.1210892,8.081896,TH,13
634.0,4.852594,2.2912953,7.7126126,TH,13
635.0,8.611304,2.804782,6.2395453,TH,13
636.0,6.3927255,5.0365257,7.4571657,TH,13
637.0,6.075572,2.0826616,6.4907017,TH,13
638.0,6.440915,2.5505543,5.72442,TH,13
639.0,6.06832,2.7534487,7.9869223,TH,13
640.0,7.241804,3.3982608,7.682441,TH,13
641.0,4.858913,2.2325451,7.660834,TH,13
642.0,5.8552904,3.2058353,5.797737,TH,13
643.0,5.7802234,3.7357297,5.282058,TH,13
644.0,6.607702,2.9701746,7.9580264,TH,13
645.0,6.060198,3.8940547,8.119601,TH,13
646.0,6.1898403,3.9373395,8.125757,TH,13
647.0,5.346297,3.429121,6.738796,TH,13
648.0,6.344629,3.5117323,8.249047,TH,13
649.0,6.2958083,3.1564937,8.196239,TH,13
650.0,6.2969975,3.7546875,7.2251062,TH,13
651.0,6.9944725,4.299994,7.521137,TH,13
652.0,6.1129985,3.4419513,7.537931,TH,13
653.0,7.1866083,4.348987,7.85049,TH,13
654.0,6.26931,4.1074176,7.9742627,TH,13
655.0,6.6977615,4.0232725,7.559424,TH,13
656.0,6.8796306,4.3077703,7.53684,TH,13
657.0,6.634093,3.685114,6.7361417,TH,13
658.0,6.02899,2.197869,6.247063,TH,13
659.0,5.977962,4.08292,4.9487863,TH,13
660.0,5.0530486,3.640368,6.631972,TH,13
661.0,6.9029317,4.1289253,4.9222093,TH,13
662.0,7.1697216,3.558788,7.0604095,TH,13
663.0,6.191529,1.4885693,6.827584,TH,13
664.0,6.684538,4.1454587,8.069758,TH,13
665.0,8.547012,4.138077,6.09869,TH,13
666.0,8.051631,4.2028174,7.548162,TH,13
667.0,6.3511143,1.4430104,6.6863213,TH,13
668.0,5.6017017,2.7634096,8.0581455,TH,13
669.0,4.9011855,2.3331625,7.7670107,TH,13
670.0,7.9596214,2.8139672,5.580102,TH,13
671.0,6.209059,1.6356995,6.3211336,TH,13
672.0,7.1654377,1.9414309,5.894378,TH,13
673.0,7.02841,1.6026736,6.2301397,TH,13
674.0,6.9398403,1.5484258,7.1172924,TH,13
675.0,6.4910727,3.057983,6.6938257,TH,13
676.0,4.9947724,3.4913096,5.811722,TH,13
677.0,5.1659245,3.5986335,6.098154,TH,13
678.0,4.5906763,2.9534178,6.942159,TH,13
679.0,4.871229,2.62825,7.469165,TH,13
680.0,5.083492,3.0087848,6.409761,TH,13
681.0,7.2596893,2.730026,5.354421,TH,13
682.0,8.523958,4.6874523,7.362494,TH,13
683.0,6.815294,5.0317984,6.1720343,TH,13
684.0,4.6306186,2.8970158,7.0500445,TH,13
685.0,7.2379465,4.7888627,7.258533,TH,13
686.0,5.4851418,3.5512185,6.6552315,TH,13
687.0,7.400624,4.82381,6.7264023,TH,13
688.0,6.76007,3.9051168,6.727828,TH,13
689.0,5.136166,1.931253,7.4401135,TH,13
690.0,6.468272,1.7850558,7.8905306,TH,13
691.0,6.8417473,2.4998887,8.3733015,TH,13
692.0,7.993366,2.6125681,6.1844444,TH,13
693.0,8.306454,4.3064017,7.213077,TH,13
694.0,5.9073215,2.2215247,5.822054,TH,13
695.0,6.2341967,3.405631,5.548745,TH,13
696.0,5.3361497,3.0583122,6.391023,TH,13
697.0,7.5459065,4.1466656,6.579784,TH,13
698.0,6.9661045,4.1959786,7.4654317,TH,13
699.0,6.6802726,4.419695,6.2291913,TH,13
700.0,5.781634,1.7824812,7.6584716,TH,13
701.0,5.7789464,1.7147098,7.262165,TH,13
702.0,5.918491,3.0364976,6.4510355,TH,13
703.0,5.0670004,3.5515287,5.8281255,TH,13
704.0,7.578794,4.0357823,7.9177103,TH,13
705.0,7.321798,4.3086824,4.9090242,TH,13
706.0,5.817954,3.9054291,5.2207875,TH,13
707.0,5.9167376,4.194102,5.7786975,TH,13
708.0,4.962021,1.8272798,7.2628264,TH,13
709.0,6.500601,3.0494719,8.090322,TH,13
710.0,5.923011,2.158975,5.8413267,TH,13
711.0,4.9840865,2.361228,7.7355146,TH,13
712.0,5.5503736,3.5514436,7.425969,TH,13
713.0,6.998028,4.2179832,6.93334,TH,13
714.0,7.327565,3.3634155,7.188289,TH,13
715.0,5.145496,4.0633187,6.0228834,TH,13
716.0,7.6233606,2.455041,5.9788113,TH,13
717.0,6.2898445,2.3402405,7.698293,TH,13
718.0,7.726863,3.5241024,5.93795,TH,13
719.0,4.7598214,2.1147106,7.323645,TH,13
720.0,5.0323567,2.8571532,6.4716935,TH,13
721.0,6.6436906,5.12806,5.90961,TH,13
722.0,4.80357,1.9981481,7.4281983,TH,13
723.0,5.1361,1.9288929,7.3701606,TH,13
724.0,8.276316,4.6273317,6.164454,TH,13
725.0,7.248436,4.2103887,5.6555724,TH,13
726.0,8.028816,3.5014555,8.411084,TH,13
727.0,5.814257,3.7684908,5.392983,TH,13
728.0,6.6331472,1.4925188,6.4182754,TH,13
729.0,6.597887,2.7011695,5.9895873,TH,13
730.0,8.63082,2.9070313,6.2759223,TH,13
731.0,4.9868326,1.7970625,6.9087725,TH,13
732.0,5.933469,3.976783,6.9151077,TH,13
733.0,5.088677,3.6011827,6.0959053,TH,13
734.0,7.289305,5.142904,6.595032,TH,13
735.0,7.272762,5.0461555,6.722676,TH,13
736.0,8.0973835,4.322406,6.8328457,TH,13
737.0,6.4664955,4.476988,7.0593414,TH,13
738.0,6.983413,2.3694642,7.5680223,TH,13
739.0,4.9590526,1.8481005,6.8682213,TH,13
740.0,6.0078735,3.293355,8.378364,TH,13
741.0,6.9363384,4.0949783,6.9511485,TH,13
742.0,6.710717,3.9721365,6.6079354,TH,13
743.0,7.13333,4.311616,7.073585,TH,13
744.0,6.957118,3.7775548,5.949383,TH,13
745.0,5.729868,3.2219415,5.1192384,TH,13
746.0,7.403644,2.5684693,5.887538,TH,13
747.0,7.9027495,4.2382793,6.6200047,TH,13
748.0,7.5236435,4.092013,6.5079865,TH,13
749.0,7.057432,2.8679397,6.617524,TH,13
750.0,6.261882,1.9534795,6.762435,TH,13
751.0,8.456412,2.9140377,6.387398,TH,13
752.0,7.2482853,2.9788098,6.731355,TH,13
753.0,7.7698207,3.4002213,8.3362875,TH,13
754.0,8.0361805,2.994337,5.826856,TH,13
755.0,7.5640945,2.937343,5.4258966,TH,13
756.0,8.025541,3.5777152,6.1167116,TH,13
757.0,8.648982,3.1609058,5.8847523,TH,13
758.0,5.6028895,2.3740983,7.095005,TH,13
759.0,6.646035,3.8997371,5.567029,TH,13
760.0,5.532458,2.8339293,6.3215966,TH,13
761.0,6.0078316,2.2489612,5.980309,TH,13
762.0,4.572286,3.0172489,6.9333615,TH,13
763.0,6.392772,1.7882147,7.477942,TH,13
764.0,5.566117,4.0661063,6.2894726,TH,13
765.0,7.838808,4.199627,6.1057615,TH,13
766.0,6.8041987,3.2794275,8.454548,TH,13
767.0,7.9683805,2.7174535,6.891977,TH,13
768.0,6.706235,2.2472723,8.004353,TH,13
769.0,6.0919504,4.6009617,6.0176306,TH,13
770.0,7.794396,3.485809,7.3225985,TH,13
771.0,6.6996946,4.6133637,5.574291,TH,13
772.0,6.401522,1.8846527,7.5758524,TH,13
773.0,7.5941033,2.3402197,6.834194,TH,13
774.0,7.9010577,3.0027924,6.7335978,TH,13
775.0,5.947408,1.9808091,7.9541364,TH,13
776.0,7.492467,4.171946,6.641588,TH,13
777.0,6.594296,4.7646904,7.654547,TH,13
778.0,5.201981,3.591271,7.670826,TH,13
779.0,5.3133936,4.155199,6.3085513,TH,13
780.0,7.741474,4.88433,6.390627,TH,13
781.0,5.7636127,1.4152312,6.8683753,TH,13
782.0,6.3836846,3.1693418,6.811743,TH,13
783.0,6.025635,3.1426823,6.666971,TH,13
784.0,5.9365377,4.1665654,7.9472404,TH,13
785.0,7.9232874,2.6631656,6.824647,TH,13
786.0,6.430018,3.5728788,7.981512,TH,13
787.0,7.4313765,3.8581383,7.3818655,TH,13
788.0,7.0082626,4.212179,6.8896103,TH,13
789.0,7.576303,3.3690808,7.328908,TH,13
790.0,7.425533,3.1063406,6.9512715,TH,13
791.0,6.7153544,4.642372,5.6749077,TH,13
792.0,6.8144965,2.6773455,6.757469,TH,13
793.0,6.962669,2.183371,6.535091,TH,13
794.0,6.8505087,2.2801993,6.4151163,TH,13
795.0,7.1727285,2.0291724,6.6820674,TH,13
796.0,5.5255413,1.5748966,6.5058193,TH,13
797.0,8.015271,3.0923448,7.858449,TH,13
798.0,5.2886033,4.257454,6.160994,TH,13
799.0,5.213291,4.238222,6.060551,TH,13
800.0,5.0276732,2.5335953,6.094223,TH,13
801.0,5.263049,4.125731,6.2304854,TH,13
802.0,6.27589,4.0412827,4.8413234,TH,13
803.0,7.734442,3.3712513,7.873564,TH,13
804.0,8.198843,3.603032,8.411801,TH,13
805.0,8.510567,4.6903305,7.4060397,TH,13
806.0,7.0721316,5.074456,6.1537385,TH,13
807.0,6.485161,4.8363605,6.1176767,TH,13
808.0,7.725148,3.141908,8.328286,TH,13
809.0,6.0344625,4.692929,6.0310893,TH,13
810.0,7.307328,3.735789,5.6363335,TH,13
811.0,5.420651,3.312014,5.2373433,TH,13
812.0,6.039528,4.699119,5.846924,TH,13
813.0,5.25142,1.5307276,7.4636054,TH,13
814.0,5.755444,1.5855653,7.144157,TH,13
815.0,5.4401274,3.5704355,7.6174884,TH,13
816.0,5.7044754,2.5074275,7.210812,TH,13
817.0,5.2609096,2.8663948,7.5614967,TH,13
818.0,4.9667263,2.1152115,6.235013,TH,13
819.0,5.8401756,2.8761172,5.8383274,TH,13
820.0,6.83006,3.305141,5.717654,TH,13
821.0,6.01264,2.3024273,7.8435936,TH,13
822.0,7.6207504,3.5139606,8.438711,TH,13
823.0,6.2501802,3.074431,5.6503305,TH,13
824.0,4.8490806,2.2752101,7.675919,TH,13
825.0,5.0847287,3.2992914,7.68768,TH,13
826.0,5.089675,3.262094,7.809282,TH,13
827.0,4.8807063,3.4225361,6.2243648,TH,13
828.0,4.9585567,3.2502797,6.3561525,TH,13
829.0,6.6734014,3.4478586,5.383647,TH,13
830.0,8.565741,4.0625925,6.8864236,TH,13
831.0,4.7849913,2.704074,6.605144,TH,13
832.0,6.9474487,3.5707624,5.5912185,TH,13
833.0,6.688291,3.3186424,5.485502,TH,13
834.0,5.2705994,4.017869,5.9157777,TH,13
835.0,6.093408,3.8880847,6.494915,TH,13
836.0,6.244179,3.9872823,6.030275,TH,13
837.0,6.5437756,4.905544,6.1404243,TH,13
838.0,5.1660666,2.681223,7.5668945,TH,13
839.0,5.5827374,3.2908106,5.123331,TH,13
840.0,8.369935,3.9270964,6.9747105,TH,13
841.0,8.644336,3.910007,6.644613,TH,13
842.0,5.4594054,3.33219,5.2784257,TH,13
843.0,8.186171,3.8114443,5.648659,TH,13
844.0,5.783582,3.260401,7.328103,TH,13
845.0,7.475436,2.8891823,5.3723617,TH,13
846.0,7.117485,2.3376505,5.3395004,TH,13
847.0,6.9223046,3.7578604,6.6059823,TH,13
848.0,6.6434035,3.6848733,8.149035,TH,13
849.0,7.9183908,3.762818,6.3095922,TH,13
850.0,8.040016,4.612848,5.9457245,TH,13
851.0,7.5306697,4.93305,6.0829124,TH,13
852.0,5.323846,3.0038512,7.4725604,TH,13
853.0,7.219461,4.045444,5.91074,TH,13
854.0,4.7172284,2.7611709,7.099627,TH,13
855.0,7.9693375,3.4430535,7.108909,TH,13
856.0,6.8868217,4.5676613,5.6921697,TH,13
857.0,6.619096,3.5366364,8.508745,TH,13
858.0,7.8070636,2.3880198,7.6329765,TH,13
859.0,7.30926,3.119464,8.627474,TH,13
860.0,6.6494737,2.0477302,8.016229,TH,13
861.0,5.5332556,3.668123,5.524035,TH,13
862.0,8.141489,3.540959,5.4278684,TH,13
863.0,5.956118,3.7926762,4.929432,TH,13
864.0,5.95774,3.5275939,5.2701855,TH,13
865.0,7.9381433,2.4596434,7.7914205,TH,13
866.0,8.156048,2.5801418,7.462735,TH,13
867.0,7.951621,3.7605271,7.024198,TH,13
868.0,6.1738234,3.9851573,4.870356,TH,13
869.0,8.397793,4.5405426,6.3781366,TH,13
870.0,7.487552,4.6061263,5.5057626,TH,13
871.0,5.3532257,4.0453014,7.7378798,TH,13
872.0,5.165232,3.1440525,7.8188996,TH,13
873.0,6.231197,3.9361308,8.251902,TH,13
874.0,5.1297555,1.6739569,7.5484953,TH,13
875.0,5.3519135,2.3837304,7.781125,TH,13
876.0,4.6220317,3.2269185,6.8070025,TH,13
877.0,5.1403527,2.1639695,7.4085894,TH,13
878.0,5.147326,3.7354953,6.347156,TH,13
879.0,6.0314164,3.6399014,5.332213,TH,13
880.0,6.1417522,2.512336,6.9592137,TH,13
881.0,6.8855953,4.340913,6.5589857,TH,13
882.0,7.547992,3.80004,6.7555614,TH,13
883.0,6.114993,4.794151,5.8607893,TH,13
884.0,6.8292975,4.3508997,5.1411734,TH,13
885.0,5.406207,1.6809453,7.4131236,TH,13
886.0,7.375924,3.5171094,7.8402476,TH,13
887.0,7.2827396,1.6699885,6.062179,TH,13
888.0,6.9134955,3.8333712,5.923289,TH,13
889.0,8.04646,3.527066,5.077837,TH,13
890.0,8.021959,2.6084125,7.148649,TH,13
891.0,6.047914,4.2106447,5.8355446,TH,13
892.0,7.516542,2.6149173,5.6318717,TH,13
893.0,8.084393,3.3781862,5.5722017,TH,13
894.0,6.872615,2.443109,5.5373373,TH,13
895.0,8.147395,4.1497154,5.236635,TH,13
896.0,6.2065907,4.6005187,5.5199537,TH,13
897.0,5.735374,2.8058465,5.267296,TH,13
898.0,7.867288,4.069872,5.24829,TH,13
899.0,6.542657,4.367632,5.008554,TH,13
0.0,11.018654,20.117716,15.791233,VISal,46
1.0,11.258869,19.923344,15.728447,VISal,46
2.0,12.219324,18.085068,15.224586,VISal,46
3.0,11.809296,17.955778,15.163155,VISal,46
4.0,11.778342,18.073399,15.29431,VISal,46
5.0,11.639823,18.226954,15.256251,VISal,46
6.0,11.616374,17.787811,15.182752,VISal,46
7.0,11.542844,17.675573,15.148082,VISal,46
8.0,11.500093,17.683212,15.223555,VISal,46
9.0,11.17547,17.152018,15.295683,VISal,46
10.0,11.204906,17.079147,15.221055,VISal,46
11.0,11.220875,16.945179,15.173263,VISal,46
12.0,11.415317,17.429121,15.230009,VISal,46
13.0,11.044402,16.91414,15.191877,VISal,46
14.0,11.091147,16.785076,15.1016655,VISal,46
15.0,11.199748,16.984346,15.2165,VISal,46
16.0,9.452619,15.034679,11.758415,VISal,46
17.0,9.516961,15.149409,11.889313,VISal,46
18.0,9.446759,14.963223,11.727083,VISal,46
19.0,9.611363,15.1744795,11.968545,VISal,46
20.0,9.517573,15.103986,11.864023,VISal,46
21.0,9.422947,15.036158,11.778449,VISal,46
22.0,9.273181,14.793671,11.642995,VISal,46
23.0,9.081468,14.747406,11.339257,VISal,46
24.0,9.187915,14.944481,11.493021,VISal,46
25.0,9.070053,14.550033,11.219008,VISal,46
26.0,9.097353,14.622051,11.208218,VISal,46
27.0,9.214144,14.750376,11.582145,VISal,46
28.0,9.157086,14.724219,11.450832,VISal,46
29.0,9.181579,14.806195,11.490173,VISal,46
30.0,9.242614,14.643126,11.489173,VISal,46
31.0,9.263943,14.462343,11.199962,VISal,46
32.0,9.178317,14.291836,11.212567,VISal,46
33.0,9.133167,14.443979,11.601259,VISal,46
34.0,9.159439,14.401592,11.609174,VISal,46
35.0,9.138159,13.820478,11.4320545,VISal,46
36.0,9.06677,14.321653,11.347923,VISal,46
37.0,9.334543,14.038019,11.202889,VISal,46
38.0,9.123882,14.40588,11.650593,VISal,46
39.0,9.279389,14.453637,11.451972,VISal,46
40.0,9.143113,14.136216,11.135159,VISal,46
41.0,9.242538,13.902032,11.553332,VISal,46
42.0,9.231537,14.198578,11.583337,VISal,46
43.0,9.599135,14.204024,11.641601,VISal,46
44.0,9.2273035,14.284755,11.697249,VISal,46
45.0,9.496585,14.614862,11.621868,VISal,46
46.0,9.154759,14.471187,11.600342,VISal,46
47.0,9.215964,14.415252,11.34746,VISal,46
48.0,9.632252,14.196547,11.084893,VISal,46
49.0,9.235849,14.1945915,11.594841,VISal,46
50.0,9.508884,14.518815,11.313019,VISal,46
51.0,9.38107,14.128368,11.255538,VISal,46
52.0,9.566636,14.237624,11.289191,VISal,46
53.0,9.270189,14.31936,11.68858,VISal,46
54.0,9.094286,14.338688,11.346983,VISal,46
55.0,9.419993,13.550089,11.275417,VISal,46
56.0,9.1636915,14.169103,11.412591,VISal,46
57.0,9.402058,13.962101,10.972583,VISal,46
58.0,9.124841,14.17914,11.293064,VISal,46
59.0,9.1733675,14.245909,11.17989,VISal,46
60.0,9.028426,14.196653,11.465116,VISal,46
61.0,9.167841,14.038834,11.155184,VISal,46
62.0,9.352319,13.953812,11.618104,VISal,46
63.0,12.446966,15.821566,12.255889,VISal,46
64.0,12.101187,18.02612,14.99342,VISal,46
65.0,12.621842,19.610804,14.433928,VISal,46
66.0,12.629626,19.62736,14.428683,VISal,46
67.0,12.603967,19.687614,14.440084,VISal,46
68.0,12.741677,19.613361,14.294177,VISal,46
69.0,12.765787,19.63826,14.275782,VISal,46
70.0,12.71878,19.661255,14.320756,VISal,46
71.0,12.979915,19.562584,13.989024,VISal,46
72.0,13.042787,19.59201,13.96758,VISal,46
73.0,13.123164,19.47032,13.864655,VISal,46
74.0,13.016044,19.589144,13.9004345,VISal,46
75.0,13.092325,19.509216,13.80225,VISal,46
76.0,13.181723,19.372614,13.541512,VISal,46
77.0,13.076061,19.42544,13.699759,VISal,46
78.0,13.235274,19.167133,13.318093,VISal,46
79.0,13.222553,19.175583,13.171642,VISal,46
80.0,13.249781,19.189524,13.249441,VISal,46
81.0,13.254858,19.081821,13.303783,VISal,46
82.0,13.242886,19.186893,13.184082,VISal,46
83.0,13.158815,19.207983,13.097982,VISal,46
84.0,13.222897,19.024366,13.090724,VISal,46
85.0,13.159814,19.02386,13.016924,VISal,46
86.0,10.44437,14.918034,11.27305,VISal,46
87.0,10.63018,14.855717,11.312431,VISal,46
88.0,10.53064,14.882118,11.311395,VISal,46
89.0,10.577159,14.767597,11.396007,VISal,46
90.0,10.536688,14.919933,11.297033,VISal,46
91.0,10.570184,14.867363,11.340316,VISal,46
92.0,10.690286,14.823549,11.293364,VISal,46
93.0,10.601399,14.993957,11.552272,VISal,46
94.0,9.330111,14.259524,11.216681,VISal,46
95.0,9.029917,14.241274,11.230963,VISal,46
96.0,9.546637,13.731494,10.818417,VISal,46
97.0,9.576149,13.766109,10.887818,VISal,46
98.0,9.441588,13.574682,10.9911175,VISal,46
99.0,9.117391,13.926534,11.032844,VISal,46
100.0,9.368414,13.843375,11.025143,VISal,46
101.0,9.356423,13.547082,10.847288,VISal,46
102.0,9.269649,13.3689375,11.026372,VISal,46
103.0,9.684064,13.591517,11.134196,VISal,46
104.0,9.567181,13.800317,10.994681,VISal,46
105.0,9.268773,13.397081,10.738299,VISal,46
106.0,9.164221,13.837517,11.01609,VISal,46
107.0,9.268129,13.569435,10.801382,VISal,46
108.0,9.534039,13.512844,11.037077,VISal,46
109.0,9.264707,13.53093,10.804418,VISal,46
110.0,9.166341,13.466245,11.135331,VISal,46
111.0,9.2567835,13.409689,11.155895,VISal,46
112.0,9.319726,13.451455,10.907942,VISal,46
113.0,9.365414,14.000634,11.109957,VISal,46
114.0,9.15106,13.456641,11.0775175,VISal,46
115.0,9.593772,13.439794,11.1502495,VISal,46
116.0,9.871856,13.533179,11.341597,VISal,46
117.0,9.310528,13.415477,10.907569,VISal,46
118.0,9.218637,13.621546,11.174916,VISal,46
119.0,9.416867,13.399077,11.172684,VISal,46
120.0,9.325239,13.571676,10.942834,VISal,46
121.0,9.161142,13.677569,11.253016,VISal,46
122.0,9.51566,13.513274,11.191141,VISal,46
123.0,9.637789,13.492546,11.386995,VISal,46
124.0,9.618734,13.649823,11.1323,VISal,46
125.0,9.101517,13.898002,11.20475,VISal,46
126.0,9.1546135,13.780103,11.066524,VISal,46
127.0,9.231132,13.624307,10.787704,VISal,46
128.0,9.543686,13.416832,11.382718,VISal,46
129.0,9.213385,13.530476,11.151701,VISal,46
130.0,9.294441,13.590459,11.232428,VISal,46
131.0,9.363885,13.50022,11.086083,VISal,46
132.0,9.717909,13.483627,11.159013,VISal,46
133.0,9.2861,13.745989,10.97462,VISal,46
134.0,9.358723,13.645619,11.393232,VISal,46
135.0,10.239522,13.704216,12.013484,VISal,46
136.0,9.482047,13.680904,11.106751,VISal,46
137.0,12.094282,15.364311,12.534692,VISal,46
138.0,12.359337,18.165071,15.439701,VISal,46
139.0,12.363499,17.976135,15.262598,VISal,46
140.0,12.284908,18.040108,15.392853,VISal,46
141.0,12.154202,17.7326,15.428921,VISal,46
142.0,11.41014,15.843137,12.337135,VISal,46
143.0,12.467462,18.028818,15.365377,VISal,46
144.0,12.378973,18.152653,15.2024975,VISal,46
145.0,12.344724,18.23066,15.135796,VISal,46
146.0,12.283682,18.785923,14.8404255,VISal,46
147.0,11.708698,17.869421,15.301848,VISal,46
148.0,11.217637,16.962467,15.482756,VISal,46
149.0,12.489173,19.520351,14.572168,VISal,46
150.0,12.667855,19.612385,14.371155,VISal,46
151.0,12.646052,19.709366,14.394362,VISal,46
152.0,12.710244,19.693495,14.328318,VISal,46
153.0,12.736767,19.660528,14.294456,VISal,46
154.0,12.7250595,19.672712,14.3028,VISal,46
155.0,12.77308,19.681284,14.259353,VISal,46
156.0,12.792274,19.649061,14.228025,VISal,46
157.0,12.801917,19.707531,14.228236,VISal,46
158.0,12.866066,19.633537,14.140291,VISal,46
159.0,13.001824,19.541695,13.974338,VISal,46
160.0,13.062783,19.49796,13.820039,VISal,46
161.0,13.223934,19.13079,13.438023,VISal,46
162.0,13.120716,19.41999,13.724363,VISal,46
163.0,13.277448,19.07641,13.309535,VISal,46
164.0,13.251597,19.1662,13.304234,VISal,46
165.0,13.337018,19.016499,13.295604,VISal,46
166.0,13.289059,19.080782,13.237461,VISal,46
167.0,13.271691,18.931227,13.189732,VISal,46
168.0,13.287538,19.097704,13.228737,VISal,46
169.0,13.29523,18.81896,13.212497,VISal,46
170.0,13.289506,18.772566,13.284867,VISal,46
171.0,13.336959,18.719639,13.161632,VISal,46
172.0,13.358744,18.54115,13.1556835,VISal,46
173.0,13.229856,18.67557,13.044662,VISal,46
174.0,13.110734,18.0254,13.565291,VISal,46
175.0,13.23667,18.423626,13.494389,VISal,46
176.0,13.216346,18.335257,13.261098,VISal,46
177.0,13.377265,18.16168,13.209779,VISal,46
178.0,13.381445,18.301832,13.192776,VISal,46
179.0,13.429209,18.123743,13.240538,VISal,46
180.0,13.417208,17.94032,13.112597,VISal,46
181.0,13.403125,18.18737,13.15084,VISal,46
182.0,13.348484,18.095512,13.160023,VISal,46
183.0,13.442205,18.19357,13.249438,VISal,46
184.0,13.530856,17.159132,12.823211,VISal,46
185.0,13.411178,17.660004,13.086637,VISal,46
186.0,13.356449,17.99995,13.137695,VISal,46
187.0,13.459589,17.991354,13.28597,VISal,46
188.0,13.514784,17.962547,13.43225,VISal,46
189.0,13.337033,18.488087,13.300482,VISal,46
190.0,13.4553995,18.16682,13.253611,VISal,46
191.0,13.368013,18.275093,13.165799,VISal,46
192.0,12.572098,17.642878,13.448449,VISal,46
193.0,12.248064,19.159021,14.804393,VISal,46
194.0,12.485667,19.448454,14.577579,VISal,46
195.0,12.496544,19.26465,14.600525,VISal,46
196.0,12.344697,19.008095,14.934518,VISal,46
197.0,12.695672,19.65883,14.361921,VISal,46
198.0,12.698803,19.24586,14.4027815,VISal,46
199.0,12.874493,18.507973,14.34356,VISal,46
200.0,12.761301,18.890017,14.410939,VISal,46
201.0,12.795921,18.457676,14.35255,VISal,46
202.0,13.088827,18.309069,14.321298,VISal,46
203.0,12.893818,18.325813,14.296515,VISal,46
204.0,12.638471,18.15143,14.277033,VISal,46
205.0,13.451872,17.683092,13.413863,VISal,46
206.0,13.579468,17.805061,13.284676,VISal,46
207.0,13.417766,17.729145,13.336235,VISal,46
208.0,13.496078,17.618088,13.531245,VISal,46
209.0,13.495918,17.657999,13.187165,VISal,46
210.0,13.140517,17.511312,13.301414,VISal,46
211.0,13.484613,17.654078,13.481539,VISal,46
212.0,13.591681,17.864414,13.342916,VISal,46
213.0,13.408479,17.25922,12.983873,VISal,46
214.0,13.4615135,17.226587,12.893724,VISal,46
215.0,13.473143,17.199753,12.8794775,VISal,46
216.0,12.711579,16.999384,13.301005,VISal,46
217.0,13.543575,17.379803,13.973049,VISal,46
218.0,13.438166,17.178917,12.90177,VISal,46
219.0,13.268691,17.462032,13.24193,VISal,46
220.0,13.271416,17.407574,13.129156,VISal,46
221.0,13.387169,17.353928,13.002315,VISal,46
222.0,13.020731,17.145037,13.129539,VISal,46
223.0,13.446774,17.241348,12.914777,VISal,46
224.0,13.4294815,17.49314,13.073241,VISal,46
225.0,13.517107,17.247513,12.910246,VISal,46
226.0,13.082792,17.130262,13.080429,VISal,46
227.0,13.326413,17.372593,12.958839,VISal,46
228.0,12.945271,17.296421,13.332653,VISal,46
229.0,12.944511,17.475143,13.323997,VISal,46
230.0,12.839286,17.531256,13.277059,VISal,46
231.0,12.752491,17.431269,13.160624,VISal,46
232.0,13.016406,17.618057,13.399567,VISal,46
233.0,13.3497,17.22519,13.01326,VISal,46
234.0,13.18894,17.899918,13.252502,VISal,46
235.0,13.480291,17.188437,13.129311,VISal,46
236.0,12.88262,17.173233,13.296675,VISal,46
237.0,12.637408,17.443367,13.419788,VISal,46
238.0,13.460049,17.612408,13.554451,VISal,46
239.0,13.351318,17.167183,12.93771,VISal,46
240.0,13.026608,17.392853,13.367336,VISal,46
241.0,13.280219,17.190916,13.227416,VISal,46
242.0,12.766784,17.606548,13.627546,VISal,46
243.0,13.411185,17.220703,13.358181,VISal,46
244.0,12.860473,17.078835,13.497132,VISal,46
245.0,12.658608,17.596613,13.580093,VISal,46
246.0,12.65935,17.561777,13.575934,VISal,46
247.0,12.48475,18.091904,15.1075115,VISal,46
248.0,12.480837,18.092728,15.178095,VISal,46
249.0,12.797665,17.994596,15.11418,VISal,46
250.0,12.644499,17.533072,13.676126,VISal,46
251.0,12.715338,17.973864,15.132129,VISal,46
252.0,12.748485,18.102888,15.088562,VISal,46
253.0,12.559583,18.135515,15.1996155,VISal,46
254.0,12.887345,18.140203,15.006646,VISal,46
255.0,12.834854,18.000544,15.04713,VISal,46
256.0,12.955114,18.176712,14.729496,VISal,46
257.0,12.697373,18.178652,15.094762,VISal,46
258.0,12.781634,18.076578,15.038932,VISal,46
259.0,13.228394,18.00215,14.879521,VISal,46
260.0,12.678883,17.522635,13.708256,VISal,46
261.0,12.993893,18.028667,14.937413,VISal,46
262.0,13.230235,17.84189,14.839682,VISal,46
263.0,12.660174,18.096277,15.147117,VISal,46
264.0,12.721114,18.093185,15.091591,VISal,46
265.0,13.311372,17.794247,14.812512,VISal,46
266.0,13.322853,17.92498,14.763261,VISal,46
267.0,13.259532,17.970062,14.830359,VISal,46
268.0,13.004888,18.106148,14.891936,VISal,46
269.0,13.404972,17.824284,14.694888,VISal,46
270.0,13.213373,18.01617,14.953189,VISal,46
271.0,13.500245,17.812935,14.642969,VISal,46
272.0,13.42397,17.987528,14.555507,VISal,46
273.0,13.46252,17.998543,14.564281,VISal,46
274.0,13.571993,17.771591,14.667196,VISal,46
275.0,13.433174,17.874945,14.680285,VISal,46
276.0,13.487562,17.852427,14.680527,VISal,46
277.0,13.536619,17.763382,14.601934,VISal,46
278.0,13.561392,17.843699,14.569851,VISal,46
279.0,13.608861,17.673792,14.473125,VISal,46
280.0,13.562995,17.653618,14.4254265,VISal,46
281.0,13.545579,17.73827,14.545785,VISal,46
282.0,13.466097,17.708044,14.566985,VISal,46
283.0,13.475542,17.705612,14.564069,VISal,46
284.0,13.523018,17.731165,14.509363,VISal,46
285.0,13.500999,17.269129,14.296051,VISal,46
286.0,13.501596,17.37832,14.246761,VISal,46
287.0,13.525878,17.314592,14.165663,VISal,46
288.0,13.430245,17.311092,14.190001,VISal,46
289.0,13.278705,17.111145,14.233015,VISal,46
290.0,13.100636,17.143843,13.114554,VISal,46
291.0,13.534927,17.341593,14.132798,VISal,46
292.0,13.300805,17.072466,14.145993,VISal,46
293.0,13.232978,17.010176,14.116559,VISal,46
294.0,12.985159,17.10101,13.406925,VISal,46
295.0,13.273034,17.119768,14.227134,VISal,46
296.0,13.054876,16.984917,14.12072,VISal,46
297.0,12.781505,16.879412,13.984042,VISal,46
298.0,13.103928,16.930439,14.079927,VISal,46
299.0,12.1736965,16.851583,14.288732,VISal,46
300.0,12.545684,16.893005,14.294428,VISal,46
301.0,12.11996,16.58825,14.12462,VISal,46
302.0,12.91679,16.89277,14.025719,VISal,46
303.0,12.687713,16.777704,14.052828,VISal,46
304.0,13.248527,17.076637,14.223656,VISal,46
305.0,12.7473345,16.843132,13.987017,VISal,46
306.0,12.577408,16.852888,14.11881,VISal,46
307.0,12.277852,16.757036,13.991119,VISal,46
308.0,12.337024,17.01832,13.926047,VISal,46
309.0,12.142961,16.726175,14.070964,VISal,46
310.0,13.125068,16.975958,14.1797,VISal,46
311.0,11.914923,16.454985,13.8160715,VISal,46
312.0,12.225093,16.79854,14.12565,VISal,46
313.0,12.183032,16.766624,14.03819,VISal,46
314.0,12.067865,16.676098,14.102047,VISal,46
315.0,11.825673,16.667145,14.192031,VISal,46
316.0,11.935835,16.501486,14.102901,VISal,46
317.0,11.813535,16.338371,13.770596,VISal,46
318.0,11.867418,16.390564,13.824022,VISal,46
319.0,11.613639,16.637712,14.23794,VISal,46
320.0,11.853061,16.794933,14.294903,VISal,46
321.0,11.998237,16.54483,14.138478,VISal,46
322.0,11.856314,16.434755,13.907387,VISal,46
323.0,11.642333,16.570839,13.993634,VISal,46
324.0,11.850541,16.685232,14.187224,VISal,46
325.0,11.776926,16.495663,13.972059,VISal,46
326.0,11.861418,16.62214,14.01044,VISal,46
327.0,11.728464,16.757584,14.205066,VISal,46
328.0,11.699363,16.563314,14.010829,VISal,46
329.0,11.6016445,16.331593,13.840698,VISal,46
330.0,11.704634,16.5967,14.084325,VISal,46
331.0,11.595032,16.477547,13.906241,VISal,46
332.0,11.619691,16.313187,13.758118,VISal,46
333.0,11.637548,16.391438,13.888497,VISal,46
334.0,11.629793,16.104387,13.612036,VISal,46
335.0,11.502182,16.118874,13.710847,VISal,46
336.0,11.576078,15.983892,13.584845,VISal,46
337.0,11.85409,16.226736,13.502427,VISal,46
338.0,11.539083,16.426662,13.962985,VISal,46
339.0,11.546685,16.23242,13.7959585,VISal,46
340.0,11.26436,15.631732,12.009311,VISal,46
341.0,11.837022,15.623659,13.099464,VISal,46
342.0,11.770004,17.672804,14.835743,VISal,46
343.0,10.745768,16.107168,14.823783,VISal,46
344.0,10.980116,16.269352,14.642286,VISal,46
345.0,11.242799,16.476366,14.447583,VISal,46
346.0,11.175175,15.281925,13.156986,VISal,46
347.0,11.069268,15.828288,13.805298,VISal,46
348.0,11.351486,16.120836,13.8422,VISal,46
349.0,10.997984,16.367664,14.675201,VISal,46
350.0,11.370367,16.464607,14.265401,VISal,46
351.0,11.062007,16.177021,14.360682,VISal,46
352.0,10.957379,16.179874,14.4889965,VISal,46
353.0,10.878916,16.126247,14.73719,VISal,46
354.0,10.785603,16.86337,15.423926,VISal,46
355.0,10.649932,16.842756,15.5217705,VISal,46
356.0,10.655698,16.956999,15.647553,VISal,46
357.0,10.69055,16.93754,15.634259,VISal,46
358.0,10.919323,16.776562,15.510469,VISal,46
359.0,10.975282,16.938408,15.411487,VISal,46
360.0,10.701167,16.936691,15.692569,VISal,46
361.0,10.674668,16.94687,15.677906,VISal,46
362.0,10.695465,16.915504,15.66479,VISal,46
363.0,11.007113,16.801352,16.11018,VISal,46
364.0,10.983597,16.847296,15.762314,VISal,46
365.0,10.761406,16.891521,15.7956,VISal,46
366.0,10.7987175,16.895203,15.897766,VISal,46
367.0,10.96119,16.798307,16.072758,VISal,46
368.0,11.016449,16.615961,16.072798,VISal,46
369.0,11.060401,16.760517,16.119606,VISal,46
370.0,11.057287,16.681753,16.071007,VISal,46
371.0,10.972747,16.578497,16.06936,VISal,46
372.0,10.918193,16.742092,16.030867,VISal,46
373.0,10.972043,16.596622,16.045044,VISal,46
374.0,11.045466,16.587152,15.963158,VISal,46
375.0,11.158176,16.88942,16.07707,VISal,46
376.0,11.005298,16.387138,15.855283,VISal,46
377.0,10.982462,16.371552,15.924783,VISal,46
378.0,11.029175,16.455292,15.9729595,VISal,46
379.0,10.966247,16.636337,16.036785,VISal,46
380.0,10.966842,16.371622,15.866549,VISal,46
381.0,11.028182,16.471077,15.955641,VISal,46
382.0,10.967974,16.393965,15.930202,VISal,46
383.0,11.041305,16.513302,15.972923,VISal,46
384.0,11.096885,16.779612,15.872187,VISal,46
385.0,11.060221,16.544188,15.895947,VISal,46
386.0,10.760352,16.486782,15.604823,VISal,46
387.0,10.955392,16.078178,15.698617,VISal,46
388.0,11.084697,16.462856,15.581882,VISal,46
389.0,10.946313,16.194622,15.737966,VISal,46
390.0,10.720653,16.226978,15.340069,VISal,46
391.0,10.962261,16.169397,15.699998,VISal,46
392.0,11.032181,16.269644,15.518916,VISal,46
393.0,10.906463,15.813616,15.571162,VISal,46
394.0,10.711147,15.6550045,15.240614,VISal,46
395.0,10.889468,15.801178,15.53318,VISal,46
396.0,10.837806,14.99818,15.388567,VISal,46
397.0,10.824569,14.980005,15.395934,VISal,46
398.0,10.973673,15.1003275,15.323794,VISal,46
399.0,10.5212755,15.421222,14.965808,VISal,46
400.0,10.5477495,15.426108,15.102652,VISal,46
401.0,10.567039,14.762567,15.0449505,VISal,46
402.0,10.669893,14.766847,15.130396,VISal,46
403.0,10.729577,14.892555,15.189613,VISal,46
404.0,10.719369,14.650322,14.922134,VISal,46
405.0,10.757604,15.07934,15.288036,VISal,46
406.0,10.824257,14.94904,15.368466,VISal,46
407.0,10.908673,14.791966,14.897722,VISal,46
408.0,10.845943,14.74756,14.989118,VISal,46
409.0,10.806779,14.9403715,15.380842,VISal,46
410.0,10.796532,14.994001,15.355453,VISal,46
411.0,10.850858,15.206401,15.234457,VISal,46
412.0,10.870943,15.385539,15.112687,VISal,46
413.0,10.64697,14.842359,15.119635,VISal,46
414.0,10.87388,14.870972,15.2953825,VISal,46
415.0,10.817539,14.952502,15.348975,VISal,46
416.0,10.804832,15.035549,15.212209,VISal,46
417.0,10.775293,14.923761,15.202567,VISal,46
418.0,10.733109,14.862324,15.098218,VISal,46
419.0,10.739948,14.689782,15.077885,VISal,46
420.0,10.786637,15.074405,15.016644,VISal,46
421.0,10.507093,15.871728,15.09158,VISal,46
422.0,10.498586,15.945836,15.078844,VISal,46
423.0,10.527573,15.9827175,15.109937,VISal,46
424.0,10.604785,15.818813,15.007901,VISal,46
425.0,10.785674,15.516904,15.379337,VISal,46
426.0,10.529159,16.013208,15.108845,VISal,46
427.0,10.562688,16.047771,15.142189,VISal,46
428.0,10.528067,15.94546,15.083567,VISal,46
429.0,10.5422,15.940043,15.078032,VISal,46
430.0,10.557276,15.7216835,15.051639,VISal,46
431.0,10.542427,15.623789,15.044005,VISal,46
432.0,10.945929,15.379286,14.913637,VISal,46
433.0,10.924336,15.35476,15.078341,VISal,46
434.0,11.064473,15.314882,14.90241,VISal,46
435.0,10.865726,14.398727,14.04185,VISal,46
436.0,10.965213,15.279846,15.012466,VISal,46
437.0,10.942985,15.334867,14.93318,VISal,46
438.0,10.986761,15.515448,14.864336,VISal,46
439.0,10.938386,15.295258,14.855869,VISal,46
440.0,10.893547,15.461188,14.824316,VISal,46
441.0,10.960397,15.573395,14.90723,VISal,46
442.0,12.286501,14.189241,13.516854,VISal,46
443.0,10.961639,15.323238,14.71808,VISal,46
444.0,11.081811,15.2424965,14.569497,VISal,46
445.0,10.60795,15.5135975,14.979669,VISal,46
446.0,10.900312,15.135809,15.12385,VISal,46
447.0,11.056767,14.239131,12.637797,VISal,46
448.0,10.922528,14.582041,13.976338,VISal,46
449.0,10.868344,13.724302,12.172337,VISal,46
450.0,11.280803,13.072595,12.024507,VISal,46
451.0,11.204941,12.717269,12.159036,VISal,46
452.0,11.218468,12.814243,12.147373,VISal,46
453.0,11.247565,12.807325,12.068072,VISal,46
454.0,11.09124,13.693025,12.150244,VISal,46
455.0,11.0821495,12.678127,12.124776,VISal,46
456.0,12.3950205,15.3330965,12.855856,VISal,46
457.0,11.198609,12.647801,12.147691,VISal,46
458.0,11.052103,14.207216,12.42459,VISal,46
459.0,11.130678,12.66875,12.225712,VISal,46
460.0,10.942821,12.884986,12.255113,VISal,46
461.0,11.133527,12.761092,12.11458,VISal,46
462.0,10.99152,13.130025,12.160297,VISal,46
463.0,11.139469,12.405154,12.455083,VISal,46
464.0,10.926321,12.302736,12.285887,VISal,46
465.0,11.004247,13.125536,12.139787,VISal,46
466.0,11.049569,12.069941,12.374638,VISal,46
467.0,10.930151,12.257029,12.291586,VISal,46
468.0,11.145011,12.084786,12.315102,VISal,46
469.0,11.017423,12.405309,12.142344,VISal,46
470.0,10.955825,12.269818,12.334711,VISal,46
471.0,11.005307,12.041372,12.376652,VISal,46
472.0,11.145901,12.5426445,12.241515,VISal,46
473.0,10.7327585,12.837952,12.096856,VISal,46
474.0,10.905971,11.916539,12.579497,VISal,46
475.0,10.880094,12.196446,12.531845,VISal,46
476.0,11.131933,12.3819,12.483896,VISal,46
477.0,10.994002,11.982346,12.532821,VISal,46
478.0,10.855841,11.986564,12.710832,VISal,46
479.0,11.125725,12.196125,12.554549,VISal,46
480.0,10.930893,12.532926,12.775101,VISal,46
481.0,10.920011,12.1110525,12.693086,VISal,46
482.0,10.950519,12.04263,12.69493,VISal,46
483.0,10.990976,12.038969,12.604779,VISal,46
484.0,10.984721,12.148226,12.655915,VISal,46
485.0,10.939204,12.495663,12.502536,VISal,46
486.0,11.056214,12.027222,12.436611,VISal,46
487.0,10.952275,12.082194,12.681825,VISal,46
488.0,11.185927,12.443697,12.478438,VISal,46
489.0,10.982537,12.513636,12.918875,VISal,46
490.0,10.980914,12.231554,12.716958,VISal,46
491.0,11.000826,12.368171,12.811431,VISal,46
492.0,10.929056,13.0128,12.7907915,VISal,46
493.0,10.997262,12.659376,12.858498,VISal,46
494.0,10.837858,12.888552,12.666434,VISal,46
495.0,11.103865,12.324884,12.448149,VISal,46
496.0,10.970419,13.174486,12.764937,VISal,46
497.0,10.970762,12.874977,12.968038,VISal,46
498.0,11.167683,12.984011,13.052474,VISal,46
499.0,11.37402,13.072862,12.767992,VISal,46
500.0,10.889667,12.292397,12.641969,VISal,46
501.0,11.027882,13.016649,13.205608,VISal,46
502.0,11.074603,13.462725,12.917907,VISal,46
503.0,10.997245,12.554637,12.876531,VISal,46
504.0,10.954579,12.765465,12.758304,VISal,46
505.0,11.300721,12.907562,12.651956,VISal,46
506.0,11.075941,12.978043,13.150529,VISal,46
507.0,11.052712,13.395228,12.917769,VISal,46
508.0,11.171595,12.872989,12.640248,VISal,46
509.0,11.1113405,13.297872,12.949392,VISal,46
510.0,12.065464,14.695718,13.261719,VISal,46
511.0,12.280232,14.759419,13.19414,VISal,46
512.0,12.259907,14.8721075,13.179015,VISal,46
513.0,12.285046,15.431382,12.944384,VISal,46
514.0,11.321473,14.230423,12.925818,VISal,46
515.0,10.779538,14.2406025,12.911186,VISal,46
516.0,11.169974,13.80615,12.793465,VISal,46
517.0,10.680265,14.158601,13.058576,VISal,46
518.0,11.511585,14.541542,12.478798,VISal,46
519.0,10.580307,13.987441,12.662734,VISal,46
520.0,10.400706,13.933257,12.712953,VISal,46
521.0,10.540374,14.090513,12.877306,VISal,46
522.0,10.954425,13.572137,12.498451,VISal,46
523.0,10.796279,13.632995,12.4257145,VISal,46
524.0,10.766729,14.1228895,12.658741,VISal,46
525.0,10.840805,13.762955,12.735401,VISal,46
526.0,10.591669,14.007878,13.010205,VISal,46
527.0,10.750686,13.841587,12.621544,VISal,46
528.0,11.052753,13.652537,12.978732,VISal,46
529.0,10.890687,13.474078,12.83043,VISal,46
530.0,10.615302,13.938473,13.16442,VISal,46
531.0,10.592616,14.045086,13.1195965,VISal,46
532.0,10.607164,14.255822,12.914154,VISal,46
533.0,10.558628,14.13733,13.054105,VISal,46
534.0,10.635899,14.01263,13.221463,VISal,46
535.0,11.081658,13.864628,13.249934,VISal,46
536.0,10.896477,13.709913,12.991355,VISal,46
537.0,10.538395,13.941684,13.227822,VISal,46
538.0,10.76996,13.594197,13.000626,VISal,46
539.0,10.564744,14.041771,13.147999,VISal,46
540.0,10.994902,13.901247,13.26515,VISal,46
541.0,10.611734,14.111676,13.138381,VISal,46
542.0,10.9749,13.780409,13.105526,VISal,46
543.0,10.586799,14.162258,13.059433,VISal,46
544.0,11.013006,14.074528,12.863575,VISal,46
545.0,10.881275,14.022692,12.82715,VISal,46
546.0,10.925361,13.769525,12.844632,VISal,46
547.0,10.536238,13.940456,13.177259,VISal,46
548.0,10.525437,13.765566,12.887429,VISal,46
549.0,10.446893,13.752538,13.027691,VISal,46
550.0,10.547099,13.946366,12.791052,VISal,46
551.0,10.521947,13.972963,13.029019,VISal,46
552.0,10.562688,13.895836,13.140774,VISal,46
553.0,10.680841,14.114674,12.976845,VISal,46
554.0,10.441528,13.739652,12.891482,VISal,46
555.0,10.534941,13.675761,12.98865,VISal,46
556.0,10.49275,13.757234,13.043124,VISal,46
557.0,9.839457,13.904672,12.0525255,VISal,46
558.0,10.393693,13.665621,12.6978855,VISal,46
559.0,10.816662,13.666997,13.568845,VISal,46
560.0,10.728142,13.79026,13.448665,VISal,46
561.0,10.644406,13.701634,13.348298,VISal,46
562.0,10.597028,13.5588,12.5579195,VISal,46
563.0,10.926904,13.679004,13.761833,VISal,46
564.0,10.8260565,13.692549,13.666654,VISal,46
565.0,11.190275,13.612668,14.011288,VISal,46
566.0,10.946024,13.78432,13.8996105,VISal,46
567.0,11.003643,13.703304,13.846372,VISal,46
568.0,11.038898,13.808004,13.801036,VISal,46
569.0,11.07139,13.489147,13.288891,VISal,46
570.0,11.425818,13.4862175,13.712907,VISal,46
571.0,11.209024,13.625763,13.972099,VISal,46
572.0,11.067968,13.822032,13.994865,VISal,46
573.0,11.173808,13.751444,14.045041,VISal,46
574.0,10.939478,13.988937,13.906372,VISal,46
575.0,11.564976,13.395108,13.970374,VISal,46
576.0,11.516479,13.391558,13.781088,VISal,46
577.0,11.660279,13.388901,13.949978,VISal,46
578.0,11.870914,13.285955,13.944297,VISal,46
579.0,11.834962,13.295069,13.81687,VISal,46
580.0,11.92718,13.375505,13.823498,VISal,46
581.0,11.846693,13.240962,13.898336,VISal,46
582.0,12.151342,13.152869,13.800737,VISal,46
583.0,11.902653,13.308739,13.896041,VISal,46
584.0,11.901192,13.164594,13.885432,VISal,46
585.0,11.993519,13.225907,13.881774,VISal,46
586.0,12.196951,13.27509,13.720712,VISal,46
587.0,11.885497,13.454218,13.732425,VISal,46
588.0,11.942606,13.2127495,13.626798,VISal,46
589.0,11.94255,13.176572,13.825263,VISal,46
590.0,12.152375,13.173445,13.78415,VISal,46
591.0,11.806947,13.234845,13.474544,VISal,46
592.0,12.018968,13.152572,13.72152,VISal,46
593.0,10.848456,13.865203,12.7052965,VISal,46
594.0,11.954878,13.061559,13.659955,VISal,46
595.0,11.875503,13.27141,13.540527,VISal,46
596.0,12.089087,12.991233,13.433732,VISal,46
597.0,12.080904,13.085632,13.52144,VISal,46
598.0,12.015828,12.99312,13.53368,VISal,46
599.0,11.922622,13.037014,13.416705,VISal,46
600.0,12.191206,13.269896,13.60579,VISal,46
601.0,11.900235,13.198491,13.669087,VISal,46
602.0,12.347592,13.543472,13.492267,VISal,46
603.0,11.8787985,13.299182,13.594393,VISal,46
604.0,12.029848,13.185765,13.561764,VISal,46
605.0,11.747517,13.328346,13.4130535,VISal,46
606.0,12.263474,13.395794,13.665193,VISal,46
607.0,12.050319,13.178565,13.492556,VISal,46
608.0,12.422228,13.906357,13.316244,VISal,46
609.0,12.350953,13.461043,13.498054,VISal,46
610.0,11.287551,13.39055,12.925381,VISal,46
611.0,12.077676,14.407871,12.899921,VISal,46
612.0,12.202747,13.351424,13.562791,VISal,46
613.0,12.342356,13.912429,13.29895,VISal,46
614.0,12.543856,13.836823,13.45066,VISal,46
615.0,12.485674,13.966865,13.3453455,VISal,46
616.0,12.634846,14.0955925,13.265633,VISal,46
617.0,12.479623,14.018485,13.301573,VISal,46
618.0,12.576393,14.0164995,13.374349,VISal,46
619.0,12.61799,14.232675,13.27197,VISal,46
620.0,12.529879,14.376325,13.100178,VISal,46
621.0,12.5791025,14.3591585,13.155807,VISal,46
622.0,12.432258,14.175385,13.1011715,VISal,46
623.0,12.534738,14.453169,13.065687,VISal,46
624.0,12.613816,14.313625,13.192597,VISal,46
625.0,12.499606,14.0520525,13.290532,VISal,46
626.0,12.572287,14.389535,13.177726,VISal,46
627.0,12.445796,14.927774,13.091474,VISal,46
628.0,12.494982,14.258345,13.149345,VISal,46
629.0,12.383084,15.761138,12.927874,VISal,46
630.0,12.043792,14.637088,12.667851,VISal,46
631.0,12.030978,15.300088,13.088204,VISal,46
632.0,12.565425,14.393825,13.143148,VISal,46
633.0,12.36526,15.621658,12.851959,VISal,46
634.0,12.296418,15.843024,12.859749,VISal,46
635.0,12.457287,15.130305,12.912581,VISal,46
636.0,11.915818,14.784145,12.609884,VISal,46
637.0,12.312528,15.495989,12.837318,VISal,46
638.0,12.307683,15.642288,12.741922,VISal,46
639.0,11.969475,15.200514,12.131157,VISal,46
640.0,11.086877,14.566784,11.304516,VISal,46
641.0,11.541717,15.177083,11.851235,VISal,46
642.0,12.383001,15.137197,12.225721,VISal,46
643.0,11.915016,15.864882,12.51413,VISal,46
644.0,12.326436,14.708092,12.50397,VISal,46
645.0,12.006052,15.328988,12.296134,VISal,46
646.0,11.725051,15.415948,12.071339,VISal,46
647.0,12.280637,15.245616,12.319213,VISal,46
648.0,12.95392,16.71613,12.93767,VISal,46
649.0,11.843447,15.311953,12.066764,VISal,46
650.0,12.287059,14.990012,12.274791,VISal,46
651.0,12.046385,15.246287,12.224987,VISal,46
652.0,12.326428,15.185025,12.305951,VISal,46
653.0,11.665362,15.539483,11.9491205,VISal,46
654.0,12.02639,15.201313,12.537985,VISal,46
655.0,12.140294,15.006182,12.255645,VISal,46
656.0,12.339764,15.277543,12.550999,VISal,46
657.0,11.831135,15.250465,13.131852,VISal,46
658.0,12.053857,15.701835,12.665603,VISal,46
659.0,12.448486,14.637511,12.863837,VISal,46
660.0,12.352822,15.28927,12.392091,VISal,46
661.0,12.1630125,15.707288,12.607207,VISal,46
662.0,12.053784,16.212301,12.530555,VISal,46
663.0,12.062863,15.418922,12.495941,VISal,46
664.0,11.405629,15.435951,12.526168,VISal,46
665.0,12.068587,15.942628,12.392888,VISal,46
666.0,12.191802,15.746876,12.308773,VISal,46
667.0,12.241143,15.783557,12.186597,VISal,46
668.0,11.940055,15.920441,12.444384,VISal,46
669.0,11.46716,15.611095,12.4764185,VISal,46
670.0,11.414204,15.493219,11.92991,VISal,46
671.0,11.652547,15.636626,11.897487,VISal,46
672.0,12.061848,15.859729,12.359088,VISal,46
673.0,12.008583,15.869259,12.379783,VISal,46
674.0,12.128701,15.797202,12.27475,VISal,46
675.0,11.872789,15.962234,12.300493,VISal,46
676.0,11.4750595,15.62356,12.193217,VISal,46
677.0,11.452236,15.618597,12.023351,VISal,46
678.0,11.668378,15.903951,12.156434,VISal,46
679.0,11.460158,15.525037,11.840932,VISal,46
680.0,11.608935,15.43216,11.947883,VISal,46
681.0,11.274176,15.237955,11.716287,VISal,46
682.0,11.100183,15.073322,11.628845,VISal,46
683.0,11.411224,15.352874,11.799888,VISal,46
684.0,11.543061,14.866778,11.491667,VISal,46
685.0,11.312834,15.286689,12.344978,VISal,46
686.0,10.894669,14.983267,11.679175,VISal,46
687.0,11.95473,15.612671,12.479235,VISal,46
688.0,11.392914,15.526383,11.932175,VISal,46
689.0,10.064177,15.001269,11.695902,VISal,46
690.0,11.195183,15.149646,12.100629,VISal,46
691.0,11.391845,15.212307,12.221124,VISal,46
692.0,11.928041,15.551029,11.880845,VISal,46
693.0,12.374329,15.693702,12.089045,VISal,46
694.0,11.846261,14.825023,12.409702,VISal,46
695.0,11.517805,14.985644,11.886569,VISal,46
696.0,11.449508,15.082076,11.701548,VISal,46
697.0,11.537868,15.147381,11.691668,VISal,46
698.0,11.605196,15.189661,11.678465,VISal,46
699.0,11.7712,14.751893,12.442003,VISal,46
700.0,11.724791,14.928986,11.646207,VISal,46
701.0,11.589595,15.096916,12.044827,VISal,46
702.0,12.114935,15.523182,12.333001,VISal,46
703.0,12.282739,15.576369,12.072527,VISal,46
704.0,12.340875,15.320356,12.02416,VISal,46
705.0,12.320038,15.480662,12.078359,VISal,46
706.0,11.365133,15.6414,11.871927,VISal,46
707.0,11.528844,15.195697,11.862771,VISal,46
708.0,12.142632,15.028586,11.716787,VISal,46
709.0,11.566707,15.38049,12.5418415,VISal,46
710.0,11.96898,14.8864155,12.106998,VISal,46
711.0,12.010243,14.87326,11.996688,VISal,46
712.0,12.016198,15.014829,11.776271,VISal,46
713.0,11.744657,15.199315,11.862915,VISal,46
714.0,12.081776,15.391849,12.015979,VISal,46
715.0,11.923676,14.973673,11.884297,VISal,46
716.0,12.1259985,14.87236,11.84912,VISal,46
717.0,12.038915,14.8727455,11.964675,VISal,46
718.0,11.7893305,14.79328,11.803113,VISal,46
719.0,11.718809,14.911731,11.79079,VISal,46
720.0,12.09571,14.878386,12.023869,VISal,46
721.0,11.682649,14.755119,11.7759285,VISal,46
722.0,12.029909,15.087065,11.957714,VISal,46
723.0,12.148423,14.765622,11.880993,VISal,46
724.0,11.838416,14.93187,11.942561,VISal,46
725.0,11.677875,14.728711,11.92285,VISal,46
726.0,11.953492,14.804309,11.720307,VISal,46
727.0,12.193142,15.011679,11.877223,VISal,46
728.0,11.798416,14.8080845,11.776548,VISal,46
729.0,11.976666,14.922117,11.919141,VISal,46
730.0,11.289127,14.891483,11.580434,VISal,46
731.0,11.53184,14.374498,11.353151,VISal,46
732.0,11.682363,14.832227,11.657409,VISal,46
733.0,11.20099,14.624513,11.434835,VISal,46
734.0,11.673962,14.804553,11.64261,VISal,46
735.0,11.162858,13.499348,10.53396,VISal,46
736.0,11.213696,14.136859,11.090764,VISal,46
737.0,11.239824,13.78532,10.54547,VISal,46
738.0,11.777602,14.836313,11.638061,VISal,46
739.0,11.428096,13.527935,10.409718,VISal,46
740.0,11.438798,15.541477,12.052943,VISal,46
741.0,11.571478,14.097837,10.511852,VISal,46
742.0,11.216242,14.14649,10.62135,VISal,46
743.0,11.682108,13.765685,10.319388,VISal,46
744.0,11.276779,14.042015,10.30934,VISal,46
745.0,11.479482,13.653031,10.590751,VISal,46
746.0,11.490653,13.872781,10.484618,VISal,46
747.0,11.280342,13.793465,10.057884,VISal,46
748.0,11.460106,14.030341,10.184231,VISal,46
749.0,11.371497,13.888264,10.313168,VISal,46
750.0,11.243221,13.575842,10.223444,VISal,46
751.0,11.346899,13.907741,10.333195,VISal,46
752.0,11.451649,13.150529,12.685319,VISal,46
753.0,11.616132,13.691355,10.342677,VISal,46
754.0,11.240526,13.671074,10.330889,VISal,46
755.0,11.256525,13.861211,10.573414,VISal,46
756.0,11.386934,13.877939,10.002923,VISal,46
757.0,11.347028,14.013933,10.558622,VISal,46
758.0,11.584028,14.0317745,10.417298,VISal,46
759.0,11.557667,13.685406,10.368903,VISal,46
760.0,10.3810835,13.839398,10.550196,VISal,46
761.0,11.209958,13.773884,10.438023,VISal,46
762.0,11.060385,13.573759,10.446179,VISal,46
763.0,11.105807,13.747776,10.314956,VISal,46
764.0,11.244191,14.329917,10.95428,VISal,46
765.0,11.32043,13.783633,10.010791,VISal,46
766.0,11.395799,13.735487,10.482406,VISal,46
767.0,11.50051,14.046827,10.334846,VISal,46
768.0,11.19811,13.914347,10.25194,VISal,46
769.0,11.611405,13.89737,10.486956,VISal,46
770.0,11.435004,13.944587,10.114213,VISal,46
771.0,11.277824,13.777007,10.056763,VISal,46
772.0,11.754359,13.586076,10.345169,VISal,46
773.0,11.515669,14.0271,10.349717,VISal,46
774.0,11.462357,13.73626,10.514457,VISal,46
775.0,11.596485,13.88713,10.197358,VISal,46
776.0,11.750481,13.795919,10.347939,VISal,46
777.0,11.331071,13.823014,10.008433,VISal,46
778.0,11.669955,13.6537,10.226021,VISal,46
779.0,11.403665,13.761812,10.171531,VISal,46
780.0,11.349974,14.047917,10.694461,VISal,46
781.0,11.576004,13.787886,10.221325,VISal,46
782.0,11.576515,14.007087,10.344603,VISal,46
783.0,11.530984,13.602638,10.274291,VISal,46
784.0,11.214999,13.667524,10.179979,VISal,46
785.0,11.708543,13.637092,10.340332,VISal,46
786.0,11.643207,13.877666,10.810452,VISal,46
787.0,11.509516,13.935901,10.36678,VISal,46
788.0,11.555496,13.935972,11.0058775,VISal,46
789.0,11.667315,13.976113,10.879852,VISal,46
790.0,11.484606,14.03475,10.456683,VISal,46
791.0,11.608344,13.941842,10.25987,VISal,46
792.0,11.487898,14.201445,10.622427,VISal,46
793.0,11.70452,14.128185,11.138959,VISal,46
794.0,11.529107,15.736781,12.417519,VISal,46
795.0,11.735675,14.089585,11.179973,VISal,46
796.0,11.246656,15.342126,12.522809,VISal,46
797.0,11.349351,15.490806,12.233567,VISal,46
798.0,11.696305,14.217809,11.432697,VISal,46
799.0,11.671379,15.810319,12.4174185,VISal,46
800.0,12.063647,15.804901,12.537458,VISal,46
801.0,11.762763,15.920232,12.547571,VISal,46
802.0,11.839483,15.95999,12.471105,VISal,46
803.0,12.502722,18.205439,16.58257,VISal,46
804.0,12.602194,18.264254,16.86846,VISal,46
805.0,12.529466,18.330091,16.998068,VISal,46
806.0,12.521677,18.307352,16.966873,VISal,46
807.0,12.538352,18.336239,16.99206,VISal,46
808.0,12.343459,18.329649,17.087934,VISal,46
809.0,12.452672,18.243097,16.989668,VISal,46
810.0,12.459185,18.368093,17.085033,VISal,46
811.0,12.390544,18.356722,17.111324,VISal,46
812.0,12.365252,18.307081,17.10149,VISal,46
813.0,12.439807,18.361908,17.11756,VISal,46
814.0,12.082819,18.313505,17.564144,VISal,46
815.0,12.267153,18.330498,17.107948,VISal,46
816.0,12.1403,18.322102,17.491802,VISal,46
817.0,12.155136,18.297127,17.258776,VISal,46
818.0,12.210305,18.374691,17.082642,VISal,46
819.0,12.104124,18.286587,17.339912,VISal,46
820.0,12.200198,18.422634,17.347658,VISal,46
821.0,12.100022,18.297392,17.3783,VISal,46
822.0,12.203927,18.290115,17.202507,VISal,46
823.0,12.062366,18.299515,17.47123,VISal,46
824.0,12.124814,18.294333,17.355274,VISal,46
825.0,12.108616,18.358173,17.24317,VISal,46
826.0,12.077073,18.339714,17.331131,VISal,46
827.0,11.965844,18.356466,17.083048,VISal,46
828.0,11.98059,18.426197,17.249138,VISal,46
829.0,11.934221,18.42061,16.934694,VISal,46
830.0,12.077146,18.3799,17.40741,VISal,46
831.0,11.987722,18.417858,17.153666,VISal,46
832.0,11.999539,18.302902,17.181679,VISal,46
833.0,12.046456,18.381323,17.065361,VISal,46
834.0,11.941377,18.446623,17.026567,VISal,46
835.0,11.974539,18.459875,17.158884,VISal,46
836.0,11.986761,18.39647,17.027012,VISal,46
837.0,12.050255,18.371351,16.96943,VISal,46
838.0,11.918353,18.596962,16.852295,VISal,46
839.0,11.878644,18.461933,16.967587,VISal,46
840.0,12.015088,18.711355,16.723602,VISal,46
841.0,11.914754,18.44458,16.94728,VISal,46
842.0,11.918505,18.466293,16.833261,VISal,46
843.0,11.869004,18.55596,16.869898,VISal,46
844.0,11.726486,18.643599,16.54989,VISal,46
845.0,11.721645,18.276062,16.33425,VISal,46
846.0,11.671317,18.511377,16.457928,VISal,46
847.0,11.51744,19.388191,16.174425,VISal,46
848.0,11.670078,18.956833,16.452734,VISal,46
849.0,11.625806,19.105541,16.287884,VISal,46
850.0,11.622419,18.965752,16.350483,VISal,46
851.0,11.4975,19.486805,16.12053,VISal,46
852.0,11.402085,19.627657,16.04948,VISal,46
853.0,11.512946,19.412882,16.188011,VISal,46
854.0,11.463515,19.496628,16.133896,VISal,46
855.0,11.538627,19.452618,16.011274,VISal,46
856.0,11.427514,19.539347,16.082054,VISal,46
857.0,11.455073,19.550825,16.082346,VISal,46
858.0,11.5513115,19.455738,15.875994,VISal,46
859.0,11.344747,19.71942,15.963849,VISal,46
860.0,11.510635,19.595592,15.865289,VISal,46
861.0,11.358219,19.701801,16.030157,VISal,46
862.0,11.365794,19.715117,15.9671955,VISal,46
863.0,11.311606,20.026184,15.712103,VISal,46
864.0,11.365109,19.911085,15.729358,VISal,46
865.0,11.420025,19.69479,15.711465,VISal,46
866.0,11.509374,19.718874,15.531894,VISal,46
867.0,11.562833,19.715145,15.482285,VISal,46
868.0,11.482276,19.57461,15.535601,VISal,46
869.0,11.626532,19.69274,15.440696,VISal,46
870.0,11.668175,19.348131,15.33452,VISal,46
871.0,11.728605,19.62423,15.309912,VISal,46
872.0,11.807303,19.60876,15.251363,VISal,46
873.0,11.961634,19.535336,15.076462,VISal,46
874.0,11.924412,19.54286,15.106879,VISal,46
875.0,11.852135,19.563728,15.174006,VISal,46
876.0,11.77425,19.712557,15.274012,VISal,46
877.0,11.845695,19.552046,15.199405,VISal,46
878.0,11.872458,19.63467,15.210674,VISal,46
879.0,11.975555,19.630163,15.081969,VISal,46
880.0,11.878426,19.679947,15.236435,VISal,46
881.0,11.826291,19.723719,15.245928,VISal,46
882.0,11.784466,19.772573,15.269438,VISal,46
883.0,11.75006,19.815948,15.307758,VISal,46
884.0,11.335673,20.11585,15.648587,VISal,46
885.0,11.842736,19.73769,15.203646,VISal,46
886.0,11.175836,20.177956,15.767136,VISal,46
887.0,11.318558,20.199492,15.6139,VISal,46
888.0,11.151129,20.253996,15.847562,VISal,46
889.0,11.113956,20.229216,15.808669,VISal,46
890.0,11.069442,20.24855,15.8550005,VISal,46
891.0,11.115091,20.177301,15.868657,VISal,46
892.0,11.222375,20.157064,15.804102,VISal,46
893.0,11.006919,20.30623,15.847086,VISal,46
894.0,11.121951,20.103107,15.891676,VISal,46
895.0,11.102502,20.196245,15.831001,VISal,46
896.0,11.112165,20.169561,15.822691,VISal,46
897.0,11.098465,20.190914,15.835069,VISal,46
898.0,11.114986,20.189846,15.831587,VISal,46
899.0,11.134842,20.112804,15.803164,VISal,46
0.0,19.336908,-7.4705358,-3.5260143,VISam,64
1.0,19.231457,-7.487597,-3.4496062,VISam,64
2.0,8.46942,8.705233,-0.5735283,VISam,64
3.0,8.441618,8.677137,-0.53022045,VISam,64
4.0,8.163194,8.731845,-0.61812997,VISam,64
5.0,7.9143753,8.8232155,-0.79172295,VISam,64
6.0,7.983532,8.799206,-0.7543135,VISam,64
7.0,7.719149,8.922568,-0.9672663,VISam,64
8.0,7.770429,8.909997,-0.97614396,VISam,64
9.0,7.53887,9.040556,-1.1462063,VISam,64
10.0,7.375572,9.07116,-0.9108421,VISam,64
11.0,7.291622,9.135436,-0.9377397,VISam,64
12.0,7.4866977,9.240257,-1.0481589,VISam,64
13.0,7.084115,9.183868,-1.132148,VISam,64
14.0,6.8532524,9.26268,-1.1290663,VISam,64
15.0,6.375579,9.301965,-1.1714845,VISam,64
16.0,6.6062,9.328879,-1.1694976,VISam,64
17.0,5.8924394,9.3915825,-1.3238883,VISam,64
18.0,6.3377147,9.30388,-1.1784203,VISam,64
19.0,5.830458,9.412187,-1.367615,VISam,64
20.0,6.181533,9.320448,-1.2098384,VISam,64
21.0,5.8518896,9.420211,-1.3660418,VISam,64
22.0,6.0728116,9.350693,-1.2444805,VISam,64
23.0,5.87892,9.40123,-1.3214283,VISam,64
24.0,5.972297,9.373394,-1.2859191,VISam,64
25.0,6.0025373,9.368385,-1.2768266,VISam,64
26.0,5.822939,9.4249,-1.3946278,VISam,64
27.0,5.7012763,9.50519,-1.4882933,VISam,64
28.0,5.6379695,9.517801,-1.5935588,VISam,64
29.0,5.548187,9.6154175,-1.6826401,VISam,64
30.0,5.348452,9.82837,-2.0403721,VISam,64
31.0,5.628151,9.523228,-1.8339456,VISam,64
32.0,5.501667,9.676763,-1.7997785,VISam,64
33.0,5.7496896,9.455075,-1.4625171,VISam,64
34.0,5.6002865,9.548759,-1.5726024,VISam,64
35.0,5.384798,10.217057,-2.5469224,VISam,64
36.0,5.6504416,9.501943,-1.5611293,VISam,64
37.0,5.6387386,9.507622,-1.5438763,VISam,64
38.0,5.507135,9.675073,-1.918438,VISam,64
39.0,5.55987,9.666565,-1.9918207,VISam,64
40.0,5.630486,9.557744,-1.5888861,VISam,64
41.0,5.3350935,9.856738,-2.3091667,VISam,64
42.0,5.4072948,9.788774,-1.9699315,VISam,64
43.0,5.211364,9.96683,-2.2934008,VISam,64
44.0,5.306324,9.918956,-2.1402683,VISam,64
45.0,5.492455,9.872293,-2.1372085,VISam,64
46.0,5.4486647,9.698204,-2.4081347,VISam,64
47.0,5.5570154,9.599494,-1.6910383,VISam,64
48.0,5.3234024,9.794879,-2.023941,VISam,64
49.0,5.3711104,9.740715,-1.9968481,VISam,64
50.0,5.323025,9.925952,-2.2524722,VISam,64
51.0,5.422921,9.706822,-1.866061,VISam,64
52.0,5.340083,9.751213,-2.1971893,VISam,64
53.0,5.499094,9.751262,-2.0853627,VISam,64
54.0,5.499452,9.834761,-2.3567634,VISam,64
55.0,5.7444434,9.600542,-2.2050443,VISam,64
56.0,5.203117,10.444405,-3.0498772,VISam,64
57.0,5.30747,10.097008,-3.0354762,VISam,64
58.0,5.2880754,9.949247,-2.5140667,VISam,64
59.0,5.6658173,9.616261,-2.1572351,VISam,64
60.0,5.284704,9.973843,-2.5839202,VISam,64
61.0,5.4166183,10.094038,-2.7570074,VISam,64
62.0,5.359623,9.905334,-2.530267,VISam,64
63.0,9.393605,9.269615,-0.8553756,VISam,64
64.0,9.06352,8.713756,-0.45796663,VISam,64
65.0,9.071885,8.684103,-0.49497655,VISam,64
66.0,9.044201,8.654202,-0.5610788,VISam,64
67.0,9.128265,8.687859,-0.5123662,VISam,64
68.0,9.12037,8.662366,-0.5768032,VISam,64
69.0,9.288768,8.843541,-0.6177519,VISam,64
70.0,9.272417,8.86886,-0.56641483,VISam,64
71.0,9.704703,9.141068,-0.20417257,VISam,64
72.0,9.630191,9.094329,-0.26067472,VISam,64
73.0,9.696212,9.218775,-0.14306237,VISam,64
74.0,9.689464,9.226359,-0.063512504,VISam,64
75.0,9.757461,9.361628,-0.026786303,VISam,64
76.0,9.817461,9.511575,-0.14053743,VISam,64
77.0,9.694588,9.38707,-0.120872386,VISam,64
78.0,9.7307415,9.419735,-0.37673792,VISam,64
79.0,9.694778,9.18829,-0.32543248,VISam,64
80.0,4.5659003,10.475935,-2.496407,VISam,64
81.0,4.5113063,10.535766,-2.4392502,VISam,64
82.0,4.6081753,10.430266,-2.5136352,VISam,64
83.0,9.665052,9.49307,-0.06819165,VISam,64
84.0,4.527235,10.531734,-2.5200362,VISam,64
85.0,4.618448,10.409133,-2.5111568,VISam,64
86.0,4.7206836,10.515825,-2.6732404,VISam,64
87.0,4.6860933,10.441749,-2.6218157,VISam,64
88.0,4.6623797,10.439972,-2.5398107,VISam,64
89.0,4.685958,10.42042,-2.5950882,VISam,64
90.0,4.6538315,10.395422,-2.5246863,VISam,64
91.0,4.6507096,10.391188,-2.4860904,VISam,64
92.0,4.714517,10.358132,-2.4738965,VISam,64
93.0,4.7536316,10.380281,-2.612173,VISam,64
94.0,5.145541,10.113721,-2.3643465,VISam,64
95.0,5.071999,10.217204,-2.5373461,VISam,64
96.0,5.023394,10.179338,-2.7145612,VISam,64
97.0,4.9208384,10.498084,-2.9676867,VISam,64
98.0,5.191116,10.262161,-3.2447424,VISam,64
99.0,4.919845,10.716404,-3.163355,VISam,64
100.0,4.974413,10.509558,-3.04413,VISam,64
101.0,5.007313,10.513974,-3.1022258,VISam,64
102.0,5.1242886,10.457034,-3.3686776,VISam,64
103.0,5.119008,10.402591,-3.4371758,VISam,64
104.0,5.0824056,10.45592,-3.262257,VISam,64
105.0,5.034357,10.764436,-3.149427,VISam,64
106.0,5.3367925,10.286281,-3.3594248,VISam,64
107.0,5.2467427,10.363973,-3.2946155,VISam,64
108.0,4.9499736,10.676431,-3.1262083,VISam,64
109.0,5.086324,10.659059,-3.478774,VISam,64
110.0,5.469442,11.002314,-3.3338978,VISam,64
111.0,5.757427,10.281966,-4.148149,VISam,64
112.0,5.2702355,10.452284,-3.4458127,VISam,64
113.0,4.9147325,10.589612,-3.3788867,VISam,64
114.0,5.0965543,10.708335,-3.159512,VISam,64
115.0,5.1255083,10.506813,-3.5698583,VISam,64
116.0,5.2128277,10.681686,-3.5576723,VISam,64
117.0,5.191351,10.477037,-3.3170946,VISam,64
118.0,5.5559964,10.937159,-3.411986,VISam,64
119.0,5.163049,10.445863,-3.4863012,VISam,64
120.0,5.194087,10.523342,-3.306173,VISam,64
121.0,5.6880703,10.9573345,-3.442409,VISam,64
122.0,5.5873637,10.724295,-3.23985,VISam,64
123.0,5.6304426,10.650195,-3.4745426,VISam,64
124.0,5.2969203,10.560587,-3.2117136,VISam,64
125.0,5.275533,10.540263,-3.3706803,VISam,64
126.0,5.244627,10.597905,-3.642083,VISam,64
127.0,5.3630643,10.442072,-3.345212,VISam,64
128.0,5.1333346,10.544934,-3.142405,VISam,64
129.0,5.4696975,10.882161,-3.4100149,VISam,64
130.0,5.676164,10.410514,-3.7732203,VISam,64
131.0,5.3436694,10.389532,-3.2287946,VISam,64
132.0,5.607067,10.197308,-3.853508,VISam,64
133.0,5.4739995,10.331784,-3.4708445,VISam,64
134.0,5.548627,10.595154,-3.4176054,VISam,64
135.0,5.534905,10.45254,-3.7142208,VISam,64
136.0,5.44648,10.578759,-3.6889637,VISam,64
137.0,5.74572,10.418243,-3.7458951,VISam,64
138.0,9.182963,9.696694,-1.4401823,VISam,64
139.0,9.210424,9.07067,-0.8378903,VISam,64
140.0,9.109174,9.487651,-1.1802073,VISam,64
141.0,8.954769,9.907161,-1.5954701,VISam,64
142.0,8.790329,10.413643,-2.3272865,VISam,64
143.0,9.0471,9.39505,-1.2860572,VISam,64
144.0,9.092008,8.984619,-0.82705843,VISam,64
145.0,9.120831,8.833652,-0.6718185,VISam,64
146.0,8.952879,8.681033,-0.522588,VISam,64
147.0,9.008092,8.787071,-0.60316414,VISam,64
148.0,8.852548,8.731704,-0.5956505,VISam,64
149.0,9.093105,8.772509,-0.5202255,VISam,64
150.0,8.980109,8.886894,-0.19686992,VISam,64
151.0,9.122416,8.84174,-0.6591657,VISam,64
152.0,9.200854,8.841979,-0.3178284,VISam,64
153.0,8.81648,8.711674,-0.17869106,VISam,64
154.0,8.9163065,8.707627,-0.07554897,VISam,64
155.0,8.904044,8.678122,-0.20177026,VISam,64
156.0,8.865189,8.65357,-0.1844701,VISam,64
157.0,8.911862,8.727887,-0.08180811,VISam,64
158.0,8.938227,8.83744,0.0011302573,VISam,64
159.0,9.0229,8.873635,-0.0115867425,VISam,64
160.0,9.302623,9.009759,0.10055529,VISam,64
161.0,9.506417,9.276829,0.11168841,VISam,64
162.0,9.553079,9.233624,0.15120216,VISam,64
163.0,9.595414,9.318157,0.19772914,VISam,64
164.0,9.467697,9.463737,0.43062833,VISam,64
165.0,9.524358,9.369203,0.28797394,VISam,64
166.0,9.599794,9.330727,0.26666385,VISam,64
167.0,9.320285,9.516179,0.35501885,VISam,64
168.0,9.540376,9.35748,0.39819363,VISam,64
169.0,9.444761,9.399954,0.4897076,VISam,64
170.0,9.426659,9.455771,0.41101795,VISam,64
171.0,9.387584,9.420297,0.3947937,VISam,64
172.0,8.983507,9.370536,0.20747967,VISam,64
173.0,9.240341,9.562821,0.37225634,VISam,64
174.0,9.49334,9.395175,0.4066468,VISam,64
175.0,9.198586,9.10909,-0.6476222,VISam,64
176.0,9.105822,9.449328,0.31120643,VISam,64
177.0,9.283006,9.519659,0.4628815,VISam,64
178.0,9.215225,9.63342,0.40048024,VISam,64
179.0,9.152235,9.710575,0.43711168,VISam,64
180.0,9.204472,9.8255625,0.57526386,VISam,64
181.0,9.212398,9.654008,0.48876762,VISam,64
182.0,9.125789,9.872472,0.5110995,VISam,64
183.0,8.992901,10.434686,0.61440307,VISam,64
184.0,9.050417,9.910235,0.5168997,VISam,64
185.0,9.126182,9.68924,0.5371486,VISam,64
186.0,9.141973,9.754976,0.46029362,VISam,64
187.0,9.1099415,9.794083,0.5293623,VISam,64
188.0,9.2116585,9.7422495,0.31256676,VISam,64
189.0,9.017224,10.247048,0.61800134,VISam,64
190.0,9.002239,9.792002,0.43798682,VISam,64
191.0,9.11232,10.392636,0.51816887,VISam,64
192.0,9.058876,9.301078,0.22446112,VISam,64
193.0,9.193184,9.029165,-0.021000948,VISam,64
194.0,8.890061,8.808653,-0.10208161,VISam,64
195.0,8.986062,8.723227,-0.33585688,VISam,64
196.0,8.859801,8.749659,-0.24054295,VISam,64
197.0,8.790852,8.703671,-0.25957048,VISam,64
198.0,8.748889,8.78203,-0.14021344,VISam,64
199.0,8.577018,8.765885,-0.35972634,VISam,64
200.0,8.720604,8.797687,-0.25633863,VISam,64
201.0,8.782043,8.768686,-0.122422256,VISam,64
202.0,8.735352,9.014076,-0.15470901,VISam,64
203.0,8.757159,9.165486,-0.069616176,VISam,64
204.0,8.798817,8.843855,-0.13425764,VISam,64
205.0,9.03636,9.444244,0.33112538,VISam,64
206.0,8.834959,9.766412,0.34024104,VISam,64
207.0,8.929381,9.725275,0.36971512,VISam,64
208.0,9.1552105,9.856424,0.2807851,VISam,64
209.0,8.9735775,9.718901,0.2499255,VISam,64
210.0,8.975964,10.507488,0.24232757,VISam,64
211.0,8.838029,10.207274,0.1595015,VISam,64
212.0,8.881064,10.29702,0.5555106,VISam,64
213.0,8.932801,10.495481,0.5594527,VISam,64
214.0,8.884808,10.627154,0.8038564,VISam,64
215.0,8.899699,10.706426,0.7515695,VISam,64
216.0,8.903336,10.718474,0.66561466,VISam,64
217.0,8.8758135,10.626543,0.74160373,VISam,64
218.0,8.878926,10.819587,0.83891433,VISam,64
219.0,8.86738,10.708966,0.76277906,VISam,64
220.0,8.855131,10.6357155,0.74290013,VISam,64
221.0,9.155363,10.5628195,0.338901,VISam,64
222.0,8.916665,10.5217,0.64422846,VISam,64
223.0,8.888225,10.611103,0.69023514,VISam,64
224.0,8.987174,10.360944,0.65292567,VISam,64
225.0,8.936261,10.637089,0.34494397,VISam,64
226.0,8.979985,10.379598,0.6152767,VISam,64
227.0,8.966071,10.473309,0.6204277,VISam,64
228.0,9.155421,10.728604,0.118957505,VISam,64
229.0,9.042581,10.681419,0.4510009,VISam,64
230.0,8.955991,10.786728,0.63094926,VISam,64
231.0,9.0637,10.809017,0.3085269,VISam,64
232.0,9.201097,10.359262,0.25956285,VISam,64
233.0,8.988811,10.316545,0.43905014,VISam,64
234.0,9.286294,10.368534,0.30133936,VISam,64
235.0,9.153818,10.778908,0.42578852,VISam,64
236.0,9.169591,10.749629,0.35827556,VISam,64
237.0,9.105401,10.559682,0.28307295,VISam,64
238.0,8.989181,10.736376,0.33174387,VISam,64
239.0,8.871726,10.4439335,0.478575,VISam,64
240.0,9.127367,10.611619,0.49345082,VISam,64
241.0,8.959307,10.545754,0.38302106,VISam,64
242.0,8.934698,10.671261,0.26032075,VISam,64
243.0,9.062076,10.882916,0.46269354,VISam,64
244.0,9.029766,10.724324,0.32294795,VISam,64
245.0,8.888721,10.627955,0.27897185,VISam,64
246.0,9.275019,10.253374,0.15491469,VISam,64
247.0,9.382949,10.228292,-0.48027495,VISam,64
248.0,9.582133,10.355828,-0.6620339,VISam,64
249.0,9.538542,10.07129,-0.59707844,VISam,64
250.0,9.391791,10.244604,-0.977687,VISam,64
251.0,9.392703,10.389478,0.20762363,VISam,64
252.0,9.546203,10.175506,-0.52560955,VISam,64
253.0,9.724684,10.247521,-0.7094265,VISam,64
254.0,9.78032,10.349009,-0.6174937,VISam,64
255.0,9.851199,10.386995,-0.587864,VISam,64
256.0,9.902026,10.314485,-0.45174822,VISam,64
257.0,9.700695,10.257642,-0.54558957,VISam,64
258.0,9.846054,10.355075,-0.5075034,VISam,64
259.0,9.860555,10.071305,-0.25052908,VISam,64
260.0,9.660683,10.25834,-0.24254085,VISam,64
261.0,9.803262,10.258459,-0.5106528,VISam,64
262.0,9.732187,10.264643,-0.262354,VISam,64
263.0,9.718949,10.017384,-0.49146405,VISam,64
264.0,9.876204,10.309525,-0.3671177,VISam,64
265.0,9.059044,10.857684,0.47140196,VISam,64
266.0,9.937997,10.171996,-0.2820023,VISam,64
267.0,9.852327,10.486895,-0.49756444,VISam,64
268.0,9.817845,10.238602,-0.35456514,VISam,64
269.0,9.540125,10.389396,-0.090341926,VISam,64
270.0,9.957453,10.533792,-0.54187864,VISam,64
271.0,9.933897,10.350406,-0.42828622,VISam,64
272.0,9.628644,10.076279,-0.8057595,VISam,64
273.0,9.9761305,10.641832,-0.50281656,VISam,64
274.0,9.907381,10.4713545,-0.30500746,VISam,64
275.0,9.925323,10.648748,-0.45455533,VISam,64
276.0,9.965005,10.565125,-0.5283376,VISam,64
277.0,9.973575,10.970681,-0.52627194,VISam,64
278.0,9.975513,10.999236,-0.45748493,VISam,64
279.0,9.990676,11.880165,-0.19929816,VISam,64
280.0,10.032815,11.968013,-0.11988031,VISam,64
281.0,10.005475,11.907197,-0.14699735,VISam,64
282.0,9.979517,12.32203,-0.019367045,VISam,64
283.0,10.000602,12.313185,-0.09298804,VISam,64
284.0,9.926202,12.415503,-0.095739745,VISam,64
285.0,9.970873,12.379403,0.008493533,VISam,64
286.0,9.928966,12.432117,-0.024679678,VISam,64
287.0,9.928149,12.399622,-0.0044162897,VISam,64
288.0,9.908804,12.433042,-0.021244531,VISam,64
289.0,9.8912115,12.4123335,-0.01538954,VISam,64
290.0,9.850468,12.470011,-0.006921485,VISam,64
291.0,9.911652,12.448604,-0.0059544733,VISam,64
292.0,9.93526,12.492693,0.014878334,VISam,64
293.0,9.840556,12.47316,-0.07580354,VISam,64
294.0,9.899697,12.477208,7.2598865e-05,VISam,64
295.0,9.887969,12.465102,-0.047080833,VISam,64
296.0,9.632533,12.130486,-0.35088485,VISam,64
297.0,9.932835,12.263462,-0.21045268,VISam,64
298.0,9.971973,12.39317,-0.18835734,VISam,64
299.0,9.770096,12.330857,-0.15419045,VISam,64
300.0,9.771676,12.415771,-0.099564224,VISam,64
301.0,9.582765,12.249284,-0.2501331,VISam,64
302.0,9.223798,12.047773,-0.50300366,VISam,64
303.0,9.494978,12.149041,-0.28474644,VISam,64
304.0,9.187496,12.048114,-0.4948764,VISam,64
305.0,9.4759245,12.19407,-0.3277861,VISam,64
306.0,9.0783615,11.771539,-0.7298868,VISam,64
307.0,9.075091,11.689643,-0.7993808,VISam,64
308.0,9.182073,11.785667,-0.64241713,VISam,64
309.0,8.920385,11.855529,-0.60373414,VISam,64
310.0,8.9772,11.758513,-0.66898465,VISam,64
311.0,9.021498,11.752824,-0.7622918,VISam,64
312.0,9.06029,11.713378,-0.7756506,VISam,64
313.0,9.001701,11.747883,-0.7422957,VISam,64
314.0,9.023567,11.784588,-0.6717782,VISam,64
315.0,9.04278,11.749565,-0.78395486,VISam,64
316.0,8.76147,11.418649,-0.9375,VISam,64
317.0,8.723669,11.43678,-0.90249836,VISam,64
318.0,8.782936,11.450904,-1.101729,VISam,64
319.0,8.921319,11.591586,-0.90386796,VISam,64
320.0,8.99888,11.707943,-0.8656201,VISam,64
321.0,8.920117,11.683981,-0.8952981,VISam,64
322.0,8.786206,11.56854,-0.7370358,VISam,64
323.0,8.915565,10.667693,-1.7867277,VISam,64
324.0,8.739844,11.462391,-0.6352015,VISam,64
325.0,8.743552,11.51829,-0.7951396,VISam,64
326.0,8.94622,11.731131,-0.66916424,VISam,64
327.0,8.717041,11.441617,-0.67892206,VISam,64
328.0,8.665488,11.531683,-0.81782174,VISam,64
329.0,8.47738,11.220055,-0.78626025,VISam,64
330.0,8.687733,11.320285,-0.66914374,VISam,64
331.0,8.639042,11.320753,-0.6765467,VISam,64
332.0,8.605776,11.368737,-0.79752964,VISam,64
333.0,8.697174,11.207418,-0.57094514,VISam,64
334.0,8.483434,10.653537,-0.7743766,VISam,64
335.0,8.531306,11.176335,-0.6834658,VISam,64
336.0,8.277133,11.179271,-1.1831836,VISam,64
337.0,8.6645,11.236671,-0.5298258,VISam,64
338.0,8.4045315,11.283647,-1.071851,VISam,64
339.0,8.625918,11.11592,-0.5666132,VISam,64
340.0,8.4219885,10.887858,-1.0710813,VISam,64
341.0,8.464146,11.22298,-1.0539619,VISam,64
342.0,8.231388,10.964449,-1.5382853,VISam,64
343.0,8.110036,9.995999,-1.4337746,VISam,64
344.0,8.567979,11.099717,-1.1818722,VISam,64
345.0,7.8745556,9.963524,-1.3713379,VISam,64
346.0,8.125179,10.113712,-1.588753,VISam,64
347.0,8.051233,10.355445,-1.404061,VISam,64
348.0,8.107267,10.584575,-1.3828983,VISam,64
349.0,8.079082,10.080317,-1.4104215,VISam,64
350.0,8.155629,10.24781,-1.2749037,VISam,64
351.0,8.009169,10.069665,-1.4184369,VISam,64
352.0,7.943355,10.106914,-1.5548416,VISam,64
353.0,8.022665,9.985453,-1.4596014,VISam,64
354.0,8.089981,9.796234,-1.4986498,VISam,64
355.0,8.1388445,9.649971,-1.6827705,VISam,64
356.0,8.107266,9.320141,-1.3583261,VISam,64
357.0,8.01209,9.381611,-1.4547607,VISam,64
358.0,8.002984,9.462724,-1.361305,VISam,64
359.0,8.30061,9.540146,-1.5641897,VISam,64
360.0,8.251205,9.248498,-1.3848151,VISam,64
361.0,7.9700828,9.004807,-1.3560666,VISam,64
362.0,7.9984975,9.099582,-1.3306758,VISam,64
363.0,7.890736,8.998828,-1.4159285,VISam,64
364.0,8.109892,9.343418,-1.4021088,VISam,64
365.0,7.853812,9.218105,-1.3067588,VISam,64
366.0,8.045203,9.062093,-1.2791923,VISam,64
367.0,7.8516088,9.031513,-1.4007629,VISam,64
368.0,7.890316,9.043677,-1.3423389,VISam,64
369.0,7.769158,9.071588,-1.3376186,VISam,64
370.0,7.845632,9.172634,-1.4097006,VISam,64
371.0,7.920689,9.267074,-1.3880357,VISam,64
372.0,7.9235272,9.232135,-1.4628422,VISam,64
373.0,7.7258606,9.059837,-1.3140386,VISam,64
374.0,7.751781,8.988036,-1.2147448,VISam,64
375.0,7.5895762,9.142713,-1.7812212,VISam,64
376.0,7.736002,9.190767,-1.2548078,VISam,64
377.0,7.0610676,10.523674,-2.8201337,VISam,64
378.0,6.900855,10.950578,-3.2123003,VISam,64
379.0,7.5354276,9.330183,-2.0161145,VISam,64
380.0,7.581372,9.028175,-1.4999865,VISam,64
381.0,7.732484,9.101548,-1.3969079,VISam,64
382.0,7.057528,10.575976,-3.0508525,VISam,64
383.0,7.437619,9.177226,-1.5348643,VISam,64
384.0,7.5206146,9.057997,-1.3680978,VISam,64
385.0,7.84809,9.026744,-1.9381195,VISam,64
386.0,7.8754086,8.97227,-1.4584823,VISam,64
387.0,7.657818,9.127831,-1.588135,VISam,64
388.0,7.1813936,10.386875,-2.8591528,VISam,64
389.0,7.774524,9.367917,-2.0288231,VISam,64
390.0,7.389108,9.188419,-1.3912991,VISam,64
391.0,7.5385833,9.593136,-2.1883407,VISam,64
392.0,7.5798984,9.132447,-1.8149738,VISam,64
393.0,7.9700828,9.189745,-2.3205297,VISam,64
394.0,7.0840116,11.562577,-3.8553565,VISam,64
395.0,7.232296,10.6466675,-3.2198405,VISam,64
396.0,8.058615,9.211582,-2.4608586,VISam,64
397.0,8.179518,9.3025055,-2.7000115,VISam,64
398.0,8.177188,9.278929,-2.5898225,VISam,64
399.0,8.24596,9.358499,-2.6446855,VISam,64
400.0,8.536734,9.734842,-2.809985,VISam,64
401.0,8.509541,9.688151,-2.7453308,VISam,64
402.0,8.427869,9.591396,-2.7559958,VISam,64
403.0,8.393624,9.627798,-2.7295487,VISam,64
404.0,8.543507,9.82883,-2.811309,VISam,64
405.0,8.261095,9.481574,-2.90559,VISam,64
406.0,8.184071,9.46921,-2.9349492,VISam,64
407.0,8.270182,9.452523,-2.926512,VISam,64
408.0,8.192798,9.292202,-2.7640855,VISam,64
409.0,8.158157,9.387395,-2.9643369,VISam,64
410.0,8.138216,9.44601,-3.1231022,VISam,64
411.0,8.133482,9.408603,-3.0199301,VISam,64
412.0,7.862437,9.487007,-3.2122862,VISam,64
413.0,7.9300804,9.523366,-3.176744,VISam,64
414.0,8.244142,9.425031,-3.1484432,VISam,64
415.0,7.875523,10.115198,-3.3509014,VISam,64
416.0,8.094098,10.127163,-3.7932284,VISam,64
417.0,8.493511,9.912525,-2.9985266,VISam,64
418.0,7.714624,10.452578,-3.5230558,VISam,64
419.0,8.15414,10.173957,-3.7129686,VISam,64
420.0,7.3917513,10.165688,-3.665055,VISam,64
421.0,7.3103313,10.184106,-3.7542176,VISam,64
422.0,7.916348,10.0862665,-3.5869248,VISam,64
423.0,6.5316124,10.611885,-3.606509,VISam,64
424.0,7.2695837,10.66031,-3.4757497,VISam,64
425.0,7.282161,10.701052,-3.4074125,VISam,64
426.0,7.1811676,10.764458,-3.6385834,VISam,64
427.0,7.577048,10.446725,-3.5413313,VISam,64
428.0,7.173692,11.2312765,-3.8272686,VISam,64
429.0,7.114999,10.882233,-3.83168,VISam,64
430.0,6.861325,10.954791,-3.5635536,VISam,64
431.0,6.8827705,10.687716,-3.9490335,VISam,64
432.0,7.15585,10.77037,-3.4577024,VISam,64
433.0,6.9976,10.618911,-3.267925,VISam,64
434.0,6.9913764,10.799971,-3.5839667,VISam,64
435.0,7.042852,10.954889,-3.3591087,VISam,64
436.0,6.808027,10.689289,-3.6276531,VISam,64
437.0,6.9890738,10.714797,-3.8044143,VISam,64
438.0,7.1213574,10.602335,-4.2006836,VISam,64
439.0,6.995218,10.76774,-3.6364896,VISam,64
440.0,6.787398,10.750407,-3.5875826,VISam,64
441.0,6.925849,10.799059,-3.5889988,VISam,64
442.0,7.003052,10.80288,-3.380936,VISam,64
443.0,6.8851075,10.75829,-3.9127934,VISam,64
444.0,6.917681,10.547963,-3.8999982,VISam,64
445.0,6.8909793,10.738698,-3.4696918,VISam,64
446.0,7.121987,10.483239,-3.7447865,VISam,64
447.0,7.122663,10.352238,-3.9493704,VISam,64
448.0,7.025515,10.310629,-4.1027865,VISam,64
449.0,7.0030656,10.491022,-3.9393065,VISam,64
450.0,7.133332,10.017588,-3.9633367,VISam,64
451.0,7.292938,10.227999,-4.1151886,VISam,64
452.0,8.467478,9.495172,-3.4640226,VISam,64
453.0,8.696688,9.535626,-3.6217222,VISam,64
454.0,9.034237,9.784457,-3.4769201,VISam,64
455.0,8.886038,10.038975,-3.761307,VISam,64
456.0,9.028821,9.552013,-3.5721812,VISam,64
457.0,8.934392,9.570488,-3.6178372,VISam,64
458.0,8.835652,9.685254,-3.7304585,VISam,64
459.0,9.109857,9.895751,-3.5435586,VISam,64
460.0,9.11038,9.890839,-3.610186,VISam,64
461.0,9.217937,9.811495,-3.480808,VISam,64
462.0,9.280471,9.615792,-3.44052,VISam,64
463.0,9.284809,9.603991,-3.446929,VISam,64
464.0,9.270666,9.602285,-3.5140262,VISam,64
465.0,9.243534,9.647866,-3.4730628,VISam,64
466.0,9.332633,9.5570135,-3.5038188,VISam,64
467.0,9.079315,10.016769,-3.520476,VISam,64
468.0,9.36971,9.707226,-3.3785226,VISam,64
469.0,9.257485,9.895811,-3.3017414,VISam,64
470.0,9.227008,10.008795,-3.3106954,VISam,64
471.0,8.985641,10.071697,-2.986823,VISam,64
472.0,9.23969,10.030476,-3.214921,VISam,64
473.0,8.716204,10.518891,-2.5263736,VISam,64
474.0,8.786094,10.550691,-2.71875,VISam,64
475.0,8.716647,10.549637,-2.4412434,VISam,64
476.0,8.701378,10.521733,-2.6472557,VISam,64
477.0,8.634576,10.648865,-2.5280979,VISam,64
478.0,8.38698,10.790925,-2.6899977,VISam,64
479.0,8.679126,10.592101,-2.5341485,VISam,64
480.0,8.70385,10.589373,-2.4427323,VISam,64
481.0,8.586909,10.641925,-2.757503,VISam,64
482.0,8.359331,10.827239,-2.7195752,VISam,64
483.0,8.565425,10.66552,-2.5117733,VISam,64
484.0,7.0343366,11.535396,-3.7728217,VISam,64
485.0,8.038637,11.117263,-2.8146353,VISam,64
486.0,8.006318,11.037764,-2.6400661,VISam,64
487.0,7.958246,11.279287,-2.6755633,VISam,64
488.0,8.363749,10.835731,-2.7473238,VISam,64
489.0,8.04682,11.039597,-2.4910874,VISam,64
490.0,8.050673,11.1898,-2.8242886,VISam,64
491.0,7.974835,10.914593,-3.3235128,VISam,64
492.0,8.069865,11.947801,-3.5405374,VISam,64
493.0,8.047272,11.10437,-2.5409684,VISam,64
494.0,7.7422976,11.181903,-2.6529868,VISam,64
495.0,8.113917,11.052512,-2.7967172,VISam,64
496.0,7.6626673,11.255871,-2.791354,VISam,64
497.0,7.326264,11.295558,-3.0431006,VISam,64
498.0,7.7675915,11.38067,-2.7694924,VISam,64
499.0,7.8039317,11.2671175,-2.8912666,VISam,64
500.0,7.301529,11.282956,-3.0607557,VISam,64
501.0,7.5364623,11.752921,-3.232386,VISam,64
502.0,7.240052,11.70311,-3.569594,VISam,64
503.0,7.54195,11.275953,-3.6825547,VISam,64
504.0,7.359695,11.606643,-3.3182478,VISam,64
505.0,7.1077356,11.487308,-3.1964288,VISam,64
506.0,7.678671,12.31379,-3.6212072,VISam,64
507.0,7.7758327,12.093238,-3.3017137,VISam,64
508.0,7.272181,11.8326,-3.6314323,VISam,64
509.0,7.14251,11.813302,-3.8522303,VISam,64
510.0,7.7925954,12.294325,-3.482522,VISam,64
511.0,8.075082,10.839112,-3.4222393,VISam,64
512.0,8.83138,10.36816,-4.4572134,VISam,64
513.0,7.770536,11.67756,-3.2876546,VISam,64
514.0,7.990777,11.356711,-3.3791904,VISam,64
515.0,8.402921,11.194051,-3.097316,VISam,64
516.0,8.053609,11.751795,-3.335772,VISam,64
517.0,8.224871,12.083387,-3.3014526,VISam,64
518.0,8.268473,11.567092,-3.089407,VISam,64
519.0,7.8613014,11.7152405,-3.4830055,VISam,64
520.0,7.6094007,11.689165,-3.308351,VISam,64
521.0,7.7327476,11.5728655,-3.045882,VISam,64
522.0,7.9968066,12.354939,-3.5475676,VISam,64
523.0,7.4511504,11.916206,-3.7611697,VISam,64
524.0,7.822547,11.59871,-3.224862,VISam,64
525.0,7.88322,11.900593,-3.3128116,VISam,64
526.0,7.3924403,11.76022,-3.4170518,VISam,64
527.0,7.597289,12.082816,-3.705345,VISam,64
528.0,8.074418,11.888379,-3.4722297,VISam,64
529.0,7.8227797,12.139468,-3.4469543,VISam,64
530.0,7.6848073,12.1187725,-3.7398117,VISam,64
531.0,7.9688272,11.795009,-3.5521352,VISam,64
532.0,7.7438765,11.499742,-2.9015698,VISam,64
533.0,6.926719,11.649137,-3.8007343,VISam,64
534.0,7.359185,11.7963915,-3.672472,VISam,64
535.0,7.05062,11.720141,-3.7652104,VISam,64
536.0,8.239754,11.591645,-3.4663484,VISam,64
537.0,6.6070957,11.409177,-3.6656747,VISam,64
538.0,7.9882145,11.915815,-3.3784995,VISam,64
539.0,7.925729,12.288388,-3.5929341,VISam,64
540.0,7.183928,11.681816,-3.8376513,VISam,64
541.0,8.349099,12.158747,-3.659902,VISam,64
542.0,7.870905,12.309973,-3.5642855,VISam,64
543.0,8.07062,12.150545,-3.5350363,VISam,64
544.0,7.949876,12.254998,-3.5268514,VISam,64
545.0,8.239168,12.213072,-3.5720956,VISam,64
546.0,7.9059825,12.142462,-3.5819376,VISam,64
547.0,8.036594,12.239804,-3.641832,VISam,64
548.0,8.095199,12.013499,-3.4381068,VISam,64
549.0,7.914473,12.198672,-3.6283643,VISam,64
550.0,8.1897335,12.17809,-3.570933,VISam,64
551.0,7.9680185,12.239401,-3.679709,VISam,64
552.0,8.320263,11.623983,-3.6536133,VISam,64
553.0,8.170076,11.467082,-3.4827878,VISam,64
554.0,8.289791,11.87976,-3.7266262,VISam,64
555.0,7.9547014,11.49726,-3.4891968,VISam,64
556.0,8.014818,11.408867,-3.7203722,VISam,64
557.0,7.501458,11.076397,-4.3486004,VISam,64
558.0,8.217326,11.92675,-3.6396048,VISam,64
559.0,8.069418,11.971836,-3.4757597,VISam,64
560.0,8.075101,11.552706,-3.7568648,VISam,64
561.0,8.096487,11.933584,-3.7341166,VISam,64
562.0,7.678234,11.658664,-3.688291,VISam,64
563.0,7.391809,11.201106,-3.9707026,VISam,64
564.0,7.8978953,11.470977,-3.7878394,VISam,64
565.0,8.113685,11.106171,-4.191178,VISam,64
566.0,7.725198,11.577566,-3.9126804,VISam,64
567.0,8.0499525,11.347695,-4.0786147,VISam,64
568.0,7.230584,11.715435,-4.230023,VISam,64
569.0,7.367551,11.23095,-3.55442,VISam,64
570.0,8.122116,11.443999,-3.9106045,VISam,64
571.0,7.2657013,11.644071,-4.3410306,VISam,64
572.0,7.258574,11.737213,-4.352137,VISam,64
573.0,7.5131626,11.457134,-4.5766344,VISam,64
574.0,7.8255877,11.521611,-4.111045,VISam,64
575.0,7.49899,11.594692,-4.4047894,VISam,64
576.0,7.8708177,11.719707,-4.8132815,VISam,64
577.0,7.028922,11.681439,-3.9616816,VISam,64
578.0,7.988298,11.866137,-4.354688,VISam,64
579.0,7.8083687,11.680225,-4.823076,VISam,64
580.0,7.8871517,11.495676,-4.137581,VISam,64
581.0,7.8966174,11.665757,-4.8627887,VISam,64
582.0,7.9194593,11.900469,-4.394526,VISam,64
583.0,7.8499904,11.572098,-4.767442,VISam,64
584.0,7.9916563,11.727783,-4.5208306,VISam,64
585.0,8.1181135,11.538384,-4.634065,VISam,64
586.0,7.7164707,11.564183,-4.6365786,VISam,64
587.0,7.815881,11.598823,-4.4685845,VISam,64
588.0,8.054002,11.799126,-4.3634863,VISam,64
589.0,7.604729,11.582607,-4.6751037,VISam,64
590.0,8.070763,11.616441,-4.5855465,VISam,64
591.0,7.986976,11.403548,-4.371839,VISam,64
592.0,7.7884817,11.516505,-4.7873845,VISam,64
593.0,7.8350577,11.39374,-4.6492395,VISam,64
594.0,7.579352,11.290346,-4.439918,VISam,64
595.0,7.6488256,11.719616,-4.717172,VISam,64
596.0,7.1274443,11.707213,-4.1922975,VISam,64
597.0,8.049152,11.393086,-4.638643,VISam,64
598.0,8.262302,11.4188175,-4.3225803,VISam,64
599.0,8.196553,11.383085,-4.5832157,VISam,64
600.0,7.9598446,11.537692,-4.798304,VISam,64
601.0,7.7542195,11.516249,-4.6333084,VISam,64
602.0,7.8010454,11.373074,-4.523245,VISam,64
603.0,8.207567,11.42068,-4.4863267,VISam,64
604.0,8.073083,11.440871,-4.321509,VISam,64
605.0,7.5431466,11.778813,-4.4823756,VISam,64
606.0,7.8853045,11.236783,-4.693576,VISam,64
607.0,8.060262,11.487437,-4.8223915,VISam,64
608.0,8.18965,11.218295,-4.3802786,VISam,64
609.0,7.966868,11.414213,-4.8348355,VISam,64
610.0,7.8960166,11.231159,-4.523696,VISam,64
611.0,8.420319,11.460921,-4.473363,VISam,64
612.0,8.079124,11.464207,-4.4983034,VISam,64
613.0,8.315172,11.519697,-4.576231,VISam,64
614.0,8.325266,11.256552,-3.966533,VISam,64
615.0,8.10846,11.497978,-4.1828527,VISam,64
616.0,8.474149,11.132982,-4.431446,VISam,64
617.0,8.573318,11.405401,-3.5219903,VISam,64
618.0,8.532479,11.417262,-4.223707,VISam,64
619.0,9.218362,11.223492,-3.602788,VISam,64
620.0,9.027098,10.778437,-3.837146,VISam,64
621.0,8.511592,11.42258,-4.429905,VISam,64
622.0,8.634863,11.529972,-3.5911684,VISam,64
623.0,8.654456,11.338389,-4.2015533,VISam,64
624.0,8.568695,11.3839,-3.8496456,VISam,64
625.0,8.939062,10.959494,-3.7614534,VISam,64
626.0,8.870963,10.677735,-3.9751348,VISam,64
627.0,8.600234,11.543596,-3.7408478,VISam,64
628.0,8.426522,11.1849,-4.4490004,VISam,64
629.0,8.475601,11.494172,-3.1978772,VISam,64
630.0,8.59945,10.227096,-3.6075397,VISam,64
631.0,8.981706,10.91383,-4.0085707,VISam,64
632.0,8.857689,11.430028,-3.3934422,VISam,64
633.0,8.740626,10.226106,-3.767712,VISam,64
634.0,8.890273,10.89447,-3.8508368,VISam,64
635.0,9.077609,11.157,-3.6803944,VISam,64
636.0,9.31353,10.9809265,-3.181944,VISam,64
637.0,9.282943,11.048756,-3.9758751,VISam,64
638.0,8.914456,11.373108,-3.552892,VISam,64
639.0,9.192872,11.024155,-3.7518606,VISam,64
640.0,8.790066,10.633227,-3.768566,VISam,64
641.0,8.85478,11.224206,-3.6001275,VISam,64
642.0,9.131611,11.000312,-3.7839062,VISam,64
643.0,9.310382,11.015669,-4.0569086,VISam,64
644.0,9.0062275,11.075222,-3.4299023,VISam,64
645.0,9.31763,11.038661,-4.06614,VISam,64
646.0,9.05189,10.66262,-3.4474394,VISam,64
647.0,9.117863,10.65932,-3.7664146,VISam,64
648.0,8.727348,10.184284,-3.0846145,VISam,64
649.0,9.148392,10.969156,-3.9696252,VISam,64
650.0,8.903414,10.312396,-2.5215757,VISam,64
651.0,8.974843,10.597682,-3.2030025,VISam,64
652.0,8.726428,10.43912,-3.0348413,VISam,64
653.0,9.11443,10.856976,-3.8253005,VISam,64
654.0,8.67342,10.53214,-3.05158,VISam,64
655.0,9.1707945,10.437171,-3.8376374,VISam,64
656.0,9.290001,10.540952,-2.8992887,VISam,64
657.0,9.25744,10.705977,-3.1296966,VISam,64
658.0,8.8320055,10.142131,-2.7407997,VISam,64
659.0,8.980446,10.615552,-3.867992,VISam,64
660.0,9.28257,10.937124,-3.1736102,VISam,64
661.0,9.539734,10.626185,-2.9653037,VISam,64
662.0,9.398439,10.513352,-2.9929852,VISam,64
663.0,9.490212,10.539746,-3.049043,VISam,64
664.0,9.476085,10.53832,-3.140358,VISam,64
665.0,9.109262,10.521577,-3.06857,VISam,64
666.0,9.502584,10.518281,-2.8690789,VISam,64
667.0,9.473253,10.4732485,-3.0774586,VISam,64
668.0,9.339396,10.563409,-3.2089255,VISam,64
669.0,9.530322,10.49006,-3.0618215,VISam,64
670.0,8.8023615,10.306185,-3.1346755,VISam,64
671.0,9.45091,10.522227,-3.0464876,VISam,64
672.0,9.292623,10.523249,-2.930653,VISam,64
673.0,9.376076,10.725587,-3.1029537,VISam,64
674.0,9.4580145,10.541207,-3.0467389,VISam,64
675.0,8.726493,10.592898,-3.4047391,VISam,64
676.0,8.769549,10.476334,-3.355063,VISam,64
677.0,8.636992,10.484783,-3.1686637,VISam,64
678.0,8.39524,10.603881,-3.7575154,VISam,64
679.0,8.856185,10.454132,-3.2149036,VISam,64
680.0,8.527115,10.166221,-3.9427462,VISam,64
681.0,9.226192,11.02375,-4.060885,VISam,64
682.0,8.389171,10.971259,-3.8754795,VISam,64
683.0,8.24497,10.733955,-3.7256818,VISam,64
684.0,8.58844,10.434022,-3.2300632,VISam,64
685.0,8.524886,10.514771,-4.0951004,VISam,64
686.0,8.517828,11.147691,-3.9559586,VISam,64
687.0,8.297026,10.800146,-3.393272,VISam,64
688.0,9.257875,10.922692,-4.122863,VISam,64
689.0,8.518858,10.51992,-3.277134,VISam,64
690.0,8.136271,10.339781,-3.7701597,VISam,64
691.0,8.245381,10.744423,-4.024376,VISam,64
692.0,8.446511,10.323634,-3.8628905,VISam,64
693.0,8.334259,10.829819,-3.4696674,VISam,64
694.0,8.328013,10.490212,-3.9578667,VISam,64
695.0,8.222157,10.661294,-3.8576849,VISam,64
696.0,7.939625,11.632491,-3.602597,VISam,64
697.0,8.343267,10.722368,-4.2639074,VISam,64
698.0,7.98765,11.023277,-4.161551,VISam,64
699.0,7.983122,11.352717,-3.4304106,VISam,64
700.0,8.192743,11.035521,-3.8327198,VISam,64
701.0,8.083514,11.081619,-4.048621,VISam,64
702.0,8.210472,9.821359,-2.0434318,VISam,64
703.0,8.845339,10.439802,-4.0884657,VISam,64
704.0,8.499551,10.764009,-3.6302595,VISam,64
705.0,8.888091,10.345874,-4.3378754,VISam,64
706.0,8.475168,10.534735,-3.6323683,VISam,64
707.0,8.508871,10.60869,-4.2168508,VISam,64
708.0,8.339148,10.588513,-3.7894332,VISam,64
709.0,8.819035,10.963141,-3.7276626,VISam,64
710.0,8.619531,10.57905,-4.210785,VISam,64
711.0,7.9469852,9.520887,-3.7782183,VISam,64
712.0,8.752722,10.375716,-4.1799464,VISam,64
713.0,8.042978,9.985897,-3.9484107,VISam,64
714.0,8.438211,10.043798,-3.312015,VISam,64
715.0,8.1371,9.92347,-1.973292,VISam,64
716.0,7.73847,9.585172,-4.033656,VISam,64
717.0,8.0482645,9.571056,-3.4554665,VISam,64
718.0,7.9943957,10.34869,-4.1308703,VISam,64
719.0,7.2558928,10.743629,-4.5375743,VISam,64
720.0,7.936921,9.463991,-3.9219716,VISam,64
721.0,7.809157,9.643021,-4.076911,VISam,64
722.0,7.9280834,9.449575,-3.8508635,VISam,64
723.0,7.821765,9.466293,-4.0248184,VISam,64
724.0,7.712376,9.560934,-3.9263725,VISam,64
725.0,7.925675,9.542074,-3.9842846,VISam,64
726.0,7.821915,9.476374,-3.9910417,VISam,64
727.0,6.8214226,9.555384,-4.220564,VISam,64
728.0,8.204335,9.658565,-3.8867974,VISam,64
729.0,7.158788,9.697463,-4.206509,VISam,64
730.0,7.263825,9.522188,-4.0747685,VISam,64
731.0,7.676645,9.350894,-3.6067145,VISam,64
732.0,7.9102917,9.549748,-3.893058,VISam,64
733.0,6.8288565,9.459843,-4.1976314,VISam,64
734.0,6.8662577,9.455974,-4.233004,VISam,64
735.0,7.102648,9.456391,-4.119973,VISam,64
736.0,6.3869987,9.670413,-4.291147,VISam,64
737.0,6.834597,9.4934435,-4.2141204,VISam,64
738.0,6.789132,9.542011,-4.16621,VISam,64
739.0,6.806593,9.579432,-4.2548714,VISam,64
740.0,6.6524467,9.5178995,-4.4190516,VISam,64
741.0,6.952046,9.7936325,-3.9986954,VISam,64
742.0,6.5380607,9.6163225,-4.3720937,VISam,64
743.0,6.473202,9.829574,-4.6326523,VISam,64
744.0,6.1299586,9.842962,-4.021142,VISam,64
745.0,6.4411974,9.727246,-4.2317147,VISam,64
746.0,6.267886,9.615411,-4.3004003,VISam,64
747.0,6.2561674,9.628334,-4.460177,VISam,64
748.0,6.7355795,9.733481,-4.13465,VISam,64
749.0,5.905841,9.976463,-3.9055943,VISam,64
750.0,6.126401,9.750552,-4.3014565,VISam,64
751.0,6.538206,9.639571,-4.2665772,VISam,64
752.0,6.233389,9.615765,-4.3189363,VISam,64
753.0,6.331072,9.707189,-4.222487,VISam,64
754.0,6.1209555,9.8186655,-4.5261526,VISam,64
755.0,6.2723446,10.162397,-4.2794356,VISam,64
756.0,6.1801295,9.7592325,-4.3928566,VISam,64
757.0,6.456184,10.055382,-4.668435,VISam,64
758.0,6.236396,10.013007,-4.327101,VISam,64
759.0,6.295047,9.790363,-4.3264174,VISam,64
760.0,5.9464207,9.879574,-4.32042,VISam,64
761.0,6.0291095,10.024985,-4.449771,VISam,64
762.0,6.124853,10.115419,-4.347782,VISam,64
763.0,6.1792474,9.919468,-4.3556733,VISam,64
764.0,5.9029584,10.114548,-4.3185973,VISam,64
765.0,6.0820103,9.899019,-4.13991,VISam,64
766.0,6.1803317,9.98857,-4.3862085,VISam,64
767.0,6.006437,10.03185,-4.2887588,VISam,64
768.0,6.83384,10.242032,-4.91188,VISam,64
769.0,6.489235,9.917339,-4.3456845,VISam,64
770.0,6.4537444,9.888109,-4.91132,VISam,64
771.0,6.374596,9.835607,-4.874089,VISam,64
772.0,6.3062162,9.873661,-4.8673563,VISam,64
773.0,6.784237,10.201791,-4.3189173,VISam,64
774.0,6.148206,10.09667,-4.6366696,VISam,64
775.0,6.554612,9.904556,-4.9517045,VISam,64
776.0,6.454862,9.935673,-4.429734,VISam,64
777.0,6.706211,10.089358,-4.788442,VISam,64
778.0,6.657544,10.156985,-4.2554674,VISam,64
779.0,6.2969866,10.00712,-4.4197183,VISam,64
780.0,6.7272973,10.0871525,-4.8508506,VISam,64
781.0,6.461046,9.872664,-4.9635897,VISam,64
782.0,6.388816,9.948318,-4.501826,VISam,64
783.0,6.0880985,10.049303,-4.388966,VISam,64
784.0,6.541109,10.021018,-4.8606825,VISam,64
785.0,6.4581223,10.020996,-4.3629384,VISam,64
786.0,6.463199,9.826311,-4.921482,VISam,64
787.0,6.2445974,10.211458,-4.718483,VISam,64
788.0,6.5088134,10.136231,-4.7451644,VISam,64
789.0,6.3413854,10.091269,-4.6895022,VISam,64
790.0,6.6639843,9.935708,-4.3914256,VISam,64
791.0,6.849155,10.091626,-4.788551,VISam,64
792.0,6.765023,10.019278,-4.7312126,VISam,64
793.0,7.099317,9.971829,-4.7022924,VISam,64
794.0,7.5805993,10.716558,-4.4574513,VISam,64
795.0,7.3214874,10.371879,-4.054149,VISam,64
796.0,7.1363683,9.9412155,-4.628136,VISam,64
797.0,6.3397007,9.818965,-4.4171696,VISam,64
798.0,7.442957,10.74691,-4.3615007,VISam,64
799.0,7.871728,9.838436,-4.435339,VISam,64
800.0,7.9410496,10.299785,-4.1659617,VISam,64
801.0,7.8960943,9.842276,-4.2340207,VISam,64
802.0,7.694916,9.798782,-4.317761,VISam,64
803.0,8.16711,10.406289,-4.417776,VISam,64
804.0,8.158689,9.967163,-4.2369313,VISam,64
805.0,9.128035,9.872048,-4.6587396,VISam,64
806.0,9.0763,9.934953,-4.6795816,VISam,64
807.0,9.171338,9.918949,-4.696035,VISam,64
808.0,9.223031,9.923546,-4.702236,VISam,64
809.0,9.267904,9.9567,-4.6774354,VISam,64
810.0,9.217862,9.954592,-4.6565523,VISam,64
811.0,9.182022,9.976215,-4.658253,VISam,64
812.0,9.485224,10.464629,-4.4120917,VISam,64
813.0,9.500089,9.968194,-4.6743984,VISam,64
814.0,9.324838,10.085951,-4.4067345,VISam,64
815.0,9.060147,10.040518,-4.738737,VISam,64
816.0,9.593484,9.992515,-4.4916496,VISam,64
817.0,9.199852,9.981699,-4.659746,VISam,64
818.0,9.497219,10.01598,-4.6485724,VISam,64
819.0,9.5374155,10.0802965,-4.6175613,VISam,64
820.0,9.017739,10.007172,-4.799199,VISam,64
821.0,9.304121,10.3965225,-4.2192903,VISam,64
822.0,9.539172,10.09913,-4.663229,VISam,64
823.0,9.780462,10.131708,-4.5847225,VISam,64
824.0,9.467535,10.275384,-4.2787166,VISam,64
825.0,9.682447,10.13031,-4.5930257,VISam,64
826.0,9.578215,10.020698,-4.567494,VISam,64
827.0,9.725176,10.142492,-4.4253793,VISam,64
828.0,9.512444,10.122959,-4.481604,VISam,64
829.0,9.724597,10.021868,-4.593916,VISam,64
830.0,9.5892315,10.2286415,-4.3554163,VISam,64
831.0,9.886147,9.94844,-4.6199784,VISam,64
832.0,9.808582,10.034005,-4.4984093,VISam,64
833.0,10.294185,9.63779,-4.7012825,VISam,64
834.0,9.764041,9.958234,-4.5506015,VISam,64
835.0,10.29325,9.708948,-4.831518,VISam,64
836.0,10.279503,9.635377,-4.7078085,VISam,64
837.0,9.959373,9.80475,-4.7207017,VISam,64
838.0,10.049942,9.801453,-4.717892,VISam,64
839.0,10.26424,9.649379,-4.725409,VISam,64
840.0,10.243238,9.622652,-4.8009,VISam,64
841.0,10.369488,9.587,-4.6855674,VISam,64
842.0,10.25193,9.656242,-4.8035574,VISam,64
843.0,10.174268,9.6609745,-4.7293572,VISam,64
844.0,10.190004,9.715823,-4.7694345,VISam,64
845.0,10.107699,9.732734,-4.7854376,VISam,64
846.0,10.224642,9.665323,-4.753014,VISam,64
847.0,10.384966,9.554066,-4.80054,VISam,64
848.0,18.874382,-7.1048717,-4.3246226,VISam,64
849.0,18.890211,-7.1559706,-4.3142014,VISam,64
850.0,18.805769,-7.1899195,-4.158445,VISam,64
851.0,18.888239,-7.177469,-4.192448,VISam,64
852.0,18.997337,-7.0640593,-4.2990828,VISam,64
853.0,18.905811,-7.2078037,-4.1778164,VISam,64
854.0,18.93624,-7.1552467,-4.289988,VISam,64
855.0,18.936861,-7.2280083,-3.9190795,VISam,64
856.0,18.942581,-7.2013803,-4.2109494,VISam,64
857.0,18.902964,-7.192413,-4.069118,VISam,64
858.0,18.905275,-7.1948333,-4.0969577,VISam,64
859.0,19.046764,-7.2911735,-3.6951914,VISam,64
860.0,19.057657,-7.251681,-3.7695453,VISam,64
861.0,19.180574,-7.4086933,-3.5844388,VISam,64
862.0,19.120302,-7.3527527,-3.6739302,VISam,64
863.0,19.161924,-7.4285736,-3.5064962,VISam,64
864.0,19.023973,-7.2766027,-3.5731292,VISam,64
865.0,19.030106,-7.302914,-3.62906,VISam,64
866.0,18.821184,-7.2058144,-3.5222893,VISam,64
867.0,19.009142,-7.2747455,-3.6115248,VISam,64
868.0,18.997028,-7.3542886,-3.4090006,VISam,64
869.0,19.028343,-7.282457,-3.6331553,VISam,64
870.0,19.099625,-7.345557,-3.5725656,VISam,64
871.0,18.995201,-7.339623,-3.43176,VISam,64
872.0,18.927975,-7.347315,-3.3441079,VISam,64
873.0,18.834745,-7.249903,-3.3556075,VISam,64
874.0,18.740013,-7.1952634,-3.4398525,VISam,64
875.0,18.792181,-7.2497363,-3.3039181,VISam,64
876.0,18.772173,-7.1919413,-3.412791,VISam,64
877.0,18.750708,-7.208929,-3.292543,VISam,64
878.0,18.813536,-7.2723393,-3.2872016,VISam,64
879.0,18.81087,-7.3051796,-3.23795,VISam,64
880.0,18.77972,-7.2497115,-3.3629029,VISam,64
881.0,18.914495,-7.359446,-3.2484775,VISam,64
882.0,18.912485,-7.401678,-3.1243582,VISam,64
883.0,18.914623,-7.3543653,-3.2869477,VISam,64
884.0,18.982018,-7.452256,-3.1886861,VISam,64
885.0,19.099087,-7.4886184,-3.24016,VISam,64
886.0,19.01971,-7.4684525,-3.091538,VISam,64
887.0,18.987675,-7.430963,-3.160701,VISam,64
888.0,19.13977,-7.5339723,-3.2134001,VISam,64
889.0,19.052198,-7.4849243,-3.1237915,VISam,64
890.0,19.16201,-7.5568686,-3.182882,VISam,64
891.0,19.146996,-7.538627,-3.202724,VISam,64
892.0,19.184935,-7.5527472,-3.2681742,VISam,64
893.0,19.208944,-7.59363,-3.2965047,VISam,64
894.0,19.172686,-7.5378513,-3.278022,VISam,64
895.0,19.242855,-7.5402,-3.3718379,VISam,64
896.0,19.26803,-7.5691366,-3.337802,VISam,64
897.0,19.223274,-7.5019093,-3.424247,VISam,64
898.0,19.26948,-7.5375834,-3.391885,VISam,64
899.0,19.338858,-7.569692,-3.3927436,VISam,64
0.0,-0.2539689,16.482038,5.7981987,VISl,20
1.0,0.027637314,15.627437,4.505072,VISl,20
2.0,-1.0181524,16.208168,6.1600003,VISl,20
3.0,-0.29966778,16.924215,6.0237703,VISl,20
4.0,-0.28514925,17.087353,6.290192,VISl,20
5.0,-0.08976467,17.234985,6.490651,VISl,20
6.0,-0.17392428,17.4304,6.3512406,VISl,20
7.0,-0.07715549,17.344769,6.4540863,VISl,20
8.0,-0.13219948,17.28366,6.4555507,VISl,20
9.0,-0.020473171,17.295557,6.4468007,VISl,20
10.0,-0.025082165,17.26554,6.4843564,VISl,20
11.0,-0.011546644,17.350927,6.4947386,VISl,20
12.0,-0.08516619,17.271933,6.387373,VISl,20
13.0,-0.1074936,17.338882,6.3882527,VISl,20
14.0,0.061930425,17.220459,6.4387484,VISl,20
15.0,0.06005007,17.183384,6.4358597,VISl,20
16.0,0.067462206,17.182365,6.480926,VISl,20
17.0,0.01809951,17.079433,6.425187,VISl,20
18.0,0.34074026,17.07299,6.4824214,VISl,20
19.0,0.1843988,16.88949,6.4653735,VISl,20
20.0,0.24885805,16.877142,6.525712,VISl,20
21.0,0.33003432,17.081272,6.3046565,VISl,20
22.0,5.0711594,15.134277,7.261921,VISl,20
23.0,4.979121,14.725183,7.176559,VISl,20
24.0,5.0369415,14.3094845,7.103673,VISl,20
25.0,4.994944,14.42253,7.1454034,VISl,20
26.0,5.218658,15.207297,7.2937193,VISl,20
27.0,5.547148,15.308973,7.2340245,VISl,20
28.0,5.42802,15.194398,7.2059083,VISl,20
29.0,5.1525936,14.881619,7.138855,VISl,20
30.0,5.496995,15.152768,7.2134295,VISl,20
31.0,5.424459,15.126913,7.3140063,VISl,20
32.0,5.087042,14.554256,6.9357142,VISl,20
33.0,5.1543036,14.457789,7.155508,VISl,20
34.0,4.872991,14.682717,6.98677,VISl,20
35.0,5.5932145,15.052913,7.239387,VISl,20
36.0,5.721196,15.205993,7.187054,VISl,20
37.0,5.545064,15.1633005,7.3245,VISl,20
38.0,4.884629,14.514211,7.0491886,VISl,20
39.0,5.0120153,14.718021,6.988337,VISl,20
40.0,5.3253694,15.029587,6.9507694,VISl,20
41.0,5.596549,15.022664,7.2581315,VISl,20
42.0,5.3786297,14.172722,7.051028,VISl,20
43.0,5.113253,14.042014,6.9941235,VISl,20
44.0,5.015267,14.618656,7.146471,VISl,20
45.0,5.6207547,14.227315,6.9985414,VISl,20
46.0,5.4711413,13.950285,6.8678565,VISl,20
47.0,5.109,14.165939,6.9724655,VISl,20
48.0,5.034803,14.291064,7.009842,VISl,20
49.0,5.672073,14.699338,7.1734495,VISl,20
50.0,5.836077,14.452538,6.423405,VISl,20
51.0,5.188684,14.127334,7.0737715,VISl,20
52.0,5.235979,14.02877,6.996482,VISl,20
53.0,5.4237394,14.007866,6.8339396,VISl,20
54.0,5.787377,15.243612,7.2402124,VISl,20
55.0,5.959986,15.331621,7.2206883,VISl,20
56.0,5.4955025,15.587856,5.3918996,VISl,20
57.0,5.6967573,15.054179,7.2467704,VISl,20
58.0,6.234734,15.353129,6.9682565,VISl,20
59.0,5.7754474,15.212337,6.8230495,VISl,20
60.0,5.5249476,15.203416,7.132083,VISl,20
61.0,5.400362,15.183948,6.990925,VISl,20
62.0,6.0450735,15.537763,6.587551,VISl,20
63.0,5.2962174,14.688895,4.5815763,VISl,20
64.0,-1.0102361,16.131027,6.188709,VISl,20
65.0,-1.5244411,15.996978,6.3859005,VISl,20
66.0,-1.410753,16.088167,6.3939786,VISl,20
67.0,-1.4656615,16.03228,6.318215,VISl,20
68.0,-1.4579242,16.061985,6.3729935,VISl,20
69.0,-1.4773895,16.032248,6.386477,VISl,20
70.0,-1.4787779,16.056656,6.40511,VISl,20
71.0,-1.4078732,16.15558,6.4790244,VISl,20
72.0,-1.4244885,16.116253,6.4382057,VISl,20
73.0,-1.24915,16.304424,6.5576763,VISl,20
74.0,-1.1025108,16.468412,6.7367506,VISl,20
75.0,-1.0408477,16.270868,6.704355,VISl,20
76.0,-0.9898392,16.548546,6.6475925,VISl,20
77.0,-1.2746401,16.309383,6.6269903,VISl,20
78.0,-0.4114167,16.512585,6.332318,VISl,20
79.0,-0.61709225,16.484865,6.2127757,VISl,20
80.0,-0.36878973,16.61068,6.242056,VISl,20
81.0,-0.10627444,16.652666,6.3349056,VISl,20
82.0,0.09212864,16.565779,6.4168277,VISl,20
83.0,-0.41969153,16.520254,6.3685417,VISl,20
84.0,5.412384,14.054765,6.9235616,VISl,20
85.0,5.4905844,14.020257,6.917503,VISl,20
86.0,5.575849,15.449603,6.682548,VISl,20
87.0,5.540716,14.275243,6.843975,VISl,20
88.0,5.5997114,13.926478,6.802937,VISl,20
89.0,5.633182,14.239039,6.5957193,VISl,20
90.0,5.679228,14.298263,6.8823743,VISl,20
91.0,5.158366,14.256105,6.856059,VISl,20
92.0,4.8269854,14.61493,6.9415736,VISl,20
93.0,4.852823,14.410582,6.6642785,VISl,20
94.0,5.4714966,15.163129,6.8295574,VISl,20
95.0,5.5677285,15.478943,6.4903936,VISl,20
96.0,5.5425715,15.474156,6.598255,VISl,20
97.0,5.9422073,15.178008,6.9670906,VISl,20
98.0,5.683335,15.067712,6.4935637,VISl,20
99.0,5.783094,15.39132,5.4624267,VISl,20
100.0,6.011304,14.884926,6.8052096,VISl,20
101.0,6.262392,13.619061,6.477011,VISl,20
102.0,5.9110913,14.811858,6.989195,VISl,20
103.0,5.735045,15.583348,6.5814915,VISl,20
104.0,5.7132196,15.486607,6.6495953,VISl,20
105.0,5.7838354,15.555327,6.516512,VISl,20
106.0,5.7661986,15.224013,6.6091456,VISl,20
107.0,6.2933593,15.242505,6.849779,VISl,20
108.0,6.163661,14.893318,6.760527,VISl,20
109.0,6.1301785,15.060773,6.906044,VISl,20
110.0,5.7464604,15.504471,6.524186,VISl,20
111.0,6.0287504,15.471387,6.8706684,VISl,20
112.0,6.2628655,14.695766,6.4308834,VISl,20
113.0,6.239838,15.44225,6.4223204,VISl,20
114.0,6.0024877,15.166286,6.983904,VISl,20
115.0,5.667081,15.356986,6.505109,VISl,20
116.0,6.518365,14.980695,6.043261,VISl,20
117.0,5.7543397,14.945248,6.351093,VISl,20
118.0,6.017534,15.256963,7.101216,VISl,20
119.0,5.948399,14.85494,6.6178436,VISl,20
120.0,5.990683,14.33631,6.560857,VISl,20
121.0,6.368093,13.442238,6.322482,VISl,20
122.0,5.8434734,14.7353525,6.4947214,VISl,20
123.0,5.59686,15.142407,6.9644012,VISl,20
124.0,5.6669555,15.317217,6.423599,VISl,20
125.0,5.8357334,15.557138,6.6078644,VISl,20
126.0,5.692504,14.473242,7.0862994,VISl,20
127.0,6.12805,15.326078,6.9345617,VISl,20
128.0,6.070205,15.483451,6.648784,VISl,20
129.0,5.9463973,15.181956,6.9471,VISl,20
130.0,6.268164,15.217376,6.955829,VISl,20
131.0,5.796379,15.48034,6.67958,VISl,20
132.0,6.2673044,15.177696,6.7126365,VISl,20
133.0,5.900669,15.134928,7.0587716,VISl,20
134.0,6.021292,14.947959,7.021574,VISl,20
135.0,5.6696434,15.4392605,6.3921566,VISl,20
136.0,5.9088016,14.662312,6.4327955,VISl,20
137.0,5.6123,15.54026,4.8689523,VISl,20
138.0,0.3589811,17.171803,5.6187077,VISl,20
139.0,-0.26446456,16.614065,5.4946265,VISl,20
140.0,-0.30417565,16.722023,5.8323364,VISl,20
141.0,0.13080776,16.436247,6.3392506,VISl,20
142.0,-0.24822302,16.324993,6.0872655,VISl,20
143.0,-0.37518305,16.562862,5.5976305,VISl,20
144.0,-0.6707441,16.486694,6.1579905,VISl,20
145.0,-0.50478184,16.569016,6.1737776,VISl,20
146.0,-0.7013861,16.36324,6.0697436,VISl,20
147.0,-0.7937722,16.37231,6.09148,VISl,20
148.0,-0.67367315,16.447824,6.166536,VISl,20
149.0,-1.1290114,15.8729105,5.979291,VISl,20
150.0,-1.0168403,15.705988,5.808356,VISl,20
151.0,-1.3665824,16.028564,6.282505,VISl,20
152.0,-1.3869207,15.985276,6.2574244,VISl,20
153.0,-1.3016593,16.107763,6.300703,VISl,20
154.0,-1.174758,16.269163,6.442798,VISl,20
155.0,-1.2161943,16.26264,6.5128784,VISl,20
156.0,-1.1502414,16.288136,6.49336,VISl,20
157.0,-1.1480788,16.35783,6.6112423,VISl,20
158.0,-1.008471,16.44885,6.760175,VISl,20
159.0,-0.96863997,16.476809,6.703718,VISl,20
160.0,-0.7895527,16.706146,6.7815604,VISl,20
161.0,-0.89589626,16.539152,6.797759,VISl,20
162.0,-0.80705184,16.644716,6.8533072,VISl,20
163.0,-0.7962279,16.606026,6.876165,VISl,20
164.0,-0.7723276,16.599129,6.8769293,VISl,20
165.0,-0.69785386,16.498127,6.885532,VISl,20
166.0,-0.768386,16.510273,6.93078,VISl,20
167.0,-0.7476373,16.519827,6.9096837,VISl,20
168.0,-0.71485484,16.54026,6.9394984,VISl,20
169.0,-0.76516646,16.34226,6.731716,VISl,20
170.0,-0.771703,16.451704,6.8559837,VISl,20
171.0,4.347226,16.618084,4.9821386,VISl,20
172.0,4.594156,16.186981,4.8211956,VISl,20
173.0,4.681742,16.02862,4.741198,VISl,20
174.0,0.22029716,14.788952,3.553009,VISl,20
175.0,0.3761593,14.789235,3.5401316,VISl,20
176.0,-0.8214763,15.46497,5.5546594,VISl,20
177.0,-0.57931614,15.399321,5.325032,VISl,20
178.0,1.2393234,15.395394,2.871413,VISl,20
179.0,0.226476,15.207985,3.6421323,VISl,20
180.0,0.3157685,14.769707,3.4275274,VISl,20
181.0,0.37669358,15.003348,2.557952,VISl,20
182.0,0.9612971,15.425827,2.9286618,VISl,20
183.0,0.75600207,15.460964,2.0392833,VISl,20
184.0,0.70970815,15.433139,2.0599616,VISl,20
185.0,0.7147327,15.359774,2.0795639,VISl,20
186.0,0.6221632,15.097035,2.2229452,VISl,20
187.0,1.0682851,14.837228,2.708784,VISl,20
188.0,1.0258857,15.167952,2.7430098,VISl,20
189.0,0.9221342,14.81661,3.031787,VISl,20
190.0,-0.21893854,16.26634,6.0836563,VISl,20
191.0,0.3570831,14.97893,3.7168481,VISl,20
192.0,-0.3003799,16.126383,5.85864,VISl,20
193.0,-1.4026747,16.101608,6.3734074,VISl,20
194.0,-1.3595368,16.109335,6.3641167,VISl,20
195.0,-0.85743207,15.587504,5.5595107,VISl,20
196.0,-1.0765216,15.723697,5.84738,VISl,20
197.0,-1.3428655,16.089895,6.279417,VISl,20
198.0,-0.67533207,16.319185,6.4177127,VISl,20
199.0,-0.3600516,16.374264,6.129787,VISl,20
200.0,-0.46667832,16.452845,6.421342,VISl,20
201.0,0.62672126,15.087907,2.3561633,VISl,20
202.0,0.6638268,15.258927,2.0173643,VISl,20
203.0,1.0447527,15.487427,2.3191051,VISl,20
204.0,0.71226865,15.088893,2.3693306,VISl,20
205.0,0.4969598,14.990416,2.3503675,VISl,20
206.0,0.96904445,15.210459,2.3031218,VISl,20
207.0,0.6036954,14.633884,2.5747375,VISl,20
208.0,0.5760877,14.790327,2.436584,VISl,20
209.0,1.0292099,15.187454,2.644507,VISl,20
210.0,0.5882608,15.194015,2.1539931,VISl,20
211.0,0.5313749,14.884534,2.4664726,VISl,20
212.0,0.6385362,14.737489,2.5817497,VISl,20
213.0,0.84653634,14.927998,2.7693453,VISl,20
214.0,1.0023571,14.880245,2.7934332,VISl,20
215.0,0.6699536,15.150978,2.178696,VISl,20
216.0,0.68789023,15.227375,2.025606,VISl,20
217.0,0.69749665,15.1320505,2.0670607,VISl,20
218.0,0.66223586,15.1629925,2.0726929,VISl,20
219.0,0.6081817,14.9170065,2.4106648,VISl,20
220.0,1.055675,14.979427,2.4162884,VISl,20
221.0,0.7911039,15.271016,2.279576,VISl,20
222.0,0.69100404,15.211826,2.1032495,VISl,20
223.0,0.9503459,14.835999,2.8318646,VISl,20
224.0,0.86151737,14.895849,2.6552734,VISl,20
225.0,0.8625693,14.672618,2.8045797,VISl,20
226.0,0.91596127,15.077035,2.7432506,VISl,20
227.0,0.8350774,14.748346,2.7692785,VISl,20
228.0,0.7966036,14.671792,2.895932,VISl,20
229.0,0.84956074,14.62927,2.8585467,VISl,20
230.0,0.79143775,14.645712,2.7340639,VISl,20
231.0,0.5892421,15.275375,2.0840738,VISl,20
232.0,1.0449369,14.795678,2.7859561,VISl,20
233.0,0.6485722,15.187074,2.5533001,VISl,20
234.0,0.6177493,15.232346,2.08001,VISl,20
235.0,0.72874546,14.628192,2.961286,VISl,20
236.0,0.6722927,14.777896,2.6131105,VISl,20
237.0,0.6781706,15.305056,2.810718,VISl,20
238.0,0.9963593,14.325872,3.163143,VISl,20
239.0,1.0621768,15.356338,2.957892,VISl,20
240.0,1.1130275,14.959546,2.6683705,VISl,20
241.0,1.0224282,14.603566,3.072827,VISl,20
242.0,0.5098876,15.01673,2.8086238,VISl,20
243.0,0.97765034,14.994608,2.8107822,VISl,20
244.0,1.3206015,15.196333,2.6833553,VISl,20
245.0,0.87383765,15.077823,2.5345979,VISl,20
246.0,0.71136796,15.201208,2.4644194,VISl,20
247.0,0.7372053,14.558917,2.8229907,VISl,20
248.0,1.071486,15.255651,3.1122434,VISl,20
249.0,0.52067363,15.361867,3.788575,VISl,20
250.0,4.3809857,16.596083,5.054517,VISl,20
251.0,0.659496,15.14018,2.3849652,VISl,20
252.0,0.7504275,15.35607,3.8929076,VISl,20
253.0,0.6862082,15.034512,2.659716,VISl,20
254.0,0.42785037,16.009348,3.8317285,VISl,20
255.0,0.4509677,16.111298,4.083865,VISl,20
256.0,0.47167754,14.899996,3.5897841,VISl,20
257.0,0.46912307,15.063834,3.6078405,VISl,20
258.0,0.15816107,14.851572,4.119609,VISl,20
259.0,0.9315473,13.615668,4.2909427,VISl,20
260.0,1.0889366,13.584779,4.1014986,VISl,20
261.0,-0.06912679,14.747745,4.7985854,VISl,20
262.0,0.9967716,13.609823,4.2767467,VISl,20
263.0,0.98135024,13.493023,4.3552403,VISl,20
264.0,1.2337819,13.388829,3.9868355,VISl,20
265.0,0.1447974,14.625842,4.4506063,VISl,20
266.0,0.22819282,14.596899,4.753949,VISl,20
267.0,0.82787764,14.663694,3.0944145,VISl,20
268.0,0.46974486,14.675864,3.7881374,VISl,20
269.0,-0.5362499,15.0611925,5.3130636,VISl,20
270.0,-0.5323292,14.958539,5.0294776,VISl,20
271.0,-0.647724,15.063585,5.1625757,VISl,20
272.0,-0.6743413,15.09942,5.1939254,VISl,20
273.0,-0.5586182,15.108029,5.05625,VISl,20
274.0,0.46846572,14.746514,3.2594128,VISl,20
275.0,-0.5922887,15.107366,5.1685915,VISl,20
276.0,-0.6219027,15.066982,5.0551405,VISl,20
277.0,-0.49126145,15.187916,4.8966346,VISl,20
278.0,-0.48210195,14.972713,4.7796254,VISl,20
279.0,0.5281972,13.787907,4.639455,VISl,20
280.0,0.5960611,13.359724,4.690602,VISl,20
281.0,0.64445233,13.842102,4.544275,VISl,20
282.0,0.45650145,13.509794,4.7310596,VISl,20
283.0,0.5185858,13.4341345,4.704876,VISl,20
284.0,0.4978391,13.485202,4.708313,VISl,20
285.0,0.6572385,13.582476,4.637302,VISl,20
286.0,0.58640957,13.410495,4.675197,VISl,20
287.0,0.5609459,13.335729,4.7101793,VISl,20
288.0,0.58846754,13.406073,4.731959,VISl,20
289.0,0.61364156,13.413307,4.6569214,VISl,20
290.0,0.8054439,13.304345,4.59065,VISl,20
291.0,4.220788,14.097821,5.4598155,VISl,20
292.0,0.8181458,13.574607,4.453361,VISl,20
293.0,4.2946954,13.962677,5.4263945,VISl,20
294.0,4.795766,13.493133,6.04295,VISl,20
295.0,0.54864484,13.419874,4.706544,VISl,20
296.0,1.0349861,13.390669,4.475467,VISl,20
297.0,0.7752832,13.435831,4.6269655,VISl,20
298.0,0.8174669,13.637116,4.489469,VISl,20
299.0,0.39209914,14.450076,4.6284647,VISl,20
300.0,-0.02650467,15.480323,4.607169,VISl,20
301.0,0.4887853,14.985821,4.399269,VISl,20
302.0,0.5362655,13.796463,4.6480446,VISl,20
303.0,4.4129696,14.422511,5.3861704,VISl,20
304.0,0.6247211,13.78559,4.5949345,VISl,20
305.0,0.5657284,13.695619,4.625326,VISl,20
306.0,0.4531186,13.738895,4.70694,VISl,20
307.0,0.30218568,15.888425,3.9869428,VISl,20
308.0,0.4352477,15.486993,4.4118166,VISl,20
309.0,0.54847544,15.172363,4.1605716,VISl,20
310.0,0.5209362,15.494858,4.0124855,VISl,20
311.0,0.45455527,15.027953,4.433388,VISl,20
312.0,0.33840132,15.931397,3.9868128,VISl,20
313.0,0.40868038,15.67786,4.0944886,VISl,20
314.0,0.36550337,15.696667,4.0669966,VISl,20
315.0,0.47560105,15.571929,4.0517354,VISl,20
316.0,0.92744035,15.57842,3.478032,VISl,20
317.0,6.4950986,15.814184,5.1940546,VISl,20
318.0,0.7941503,15.82381,3.4392843,VISl,20
319.0,-0.0755474,15.769167,4.007804,VISl,20
320.0,0.32813838,14.762559,4.654954,VISl,20
321.0,0.836362,15.738747,3.4151523,VISl,20
322.0,0.7430968,15.948301,3.6639552,VISl,20
323.0,0.37733534,15.830656,3.8411114,VISl,20
324.0,0.4036227,16.585203,4.1682253,VISl,20
325.0,0.47797862,15.4959755,2.8205588,VISl,20
326.0,0.42255324,15.922362,2.9205174,VISl,20
327.0,0.44435388,15.815541,2.7984931,VISl,20
328.0,0.54245603,15.857177,2.753518,VISl,20
329.0,0.48764527,15.857227,2.7924213,VISl,20
330.0,0.5242273,15.819146,2.7238884,VISl,20
331.0,0.79886883,15.520046,2.1727645,VISl,20
332.0,0.9895387,15.420509,2.856603,VISl,20
333.0,0.99699014,15.515496,2.78159,VISl,20
334.0,0.96467674,15.521765,2.345485,VISl,20
335.0,1.0789948,15.541497,2.706664,VISl,20
336.0,0.77784234,15.869333,3.5260892,VISl,20
337.0,0.4736017,15.490301,3.692071,VISl,20
338.0,0.95049673,15.711969,3.1437922,VISl,20
339.0,1.0729829,15.551119,2.5432408,VISl,20
340.0,0.9378666,15.553893,2.458911,VISl,20
341.0,4.171906,15.662115,4.998088,VISl,20
342.0,0.89550036,15.733345,2.8743563,VISl,20
343.0,0.33927435,16.86514,5.472947,VISl,20
344.0,-0.035306085,15.684299,4.2666225,VISl,20
345.0,0.059436604,15.743319,3.9234526,VISl,20
346.0,0.69824785,15.3126955,4.7746634,VISl,20
347.0,0.61189723,15.2945175,4.8701367,VISl,20
348.0,2.9908798,15.153025,4.629262,VISl,20
349.0,-0.95991343,15.733229,4.469639,VISl,20
350.0,-0.73664105,15.578804,4.4926667,VISl,20
351.0,-0.6856121,15.633785,4.4577875,VISl,20
352.0,-0.4594933,15.644234,4.398149,VISl,20
353.0,0.21788758,15.737397,4.562942,VISl,20
354.0,-1.172946,15.663144,4.58421,VISl,20
355.0,-1.1843841,15.677041,4.573496,VISl,20
356.0,-1.1110083,15.696891,4.5536847,VISl,20
357.0,-1.0988253,15.679853,4.6070886,VISl,20
358.0,-0.9199839,15.719427,4.474567,VISl,20
359.0,-1.0346361,15.699143,4.4856095,VISl,20
360.0,-1.1580601,15.644356,4.6349683,VISl,20
361.0,-1.2298285,15.650726,4.6208982,VISl,20
362.0,-1.1791778,15.633808,4.720469,VISl,20
363.0,-1.1583965,15.584107,4.7878714,VISl,20
364.0,-1.1456895,15.623989,4.683072,VISl,20
365.0,-1.116732,15.542636,4.820866,VISl,20
366.0,-1.0747504,15.47948,5.080706,VISl,20
367.0,-1.1420705,15.546099,4.9660773,VISl,20
368.0,-0.95838463,15.4326315,5.2802525,VISl,20
369.0,-0.9561216,15.393256,5.217482,VISl,20
370.0,-1.0034488,15.532251,5.6387377,VISl,20
371.0,-0.71349466,15.34419,5.134468,VISl,20
372.0,-0.82782364,15.30121,5.3907866,VISl,20
373.0,-0.84092784,15.369072,5.429533,VISl,20
374.0,-0.7396699,15.310529,5.4101977,VISl,20
375.0,-0.47731277,15.049351,5.2638535,VISl,20
376.0,-0.367295,14.991374,5.1616526,VISl,20
377.0,-0.29691845,14.858943,5.149477,VISl,20
378.0,-0.5169383,15.066527,5.2840247,VISl,20
379.0,-0.38927713,14.930624,5.18774,VISl,20
380.0,-0.1838683,14.789786,5.084314,VISl,20
381.0,-0.2647996,14.814835,5.021228,VISl,20
382.0,-0.014470297,14.840668,5.1373334,VISl,20
383.0,0.20430572,14.884029,5.2939157,VISl,20
384.0,-0.09653511,14.793209,4.9136553,VISl,20
385.0,0.5042889,14.291439,4.6021748,VISl,20
386.0,6.540795,15.7474,5.0947185,VISl,20
387.0,-0.014439103,14.878819,4.8355966,VISl,20
388.0,0.34434438,15.017359,5.107398,VISl,20
389.0,-0.052252956,14.92326,5.220897,VISl,20
390.0,0.013967754,14.700779,4.8651114,VISl,20
391.0,5.331132,14.671864,5.802112,VISl,20
392.0,4.8336077,14.527718,5.6522884,VISl,20
393.0,6.675296,15.160708,6.2789264,VISl,20
394.0,3.97988,15.089286,5.468138,VISl,20
395.0,5.494381,15.708092,5.387453,VISl,20
396.0,4.536717,14.35761,5.4683323,VISl,20
397.0,4.907615,15.175412,6.248996,VISl,20
398.0,4.1525345,15.236339,5.2931123,VISl,20
399.0,4.0558543,14.989068,5.4030795,VISl,20
400.0,4.0956526,15.137214,5.421016,VISl,20
401.0,4.042936,15.162697,5.1906033,VISl,20
402.0,4.4729786,14.516676,5.294206,VISl,20
403.0,5.4530015,14.979827,5.3335104,VISl,20
404.0,4.1734962,15.585316,4.750446,VISl,20
405.0,6.293586,15.219156,5.371838,VISl,20
406.0,4.449406,15.550443,5.177447,VISl,20
407.0,3.9935625,15.228215,5.167627,VISl,20
408.0,3.9955335,15.315497,5.07853,VISl,20
409.0,3.9883788,15.456346,4.9814878,VISl,20
410.0,4.0947437,15.50105,4.990218,VISl,20
411.0,4.711546,16.101831,5.18581,VISl,20
412.0,4.0251875,15.567524,4.8588805,VISl,20
413.0,4.1102185,16.004957,4.572318,VISl,20
414.0,4.0707674,15.694011,4.8768015,VISl,20
415.0,3.933421,15.233423,5.2101493,VISl,20
416.0,4.8870068,16.54676,5.0857396,VISl,20
417.0,3.9212782,15.344699,5.1001425,VISl,20
418.0,3.876687,15.892962,4.6113467,VISl,20
419.0,3.8802893,15.8067875,4.797199,VISl,20
420.0,2.269907,16.62231,4.687242,VISl,20
421.0,2.0712276,16.69474,4.7291975,VISl,20
422.0,1.972268,16.880898,4.7208567,VISl,20
423.0,0.49680647,15.940741,3.9237795,VISl,20
424.0,1.844659,16.492094,4.573534,VISl,20
425.0,2.5505416,15.643932,4.545923,VISl,20
426.0,1.7266603,16.952896,4.689634,VISl,20
427.0,1.644453,17.010353,4.7017393,VISl,20
428.0,1.5236254,17.017332,4.7601423,VISl,20
429.0,1.8090144,16.672922,4.597071,VISl,20
430.0,1.9376247,16.961077,4.6220574,VISl,20
431.0,1.7894412,16.94839,4.6094027,VISl,20
432.0,1.9962456,16.780495,4.4671764,VISl,20
433.0,1.7641165,16.953037,4.655653,VISl,20
434.0,3.4211679,16.5079,4.2295914,VISl,20
435.0,2.25198,16.55019,4.218391,VISl,20
436.0,3.0667183,16.643122,4.1057463,VISl,20
437.0,3.0278702,16.676195,4.1378045,VISl,20
438.0,2.0353312,15.821907,4.452811,VISl,20
439.0,1.710356,16.291273,4.075062,VISl,20
440.0,1.9720663,16.396927,4.0848927,VISl,20
441.0,1.9593631,16.263004,4.1953745,VISl,20
442.0,2.501467,16.53498,4.129307,VISl,20
443.0,1.9665985,16.408308,4.128295,VISl,20
444.0,2.1259818,16.484402,4.1536503,VISl,20
445.0,1.9419394,16.407467,4.056157,VISl,20
446.0,2.1209128,16.434467,4.14359,VISl,20
447.0,3.8386166,15.677926,4.7183995,VISl,20
448.0,4.2118835,15.773323,4.6204896,VISl,20
449.0,1.1344519,15.414803,2.6298761,VISl,20
450.0,4.700598,15.9382105,4.6896415,VISl,20
451.0,4.3472753,15.587437,4.928413,VISl,20
452.0,4.6466017,16.327625,5.1663904,VISl,20
453.0,4.6774654,16.286856,5.068179,VISl,20
454.0,4.7177057,16.341007,5.2281404,VISl,20
455.0,4.659404,16.172153,4.8773685,VISl,20
456.0,4.812966,16.37941,5.2399917,VISl,20
457.0,4.658344,16.27076,4.8134317,VISl,20
458.0,5.124586,15.809038,5.122253,VISl,20
459.0,4.484125,16.719414,5.200859,VISl,20
460.0,4.8926277,16.12043,5.2490172,VISl,20
461.0,4.627752,16.207716,4.990231,VISl,20
462.0,4.4640126,16.84001,5.2537723,VISl,20
463.0,4.3936048,16.031378,4.6571918,VISl,20
464.0,4.1021624,16.719305,4.3537717,VISl,20
465.0,4.6787415,16.159256,4.9290657,VISl,20
466.0,4.109653,16.183538,4.4855447,VISl,20
467.0,4.504568,16.043978,5.256733,VISl,20
468.0,4.1347117,15.7520075,4.888252,VISl,20
469.0,4.223607,15.649181,4.5740557,VISl,20
470.0,4.9931684,16.534178,5.105191,VISl,20
471.0,5.1744423,16.093613,4.999181,VISl,20
472.0,4.564555,15.853241,5.484569,VISl,20
473.0,4.7287083,16.303503,5.2424803,VISl,20
474.0,4.5056834,15.359398,4.8217764,VISl,20
475.0,6.3004293,13.181062,6.10948,VISl,20
476.0,2.8042777,15.790377,4.422071,VISl,20
477.0,2.8798406,15.936773,4.3972397,VISl,20
478.0,3.5251968,15.834318,4.282382,VISl,20
479.0,3.695311,16.486712,4.0243526,VISl,20
480.0,4.174242,15.649448,4.6813946,VISl,20
481.0,3.568293,16.613861,4.03075,VISl,20
482.0,3.5690024,16.1668,4.18987,VISl,20
483.0,3.7886603,16.618414,4.104131,VISl,20
484.0,3.6912239,16.583776,3.9436848,VISl,20
485.0,6.164471,13.594457,5.919997,VISl,20
486.0,3.66222,16.632019,4.009461,VISl,20
487.0,3.672769,16.562748,3.9578414,VISl,20
488.0,3.636905,16.617756,4.0600114,VISl,20
489.0,3.7802074,16.723978,4.125947,VISl,20
490.0,3.7748165,16.719578,4.0721827,VISl,20
491.0,3.6935222,16.706127,4.0901756,VISl,20
492.0,3.9104455,16.568747,4.143324,VISl,20
493.0,3.7511148,16.539885,4.060776,VISl,20
494.0,3.7527938,16.597597,4.0142164,VISl,20
495.0,3.6869206,16.587029,4.2084045,VISl,20
496.0,3.9768555,16.731066,4.1369786,VISl,20
497.0,3.9744883,16.683128,4.2864914,VISl,20
498.0,3.9963224,16.718742,4.173348,VISl,20
499.0,3.8683045,16.553335,4.218316,VISl,20
500.0,3.929357,16.670528,4.1902647,VISl,20
501.0,3.988161,16.694025,4.1922755,VISl,20
502.0,4.0239525,16.614,4.263704,VISl,20
503.0,3.8579962,16.514706,4.2815356,VISl,20
504.0,4.7260785,16.809162,5.0198736,VISl,20
505.0,4.840917,16.68799,4.9938245,VISl,20
506.0,3.933468,16.657299,4.211466,VISl,20
507.0,5.059761,16.357437,5.2315397,VISl,20
508.0,4.80713,16.64297,5.066629,VISl,20
509.0,4.667266,16.804823,5.205104,VISl,20
510.0,4.5733914,16.822924,5.23774,VISl,20
511.0,4.567999,16.859251,5.2555985,VISl,20
512.0,4.3451195,16.898016,5.2003474,VISl,20
513.0,4.4079742,16.82502,5.1923456,VISl,20
514.0,4.514492,16.763592,5.2484913,VISl,20
515.0,4.5706754,16.787962,5.25513,VISl,20
516.0,4.519113,16.87306,5.1710796,VISl,20
517.0,2.505995,15.193992,4.585664,VISl,20
518.0,4.7312984,16.72591,5.22891,VISl,20
519.0,4.7542763,16.374887,5.254935,VISl,20
520.0,6.1580343,15.48654,5.405417,VISl,20
521.0,5.779239,15.6577015,5.2576885,VISl,20
522.0,6.383369,15.35388,5.5963297,VISl,20
523.0,5.917557,14.981532,5.3860335,VISl,20
524.0,6.6921825,15.517652,5.677946,VISl,20
525.0,6.358467,15.517562,5.7998705,VISl,20
526.0,6.129975,15.001041,5.6231976,VISl,20
527.0,6.765257,15.523004,5.7265897,VISl,20
528.0,6.336607,14.802082,5.7761393,VISl,20
529.0,6.227372,15.581139,5.538219,VISl,20
530.0,6.4993963,15.725417,5.115091,VISl,20
531.0,6.8043475,15.5731735,5.719739,VISl,20
532.0,6.6132736,15.822734,5.120449,VISl,20
533.0,6.698365,15.457443,5.8174043,VISl,20
534.0,6.689748,15.603633,5.396524,VISl,20
535.0,6.290877,15.545872,5.205036,VISl,20
536.0,6.757671,15.424325,5.9539757,VISl,20
537.0,6.6876726,14.876492,6.0568876,VISl,20
538.0,6.741487,15.097889,5.932872,VISl,20
539.0,6.4697824,15.60656,5.235495,VISl,20
540.0,6.552635,15.270266,5.976968,VISl,20
541.0,6.2791424,15.702458,5.419412,VISl,20
542.0,6.6272855,15.814235,5.234243,VISl,20
543.0,6.667055,15.0767975,6.235141,VISl,20
544.0,6.4985623,15.341928,5.8177814,VISl,20
545.0,6.624676,15.721052,5.1924195,VISl,20
546.0,6.5561986,15.470709,5.707858,VISl,20
547.0,6.775668,15.5549,5.7378893,VISl,20
548.0,6.7579556,15.294798,5.9865503,VISl,20
549.0,6.7702456,15.607419,5.6155643,VISl,20
550.0,6.7052584,15.153597,5.972144,VISl,20
551.0,6.7149153,15.328488,5.905316,VISl,20
552.0,6.6790085,15.723958,5.25426,VISl,20
553.0,6.702747,15.455794,6.1093974,VISl,20
554.0,6.529016,15.704117,5.164853,VISl,20
555.0,6.6254125,15.81603,5.220479,VISl,20
556.0,6.455166,15.614079,5.045485,VISl,20
557.0,6.3505588,15.343697,5.3419566,VISl,20
558.0,6.5597863,15.795256,5.18907,VISl,20
559.0,1.0679076,15.864779,3.9031498,VISl,20
560.0,2.7099848,15.191893,4.641474,VISl,20
561.0,6.303293,15.854085,5.144268,VISl,20
562.0,5.5345373,14.810415,5.8685665,VISl,20
563.0,6.4919176,15.725907,5.1212807,VISl,20
564.0,2.322684,15.289391,4.637602,VISl,20
565.0,1.93672,15.380245,4.267252,VISl,20
566.0,2.191686,15.28151,4.5233283,VISl,20
567.0,2.0609987,15.295904,4.7875943,VISl,20
568.0,2.355387,15.171854,4.6157546,VISl,20
569.0,2.3597653,15.287993,4.63788,VISl,20
570.0,2.365752,15.3999605,4.5832157,VISl,20
571.0,2.329667,15.268728,4.530524,VISl,20
572.0,2.1296484,15.204394,4.7208385,VISl,20
573.0,2.5622184,15.192976,4.671846,VISl,20
574.0,5.51403,14.511106,4.718042,VISl,20
575.0,2.1957486,15.311882,4.69053,VISl,20
576.0,1.5045604,13.429908,3.6479378,VISl,20
577.0,2.1282535,15.705548,4.4435277,VISl,20
578.0,2.2684233,15.281449,4.680319,VISl,20
579.0,2.40856,15.177034,4.628746,VISl,20
580.0,2.8409498,15.135022,4.663846,VISl,20
581.0,1.1197062,14.745924,2.9043043,VISl,20
582.0,1.365201,13.422757,3.7672625,VISl,20
583.0,4.317756,15.322002,4.6825705,VISl,20
584.0,1.4633877,13.322776,3.666429,VISl,20
585.0,1.4542103,13.358305,3.697918,VISl,20
586.0,1.3246087,13.207458,4.1521025,VISl,20
587.0,1.4272795,13.389755,3.833724,VISl,20
588.0,1.4769686,13.320615,3.7191203,VISl,20
589.0,1.3842258,13.277973,3.8256783,VISl,20
590.0,1.5463294,13.450729,3.780813,VISl,20
591.0,1.4805956,13.348588,3.9139354,VISl,20
592.0,1.6097441,13.416712,3.988564,VISl,20
593.0,5.967996,14.563385,5.761374,VISl,20
594.0,1.4996638,13.36942,3.8263624,VISl,20
595.0,1.4524928,13.371102,3.7767777,VISl,20
596.0,1.4909027,13.310715,3.9246602,VISl,20
597.0,1.4583085,13.337837,3.759577,VISl,20
598.0,1.5000316,13.373351,3.8745668,VISl,20
599.0,1.363056,13.26145,4.174916,VISl,20
600.0,1.3426052,13.188394,4.0674715,VISl,20
601.0,1.3178399,13.197396,3.95166,VISl,20
602.0,1.1936305,13.199443,4.3432016,VISl,20
603.0,1.2004867,13.184916,4.371349,VISl,20
604.0,1.1828567,13.210672,4.386397,VISl,20
605.0,1.070045,13.094766,4.556362,VISl,20
606.0,1.1624626,13.139151,4.3861117,VISl,20
607.0,1.1474652,13.292713,4.3118277,VISl,20
608.0,5.5683937,12.91926,5.1468954,VISl,20
609.0,5.81703,12.771101,5.356807,VISl,20
610.0,1.0963576,13.141092,4.5035214,VISl,20
611.0,5.8041835,12.849258,5.1829214,VISl,20
612.0,1.168749,13.103709,4.4480414,VISl,20
613.0,6.3840046,13.173138,6.087121,VISl,20
614.0,5.924773,13.455754,4.7781663,VISl,20
615.0,6.4984846,12.831212,5.9026,VISl,20
616.0,5.5981264,12.807581,5.2088184,VISl,20
617.0,5.320269,12.887965,5.012251,VISl,20
618.0,5.9143624,13.454912,4.760926,VISl,20
619.0,5.995183,12.778138,5.395075,VISl,20
620.0,6.396961,12.764684,5.70493,VISl,20
621.0,5.5356264,13.040564,5.514279,VISl,20
622.0,5.3098063,12.839054,5.1244216,VISl,20
623.0,5.2705173,12.9291115,5.4794846,VISl,20
624.0,5.3179517,12.900308,5.1134973,VISl,20
625.0,5.7602706,13.521559,4.7612224,VISl,20
626.0,5.6201673,13.389569,4.7397575,VISl,20
627.0,5.430919,12.833297,5.0477614,VISl,20
628.0,5.417801,13.031013,4.9710455,VISl,20
629.0,5.202727,13.393525,6.0803127,VISl,20
630.0,5.480095,14.100812,4.5848956,VISl,20
631.0,5.30511,12.873664,5.163223,VISl,20
632.0,5.0435967,13.083936,5.9785347,VISl,20
633.0,5.0066547,13.1825905,5.2562,VISl,20
634.0,5.2148476,13.006674,5.649354,VISl,20
635.0,6.153748,13.822545,6.0914803,VISl,20
636.0,4.8887267,13.088928,5.814447,VISl,20
637.0,5.2313495,13.25387,5.9668684,VISl,20
638.0,5.1557035,13.458243,6.0743117,VISl,20
639.0,4.8427362,13.349876,5.56794,VISl,20
640.0,5.489343,12.848511,5.727759,VISl,20
641.0,4.8309937,12.949729,5.897101,VISl,20
642.0,6.476282,15.385385,6.4043393,VISl,20
643.0,5.1642103,13.14721,5.9065795,VISl,20
644.0,4.8751807,13.055477,5.7855105,VISl,20
645.0,5.0252852,13.226048,5.6374607,VISl,20
646.0,4.844617,13.725389,5.7045217,VISl,20
647.0,4.887093,13.172964,5.6567755,VISl,20
648.0,4.764693,13.153459,5.737543,VISl,20
649.0,5.4384727,12.82339,5.6819468,VISl,20
650.0,5.111013,13.090776,5.687435,VISl,20
651.0,4.9273953,12.959238,5.9727845,VISl,20
652.0,5.4631276,13.036136,5.6430736,VISl,20
653.0,5.792267,14.251638,5.294565,VISl,20
654.0,5.0114107,12.993512,5.876505,VISl,20
655.0,5.5024147,13.103962,5.23003,VISl,20
656.0,4.8770475,13.430798,5.895473,VISl,20
657.0,5.649202,14.5121565,5.412033,VISl,20
658.0,4.998138,13.300442,6.0378494,VISl,20
659.0,5.757666,12.87132,5.8004103,VISl,20
660.0,5.0205693,13.118281,5.95452,VISl,20
661.0,5.1596446,13.307517,5.6215,VISl,20
662.0,5.281289,13.291384,5.4488707,VISl,20
663.0,6.293146,12.862301,5.973075,VISl,20
664.0,4.957938,13.438006,5.7261996,VISl,20
665.0,5.6797185,13.35255,6.178103,VISl,20
666.0,4.916451,12.960749,5.950912,VISl,20
667.0,4.8457384,13.017859,5.7670865,VISl,20
668.0,5.991602,12.903268,5.9907403,VISl,20
669.0,4.864399,13.337773,5.421067,VISl,20
670.0,5.525016,13.312042,6.1451716,VISl,20
671.0,5.6007156,13.369594,5.636432,VISl,20
672.0,5.7655582,13.380881,6.146223,VISl,20
673.0,6.375046,12.738463,5.5627403,VISl,20
674.0,6.023582,12.938186,5.988478,VISl,20
675.0,5.904754,13.30271,6.151613,VISl,20
676.0,5.4167843,13.237085,5.26412,VISl,20
677.0,6.0996933,12.672794,5.7120643,VISl,20
678.0,6.39769,12.850495,5.6328044,VISl,20
679.0,5.335809,13.053586,5.0619817,VISl,20
680.0,5.1382113,13.651977,5.5279555,VISl,20
681.0,6.438161,12.801941,5.833669,VISl,20
682.0,6.3772225,12.801779,5.7126613,VISl,20
683.0,5.1587124,13.275457,5.942883,VISl,20
684.0,6.166862,12.847516,5.723491,VISl,20
685.0,5.6159616,13.372349,5.1236434,VISl,20
686.0,5.479129,13.525324,4.961779,VISl,20
687.0,5.7653604,13.650707,4.8618255,VISl,20
688.0,5.680206,13.432979,5.0855684,VISl,20
689.0,5.7288876,13.522369,5.055015,VISl,20
690.0,5.80247,13.118504,5.004615,VISl,20
691.0,5.4411144,13.347746,5.3695946,VISl,20
692.0,5.7533226,13.238646,4.9020405,VISl,20
693.0,5.96378,13.23592,4.9138365,VISl,20
694.0,5.790061,13.7737055,5.979289,VISl,20
695.0,6.0421314,13.390313,5.94545,VISl,20
696.0,6.3024993,12.97972,5.699319,VISl,20
697.0,6.1095886,13.504873,5.9821177,VISl,20
698.0,5.6673408,14.420143,4.7815843,VISl,20
699.0,5.5226183,13.15153,4.941082,VISl,20
700.0,5.6695046,13.698953,4.858101,VISl,20
701.0,6.239438,13.288924,6.130464,VISl,20
702.0,6.333376,12.778454,5.986416,VISl,20
703.0,6.319218,13.001294,5.9911036,VISl,20
704.0,5.807946,13.099337,5.037357,VISl,20
705.0,5.7554054,13.886979,4.7247024,VISl,20
706.0,5.73015,14.710927,4.687409,VISl,20
707.0,5.6991057,13.278814,5.0852447,VISl,20
708.0,6.4689455,13.005424,5.7891254,VISl,20
709.0,5.976053,13.374202,4.8205,VISl,20
710.0,6.0595393,12.83067,5.826524,VISl,20
711.0,6.1373844,12.955756,5.184234,VISl,20
712.0,5.7972517,13.304289,5.9358935,VISl,20
713.0,6.265923,12.89724,5.513062,VISl,20
714.0,5.327413,13.2723055,5.4888873,VISl,20
715.0,5.802761,13.711121,4.7784653,VISl,20
716.0,5.662316,13.345691,5.0364637,VISl,20
717.0,5.78847,13.595923,4.813488,VISl,20
718.0,6.026273,12.916982,5.8927565,VISl,20
719.0,5.6726804,13.518275,5.5397196,VISl,20
720.0,6.168091,12.800073,5.6681266,VISl,20
721.0,6.2767367,12.863095,5.586816,VISl,20
722.0,5.272999,13.308561,5.506594,VISl,20
723.0,5.8569856,12.7787695,5.6640854,VISl,20
724.0,5.7357483,13.810131,4.832479,VISl,20
725.0,5.7132435,14.251375,4.761388,VISl,20
726.0,5.6832047,14.25802,4.69915,VISl,20
727.0,5.751324,13.434963,5.3601418,VISl,20
728.0,5.202286,13.453597,5.1012435,VISl,20
729.0,6.008075,14.7197895,4.8128915,VISl,20
730.0,5.212248,13.6441,5.2357407,VISl,20
731.0,5.519542,13.506386,5.057385,VISl,20
732.0,5.357122,13.209585,5.498611,VISl,20
733.0,5.820318,14.848933,4.5820675,VISl,20
734.0,5.649281,13.597308,4.8612566,VISl,20
735.0,6.1095476,13.540095,5.802228,VISl,20
736.0,5.179014,13.775446,5.4662695,VISl,20
737.0,6.0532384,14.571379,5.416173,VISl,20
738.0,6.2117233,13.3612995,6.107245,VISl,20
739.0,5.469288,14.258059,4.622681,VISl,20
740.0,6.4685264,13.144838,6.1115255,VISl,20
741.0,6.1974916,13.865903,6.029859,VISl,20
742.0,5.86823,14.561646,5.55942,VISl,20
743.0,5.8554296,14.64555,5.5129294,VISl,20
744.0,6.159341,14.937907,5.6772337,VISl,20
745.0,5.6104627,14.945252,4.5402694,VISl,20
746.0,5.8946795,14.950557,4.669216,VISl,20
747.0,6.4436936,15.375171,5.3048563,VISl,20
748.0,6.461369,13.100245,6.0353208,VISl,20
749.0,6.3499694,13.8772745,5.7253337,VISl,20
750.0,5.5845222,14.59712,4.787031,VISl,20
751.0,6.2060585,13.499001,5.945936,VISl,20
752.0,6.4012966,12.764253,5.7503724,VISl,20
753.0,6.2357135,14.496929,5.4938855,VISl,20
754.0,6.548804,14.910036,6.0493736,VISl,20
755.0,6.0783606,14.805771,5.158007,VISl,20
756.0,5.841499,14.881086,5.803133,VISl,20
757.0,6.257632,14.36511,6.0898747,VISl,20
758.0,5.910255,15.050139,5.167686,VISl,20
759.0,6.1213512,15.058928,5.3433204,VISl,20
760.0,5.6891,14.797481,5.0654154,VISl,20
761.0,6.243664,15.484182,6.512445,VISl,20
762.0,6.238117,14.399725,6.1720977,VISl,20
763.0,6.428996,15.373138,5.6440015,VISl,20
764.0,6.5783296,15.229483,5.9232225,VISl,20
765.0,5.683277,14.9122505,5.0556707,VISl,20
766.0,6.4937406,15.015141,6.339816,VISl,20
767.0,5.8237762,13.995485,5.1819296,VISl,20
768.0,6.2144127,15.257733,5.3055778,VISl,20
769.0,6.308272,14.464518,6.0643134,VISl,20
770.0,6.5377274,13.353928,5.938752,VISl,20
771.0,6.3280826,14.651174,6.0741167,VISl,20
772.0,6.3855295,13.62523,6.000997,VISl,20
773.0,5.7918367,14.937411,5.9413476,VISl,20
774.0,6.5754623,15.350617,6.3385196,VISl,20
775.0,6.2271986,13.925707,6.1739326,VISl,20
776.0,5.5906916,14.926497,4.7101026,VISl,20
777.0,5.1851153,14.325275,5.6911683,VISl,20
778.0,5.1372414,13.5606575,6.082491,VISl,20
779.0,6.582104,15.056509,6.040476,VISl,20
780.0,6.186326,15.03852,5.453504,VISl,20
781.0,6.226476,14.751153,5.45916,VISl,20
782.0,6.243865,14.740041,5.8653884,VISl,20
783.0,5.946528,14.892097,5.579679,VISl,20
784.0,6.4637628,13.289496,6.0149784,VISl,20
785.0,6.0120063,15.384681,5.6121492,VISl,20
786.0,5.430824,14.733549,4.739293,VISl,20
787.0,5.64296,15.348754,4.926281,VISl,20
788.0,5.4815984,14.844725,4.5787783,VISl,20
789.0,4.4394917,15.42755,4.7676835,VISl,20
790.0,5.7098837,15.026009,4.607835,VISl,20
791.0,5.487609,14.82646,4.565987,VISl,20
792.0,5.4037385,15.151101,4.7515693,VISl,20
793.0,5.7997217,15.117587,4.620673,VISl,20
794.0,5.44808,14.671352,4.521966,VISl,20
795.0,5.40185,14.934972,4.8707495,VISl,20
796.0,5.5970583,15.235262,4.7078953,VISl,20
797.0,5.668638,14.770798,4.559357,VISl,20
798.0,5.47115,14.9662485,4.756763,VISl,20
799.0,5.4638276,15.091629,4.5458074,VISl,20
800.0,4.4955072,16.596992,5.0049477,VISl,20
801.0,1.9285574,16.82169,4.631036,VISl,20
802.0,0.5720984,15.454088,3.609636,VISl,20
803.0,0.6572795,15.896569,4.4492273,VISl,20
804.0,0.27604434,17.076826,5.707608,VISl,20
805.0,0.31850034,17.110535,5.699799,VISl,20
806.0,0.30976743,17.188017,5.698669,VISl,20
807.0,0.17798327,17.20947,5.871339,VISl,20
808.0,0.46534863,17.171108,5.5871334,VISl,20
809.0,0.53560156,17.135866,5.5043254,VISl,20
810.0,0.39169553,17.04791,5.43678,VISl,20
811.0,1.9622838,16.025635,4.451129,VISl,20
812.0,0.41301045,17.155552,5.589263,VISl,20
813.0,0.40863666,17.147411,5.610688,VISl,20
814.0,1.3115747,16.981207,4.7395105,VISl,20
815.0,2.06211,16.750751,4.7230496,VISl,20
816.0,1.1030324,17.046976,5.019688,VISl,20
817.0,1.2730072,17.054161,4.8200264,VISl,20
818.0,1.3692833,16.890163,4.6333685,VISl,20
819.0,0.6716973,17.14706,5.428276,VISl,20
820.0,1.6226566,16.896088,4.7188416,VISl,20
821.0,1.6319335,16.912773,4.6883373,VISl,20
822.0,1.3668518,16.957088,4.7471924,VISl,20
823.0,1.418797,16.971884,4.6856103,VISl,20
824.0,1.4227973,16.9461,4.695184,VISl,20
825.0,0.8385843,16.599886,4.128225,VISl,20
826.0,0.7681273,15.952019,4.533032,VISl,20
827.0,3.353838,16.570189,4.2347507,VISl,20
828.0,1.0623137,16.935951,4.6911626,VISl,20
829.0,1.5487235,16.504885,4.2878323,VISl,20
830.0,1.2456458,16.253954,4.6286206,VISl,20
831.0,1.1800835,16.24953,4.5834403,VISl,20
832.0,1.3025572,16.466906,4.4018607,VISl,20
833.0,2.0133202,16.354918,4.686521,VISl,20
834.0,0.95988154,16.374836,4.1586957,VISl,20
835.0,0.8648764,16.652033,4.5182633,VISl,20
836.0,1.2996519,16.371479,4.5912757,VISl,20
837.0,0.617316,16.332535,4.0285363,VISl,20
838.0,1.0988677,16.162968,4.65056,VISl,20
839.0,1.029189,16.041672,3.968924,VISl,20
840.0,1.304382,16.411825,4.4329777,VISl,20
841.0,0.51835465,16.637306,4.4299536,VISl,20
842.0,0.34540173,16.706602,4.7188406,VISl,20
843.0,0.4441032,16.632072,4.3439393,VISl,20
844.0,0.8400488,16.05966,3.913726,VISl,20
845.0,4.4124713,15.292009,4.830824,VISl,20
846.0,1.3316154,16.122084,4.3859243,VISl,20
847.0,0.66034985,16.588964,4.2747126,VISl,20
848.0,1.1454176,16.39547,4.4193244,VISl,20
849.0,0.914015,15.750671,3.4239666,VISl,20
850.0,0.94846225,16.444448,4.295926,VISl,20
851.0,0.93597955,16.422136,4.31078,VISl,20
852.0,0.54287636,16.436457,4.156228,VISl,20
853.0,0.8138205,16.367826,4.2901773,VISl,20
854.0,0.44351873,16.54179,4.458048,VISl,20
855.0,0.84251267,16.407629,4.1410265,VISl,20
856.0,0.50701696,16.64751,4.344382,VISl,20
857.0,1.2337991,16.663197,4.567926,VISl,20
858.0,0.49725142,16.598577,4.3567457,VISl,20
859.0,0.35602412,16.638966,4.461301,VISl,20
860.0,0.35982198,16.659662,4.494612,VISl,20
861.0,0.4342524,16.575853,4.381011,VISl,20
862.0,0.44923118,16.008005,3.0711446,VISl,20
863.0,0.2887422,16.841032,5.165857,VISl,20
864.0,0.058543686,16.678484,4.9575205,VISl,20
865.0,-0.13221468,16.478754,5.2110305,VISl,20
866.0,-0.08940267,16.601254,5.2053857,VISl,20
867.0,-0.03780193,16.609884,5.144411,VISl,20
868.0,-0.05977871,16.684765,5.2822905,VISl,20
869.0,-0.0012688187,16.614578,5.1704473,VISl,20
870.0,-0.03236752,16.486155,5.126412,VISl,20
871.0,0.01953821,16.691843,5.124532,VISl,20
872.0,0.008613814,16.646238,5.1886353,VISl,20
873.0,0.009619906,16.395517,5.2155933,VISl,20
874.0,0.07531366,16.568815,5.111797,VISl,20
875.0,1.9411278,15.34871,4.554681,VISl,20
876.0,0.14094442,16.681719,5.202046,VISl,20
877.0,0.28380832,16.085817,4.8843493,VISl,20
878.0,0.45626864,16.429214,4.822076,VISl,20
879.0,0.8291173,16.1096,4.7816114,VISl,20
880.0,2.2164445,15.298232,4.6363983,VISl,20
881.0,1.1453398,16.013426,4.6975665,VISl,20
882.0,0.08048237,16.656544,5.0399165,VISl,20
883.0,1.1598622,15.840859,4.7167306,VISl,20
884.0,1.2025375,15.67617,4.66664,VISl,20
885.0,1.1482215,15.966793,4.707937,VISl,20
886.0,1.1754473,15.821458,4.719217,VISl,20
887.0,1.0771687,15.952129,4.738803,VISl,20
888.0,1.2015836,15.973831,4.6670246,VISl,20
889.0,1.1086946,15.599197,4.6913166,VISl,20
890.0,1.1698481,15.644228,4.7090316,VISl,20
891.0,0.7098767,15.4446945,4.618698,VISl,20
892.0,1.3220259,15.871336,4.599493,VISl,20
893.0,0.5781102,16.168526,4.0321326,VISl,20
894.0,0.20931858,15.85119,4.554375,VISl,20
895.0,0.41971976,16.359251,4.3350344,VISl,20
896.0,0.38203457,16.08553,4.348807,VISl,20
897.0,0.32187587,16.060596,4.605947,VISl,20
898.0,0.11254942,15.716354,4.6669254,VISl,20
899.0,0.22896321,16.246521,4.727628,VISl,20
0.0,5.8448052,0.26193702,-2.061331,VISpm,64
1.0,2.6955674,2.8388789,0.123921245,VISpm,64
2.0,0.74911696,0.88674,2.163761,VISpm,64
3.0,0.7099866,1.7817063,0.017024362,VISpm,64
4.0,0.675202,1.7670509,0.04056564,VISpm,64
5.0,0.36008802,1.5846123,0.21375753,VISpm,64
6.0,0.78167003,1.7818292,0.110102616,VISpm,64
7.0,0.86108613,1.6995566,0.115679346,VISpm,64
8.0,0.89894855,1.0366422,0.45177916,VISpm,64
9.0,-1.6216314,1.2508597,0.90780675,VISpm,64
10.0,-1.6155714,1.2505937,1.0461104,VISpm,64
11.0,-1.5681949,1.2644352,0.92056316,VISpm,64
12.0,-1.6430652,1.2438277,0.9629966,VISpm,64
13.0,-1.6697937,1.1572387,1.1146022,VISpm,64
14.0,-1.7495475,1.1685399,0.9922732,VISpm,64
15.0,-1.7653179,1.1629959,1.0835325,VISpm,64
16.0,-1.7333218,1.1854829,1.0624532,VISpm,64
17.0,-1.6890537,1.1993314,1.0420052,VISpm,64
18.0,-1.7488121,1.153157,1.1054704,VISpm,64
19.0,-1.6295795,1.0535997,1.3278369,VISpm,64
20.0,-1.6537173,1.1171266,1.2258047,VISpm,64
21.0,-1.7309179,1.1591642,1.0899122,VISpm,64
22.0,-1.7310936,1.0730406,1.2479496,VISpm,64
23.0,-1.4673039,1.0784191,1.4242525,VISpm,64
24.0,-1.5321797,0.95186555,1.5708903,VISpm,64
25.0,-1.5714653,0.9048783,1.6546348,VISpm,64
26.0,-1.5276031,0.6519603,2.144897,VISpm,64
27.0,-1.4889634,0.9649888,1.542239,VISpm,64
28.0,-1.576181,0.7538838,1.801074,VISpm,64
29.0,-1.5803267,0.67327356,2.263811,VISpm,64
30.0,-1.4839743,0.6113428,2.364091,VISpm,64
31.0,-1.1454465,1.0721586,1.6947328,VISpm,64
32.0,-1.4817535,0.72844034,1.983102,VISpm,64
33.0,-1.5435858,0.6811079,2.303247,VISpm,64
34.0,-1.3883102,0.56161666,2.6704814,VISpm,64
35.0,-1.5139885,0.8601207,1.7025841,VISpm,64
36.0,-1.2707903,0.6809527,2.3729506,VISpm,64
37.0,-1.387183,0.8017043,1.7606028,VISpm,64
38.0,-1.2106476,1.0784177,1.4735483,VISpm,64
39.0,-0.7307147,0.88002545,2.3493478,VISpm,64
40.0,-1.144299,0.9324294,2.1971734,VISpm,64
41.0,-0.6944845,1.1416461,1.7434996,VISpm,64
42.0,-1.0676992,1.0584548,1.5539565,VISpm,64
43.0,-0.33252084,1.199237,1.402417,VISpm,64
44.0,-0.70385176,0.8807781,2.2008436,VISpm,64
45.0,-1.131366,1.1211013,1.9726666,VISpm,64
46.0,-1.3686078,0.8059151,3.734161,VISpm,64
47.0,-1.1011744,1.0387962,1.6036208,VISpm,64
48.0,-0.7812008,0.9565027,1.73787,VISpm,64
49.0,-1.2566488,0.949751,1.6144623,VISpm,64
50.0,-1.1287389,1.1106347,1.5283779,VISpm,64
51.0,-0.86327904,1.0538591,1.7042596,VISpm,64
52.0,-1.1575872,1.0765868,2.0770664,VISpm,64
53.0,-1.1406705,1.0670995,1.4728447,VISpm,64
54.0,-0.95908993,1.0408043,1.7263625,VISpm,64
55.0,-1.1207775,0.9527262,1.887487,VISpm,64
56.0,-0.94178325,1.1270417,2.1704407,VISpm,64
57.0,-0.9941519,0.97715694,1.783255,VISpm,64
58.0,-0.99205893,0.9254967,1.875389,VISpm,64
59.0,-1.2239287,1.0192015,2.3831248,VISpm,64
60.0,-0.9927712,1.0336589,1.5188961,VISpm,64
61.0,-0.83802474,0.74519295,2.2124581,VISpm,64
62.0,-0.89501226,1.0133117,2.3956995,VISpm,64
63.0,-0.5584343,0.97954977,1.8087884,VISpm,64
64.0,-0.31482285,1.2435455,1.5252365,VISpm,64
65.0,0.07326469,0.9474469,0.5921499,VISpm,64
66.0,0.0883614,0.9421629,0.5780689,VISpm,64
67.0,0.13211192,0.828274,0.63129956,VISpm,64
68.0,0.04860606,1.0125443,0.5433533,VISpm,64
69.0,0.33333865,0.8136,0.5647608,VISpm,64
70.0,0.15069605,0.6850084,0.71795017,VISpm,64
71.0,0.31560048,0.6565021,0.66673636,VISpm,64
72.0,0.21652594,0.48453805,0.7368129,VISpm,64
73.0,-0.37442005,0.8258654,1.6801674,VISpm,64
74.0,-0.3198924,0.5386607,1.3033884,VISpm,64
75.0,-0.54616284,0.7176066,1.857959,VISpm,64
76.0,-0.33905265,0.23379041,1.3177881,VISpm,64
77.0,0.101373486,0.29303366,0.97887266,VISpm,64
78.0,-0.14166789,0.3687113,1.2352177,VISpm,64
79.0,-0.12087718,0.47951207,1.2720809,VISpm,64
80.0,-0.33041015,0.072568625,1.4912205,VISpm,64
81.0,-0.54796654,0.05666716,1.7940822,VISpm,64
82.0,-0.03126418,0.28034112,1.3446338,VISpm,64
83.0,0.4208575,0.44445267,0.9535995,VISpm,64
84.0,-0.21744971,0.14540443,1.3721688,VISpm,64
85.0,-0.3623618,0.13464949,1.5907837,VISpm,64
86.0,0.26358297,0.27544343,0.93956417,VISpm,64
87.0,-0.48907518,0.09677924,1.5787513,VISpm,64
88.0,-0.67145216,0.16748554,1.9021988,VISpm,64
89.0,-0.4130906,0.24305421,1.6972036,VISpm,64
90.0,-0.6921919,0.4216746,1.6500427,VISpm,64
91.0,-0.4250555,0.0493637,1.6737547,VISpm,64
92.0,-0.33287716,2.4324503,3.5644023,VISpm,64
93.0,-0.6647167,0.52741075,1.5284046,VISpm,64
94.0,-0.66093636,0.82766247,1.5283937,VISpm,64
95.0,-0.62857777,0.6193272,1.6232508,VISpm,64
96.0,-0.6971286,0.12843913,1.8321848,VISpm,64
97.0,-0.9495014,0.8645158,1.9236559,VISpm,64
98.0,-1.4082887,0.6383048,3.0402799,VISpm,64
99.0,-0.61414474,0.7320659,2.0553126,VISpm,64
100.0,-0.8720048,0.21050036,2.0094275,VISpm,64
101.0,-0.8369844,0.17564358,1.9272991,VISpm,64
102.0,-1.0113724,0.3211386,2.1031895,VISpm,64
103.0,-0.45842037,0.60953456,2.2821226,VISpm,64
104.0,-1.1135277,0.70814633,2.87058,VISpm,64
105.0,-0.9723785,0.22559418,1.9422734,VISpm,64
106.0,-0.9380882,0.33933643,2.0181801,VISpm,64
107.0,-0.61858463,0.7799086,2.1105132,VISpm,64
108.0,-1.0316604,0.53113335,2.270187,VISpm,64
109.0,-0.5626676,0.2891823,1.8365556,VISpm,64
110.0,-0.75395066,0.46306774,1.9328779,VISpm,64
111.0,-0.71028334,0.23567915,2.0741115,VISpm,64
112.0,-1.1485018,0.8156986,2.6966968,VISpm,64
113.0,-0.9931948,0.6219089,2.1316433,VISpm,64
114.0,-0.9206438,1.0464448,2.423552,VISpm,64
115.0,-0.6560301,0.15837519,1.9940957,VISpm,64
116.0,-0.98561263,0.66711193,2.6280284,VISpm,64
117.0,-1.3480731,0.5473384,2.6662462,VISpm,64
118.0,-1.014166,0.51444256,2.4318664,VISpm,64
119.0,-1.302465,0.4463644,2.557453,VISpm,64
120.0,-1.0749683,0.64058477,3.309633,VISpm,64
121.0,-0.63180816,0.83720833,2.3602889,VISpm,64
122.0,-0.84813017,0.8116153,2.414463,VISpm,64
123.0,-1.2041993,0.45925772,2.71154,VISpm,64
124.0,-0.7065008,0.7311604,2.8678446,VISpm,64
125.0,-0.60434043,0.5466779,2.456348,VISpm,64
126.0,-1.3721676,0.4973711,2.7394354,VISpm,64
127.0,-1.328826,0.710197,3.0070667,VISpm,64
128.0,-1.0878911,0.41797933,2.668543,VISpm,64
129.0,-1.2249262,0.8298172,3.1586118,VISpm,64
130.0,-0.88590163,0.87462765,2.878224,VISpm,64
131.0,-1.3560269,0.5514528,2.8930342,VISpm,64
132.0,-1.0811988,0.49932194,2.2653334,VISpm,64
133.0,-0.15089403,0.4633295,2.7514327,VISpm,64
134.0,-0.7694403,0.39155942,2.617454,VISpm,64
135.0,-1.1222739,0.5827701,2.731661,VISpm,64
136.0,-0.51912284,0.5629627,2.4299352,VISpm,64
137.0,-1.1076581,1.0811961,3.2634454,VISpm,64
138.0,0.5856954,0.3761651,0.9157604,VISpm,64
139.0,0.4835255,0.5774122,0.728717,VISpm,64
140.0,0.52210075,0.316628,0.7083708,VISpm,64
141.0,0.8045406,0.11801441,0.92122823,VISpm,64
142.0,0.5106512,0.2591213,0.98194057,VISpm,64
143.0,0.43428817,0.2794614,1.009365,VISpm,64
144.0,0.51978546,0.4025403,0.6579722,VISpm,64
145.0,0.55220264,0.28513908,0.61751854,VISpm,64
146.0,0.61986303,0.40238088,0.7135492,VISpm,64
147.0,0.4373979,0.4036713,0.7266423,VISpm,64
148.0,0.47710663,0.32349762,0.6393242,VISpm,64
149.0,0.44046244,0.357502,0.6337147,VISpm,64
150.0,0.7664016,0.4682628,0.59381557,VISpm,64
151.0,1.0735786,0.61623925,0.46363932,VISpm,64
152.0,1.2354923,0.6649919,0.47544736,VISpm,64
153.0,1.1596439,0.68832904,0.50659955,VISpm,64
154.0,1.2859049,0.86810625,0.4060723,VISpm,64
155.0,1.1831394,0.65110725,0.4618793,VISpm,64
156.0,1.6321317,0.39229944,0.53834337,VISpm,64
157.0,1.3419641,0.61458457,0.497746,VISpm,64
158.0,1.781712,0.0030030583,0.72607696,VISpm,64
159.0,1.9630039,-0.042051066,0.7315674,VISpm,64
160.0,2.114342,0.054734044,0.8710247,VISpm,64
161.0,2.2139864,-0.04847995,0.72630346,VISpm,64
162.0,2.2312417,0.0026338832,0.7442215,VISpm,64
163.0,2.3160303,-0.043041855,0.9550583,VISpm,64
164.0,2.355133,0.021480594,0.89941996,VISpm,64
165.0,2.2629485,0.010976471,0.69833636,VISpm,64
166.0,2.2627814,-0.05693282,0.7478601,VISpm,64
167.0,2.0529091,0.026426839,0.7244375,VISpm,64
168.0,2.4388247,0.14702553,0.79495,VISpm,64
169.0,2.4927864,-0.014299194,0.7550864,VISpm,64
170.0,2.598501,0.05693859,0.8666598,VISpm,64
171.0,2.4773993,0.055379014,0.8011894,VISpm,64
172.0,2.201732,0.10541952,0.6683139,VISpm,64
173.0,2.4354005,0.0038704325,0.98461294,VISpm,64
174.0,1.9890943,0.034134682,0.83564854,VISpm,64
175.0,2.721904,0.40927827,1.0548534,VISpm,64
176.0,2.5019186,0.09030006,0.81788296,VISpm,64
177.0,2.4318888,0.34134355,0.82851255,VISpm,64
178.0,2.4984586,0.18048966,0.79131866,VISpm,64
179.0,2.4651463,0.013670602,0.7877102,VISpm,64
180.0,2.4542158,0.21945068,0.8378318,VISpm,64
181.0,2.6117165,0.27905095,0.9315815,VISpm,64
182.0,2.397079,-0.08166043,0.92637074,VISpm,64
183.0,2.5598793,0.60106546,0.9908575,VISpm,64
184.0,2.7083046,0.32336682,1.0787408,VISpm,64
185.0,2.755278,0.38649553,1.0592617,VISpm,64
186.0,2.6857915,0.32875633,0.9767622,VISpm,64
187.0,2.5743377,0.22699794,1.1580318,VISpm,64
188.0,2.6207757,0.30448496,0.9480777,VISpm,64
189.0,2.172088,0.10578819,0.8448053,VISpm,64
190.0,2.6552405,0.39894268,1.0246481,VISpm,64
191.0,2.4178054,0.3245091,1.2089148,VISpm,64
192.0,2.4364743,0.5273703,1.1355416,VISpm,64
193.0,1.4607931,0.99264437,0.69552004,VISpm,64
194.0,1.5069497,1.0731337,0.65020275,VISpm,64
195.0,1.3594729,1.0099643,0.69790655,VISpm,64
196.0,1.5491388,1.1054866,0.6451409,VISpm,64
197.0,1.4559293,1.0505341,0.56479734,VISpm,64
198.0,2.136855,1.3566386,0.745625,VISpm,64
199.0,1.9578983,0.94564176,0.7549705,VISpm,64
200.0,1.7850116,1.1357702,0.726786,VISpm,64
201.0,2.3798256,0.6966477,1.0377841,VISpm,64
202.0,2.4886625,0.7694603,1.031678,VISpm,64
203.0,2.2632732,0.88315165,1.0435891,VISpm,64
204.0,2.5435414,0.9595448,1.0343094,VISpm,64
205.0,2.6212814,0.75040835,0.9822488,VISpm,64
206.0,2.3870883,0.9492515,1.2369825,VISpm,64
207.0,2.4459124,0.60502267,1.0265101,VISpm,64
208.0,2.5193615,0.83461696,1.0801147,VISpm,64
209.0,2.7887225,1.2964581,1.1011884,VISpm,64
210.0,2.3328958,0.8343411,1.1362383,VISpm,64
211.0,2.6211448,1.1693558,1.0631807,VISpm,64
212.0,2.3805404,1.1916206,1.1005768,VISpm,64
213.0,2.5573382,1.0775136,1.0465059,VISpm,64
214.0,2.3942158,1.4097747,1.6045295,VISpm,64
215.0,2.3802843,0.2845795,1.3101168,VISpm,64
216.0,2.3038278,1.1167051,1.2115332,VISpm,64
217.0,2.2405694,0.93219703,1.0774151,VISpm,64
218.0,2.6405957,1.1354003,1.2832792,VISpm,64
219.0,2.3257265,1.1105427,1.2970225,VISpm,64
220.0,2.5986938,1.2150247,1.2153559,VISpm,64
221.0,2.951825,1.3490745,1.087069,VISpm,64
222.0,2.3730495,1.2635429,1.2204121,VISpm,64
223.0,2.6368048,1.0357884,1.2422248,VISpm,64
224.0,2.5437677,1.047777,1.3211036,VISpm,64
225.0,2.4032707,1.1217358,1.2177556,VISpm,64
226.0,2.4851952,1.2165898,1.2469852,VISpm,64
227.0,2.8097365,1.314539,1.2335975,VISpm,64
228.0,2.6530101,0.59354216,0.84214187,VISpm,64
229.0,2.819438,1.3064022,1.1704566,VISpm,64
230.0,2.4076135,1.6801248,0.94156384,VISpm,64
231.0,2.32533,1.3010011,1.4245818,VISpm,64
232.0,2.7666736,1.4400018,1.2316548,VISpm,64
233.0,2.7032945,1.2216276,0.9848268,VISpm,64
234.0,2.5749772,1.3878815,1.1035398,VISpm,64
235.0,2.5801938,1.399113,0.88064337,VISpm,64
236.0,2.612795,0.57571226,1.2215376,VISpm,64
237.0,2.4895244,0.49727914,1.2873926,VISpm,64
238.0,2.571534,1.4448241,1.1456108,VISpm,64
239.0,2.6656308,1.6200117,1.2396197,VISpm,64
240.0,2.661284,1.570455,1.189056,VISpm,64
241.0,2.8399746,1.4152461,1.1114403,VISpm,64
242.0,2.6293507,0.9943864,0.9373762,VISpm,64
243.0,2.3054285,1.4217972,0.9092877,VISpm,64
244.0,2.6645222,1.5487864,0.98615026,VISpm,64
245.0,2.2067697,1.710673,1.434848,VISpm,64
246.0,2.4808657,1.5533477,0.84449434,VISpm,64
247.0,2.8443637,1.7198396,0.5988281,VISpm,64
248.0,2.9445176,1.5315405,0.7950949,VISpm,64
249.0,2.7679186,1.5097935,0.9106477,VISpm,64
250.0,2.7831073,1.7528876,0.8508974,VISpm,64
251.0,2.3932712,1.9481746,0.8775367,VISpm,64
252.0,2.86396,1.6266344,0.9030861,VISpm,64
253.0,2.901654,1.7646575,0.57306224,VISpm,64
254.0,2.7821121,1.6526476,0.77881545,VISpm,64
255.0,2.8515282,1.7686977,0.60159045,VISpm,64
256.0,2.6412377,1.9318473,0.6444216,VISpm,64
257.0,2.7593486,1.6643322,0.7492691,VISpm,64
258.0,2.8267815,1.7528161,0.63149726,VISpm,64
259.0,2.9717479,1.9698215,0.23759381,VISpm,64
260.0,2.822433,1.9252003,0.3917589,VISpm,64
261.0,1.966714,2.2553856,0.57736725,VISpm,64
262.0,2.9554293,2.0358152,0.17681408,VISpm,64
263.0,2.9854608,1.8586442,0.41137695,VISpm,64
264.0,3.1124787,1.9351937,0.19664086,VISpm,64
265.0,2.9028225,2.0528464,0.19029556,VISpm,64
266.0,2.7838473,2.030646,0.28670886,VISpm,64
267.0,3.0190349,1.8652234,0.4533007,VISpm,64
268.0,2.7052548,2.0851068,-0.007839681,VISpm,64
269.0,3.001497,2.0163028,0.27535927,VISpm,64
270.0,2.9316082,2.0183415,0.11084391,VISpm,64
271.0,3.0714164,1.9790733,0.21642594,VISpm,64
272.0,3.0448625,1.9591341,0.2855462,VISpm,64
273.0,2.7941585,1.9967154,0.11571037,VISpm,64
274.0,2.6980414,2.1661613,-0.07774866,VISpm,64
275.0,2.4625888,2.2065718,-0.019516047,VISpm,64
276.0,2.7674253,2.1113591,0.06294178,VISpm,64
277.0,2.5990605,2.1822236,-0.06367054,VISpm,64
278.0,2.651628,2.1798334,-0.060806267,VISpm,64
279.0,2.6004987,2.207333,-0.011164529,VISpm,64
280.0,2.5283914,2.2049482,0.05531298,VISpm,64
281.0,2.8153245,2.0921493,0.051307973,VISpm,64
282.0,2.5200593,2.2057056,-0.019314101,VISpm,64
283.0,2.5707743,2.7179823,0.146823,VISpm,64
284.0,2.4882445,2.2092354,-0.011043617,VISpm,64
285.0,2.4344988,2.2360458,0.092908636,VISpm,64
286.0,2.8227878,2.0720584,0.1772085,VISpm,64
287.0,2.0340037,2.3498626,0.17811757,VISpm,64
288.0,2.4127553,2.1090117,0.12850119,VISpm,64
289.0,2.4528484,2.1422281,0.3726859,VISpm,64
290.0,2.3098454,2.2432315,0.1799564,VISpm,64
291.0,2.1185136,2.0767443,0.3811336,VISpm,64
292.0,2.2567565,2.0567007,0.3517758,VISpm,64
293.0,2.0896919,2.1970685,0.72828025,VISpm,64
294.0,2.263685,2.2708664,0.15629734,VISpm,64
295.0,2.0778096,2.2444952,0.17068613,VISpm,64
296.0,2.2435563,2.1614866,0.3148465,VISpm,64
297.0,2.2764723,1.9960606,0.89911205,VISpm,64
298.0,1.5185055,1.8961115,1.3594356,VISpm,64
299.0,-0.2238102,0.20577338,3.0905528,VISpm,64
300.0,1.8856637,1.6738318,0.37014547,VISpm,64
301.0,2.1226387,2.1343327,0.17006911,VISpm,64
302.0,2.0571067,2.2372434,0.21966374,VISpm,64
303.0,1.7850659,2.169706,0.64984876,VISpm,64
304.0,2.0647464,1.9732445,0.4400842,VISpm,64
305.0,1.7919185,2.3563359,0.43164444,VISpm,64
306.0,1.9445312,2.0640945,0.48283744,VISpm,64
307.0,1.7234901,2.3329406,0.4424052,VISpm,64
308.0,1.6983767,2.1893363,0.34829026,VISpm,64
309.0,1.6702827,2.3761063,0.4617317,VISpm,64
310.0,1.722114,2.4350543,0.4515035,VISpm,64
311.0,1.4258792,2.214353,0.44014677,VISpm,64
312.0,1.4563744,2.2796884,0.45970067,VISpm,64
313.0,1.4894547,2.1414564,1.2085562,VISpm,64
314.0,1.4635446,2.1526902,1.1586971,VISpm,64
315.0,1.5142152,2.2948666,0.35208514,VISpm,64
316.0,1.7037833,2.3564525,0.50863993,VISpm,64
317.0,1.5582651,2.1306615,0.5371505,VISpm,64
318.0,1.4875313,2.0327363,0.38545388,VISpm,64
319.0,1.5976264,2.4662006,0.51834756,VISpm,64
320.0,1.3143641,2.1615705,0.47963774,VISpm,64
321.0,1.6574181,2.260826,0.38664904,VISpm,64
322.0,1.5390804,2.0405996,0.36686224,VISpm,64
323.0,1.5617676,2.2462223,0.3714268,VISpm,64
324.0,1.5186192,2.3379557,0.43752852,VISpm,64
325.0,1.749073,2.3644536,0.59806836,VISpm,64
326.0,1.4618931,2.370246,0.530042,VISpm,64
327.0,1.493587,2.5092175,0.44297814,VISpm,64
328.0,1.86866,1.7124393,0.6473811,VISpm,64
329.0,1.8952998,1.5598342,0.6891073,VISpm,64
330.0,1.4238397,2.2195022,0.66597193,VISpm,64
331.0,1.5077745,1.4667288,1.1778685,VISpm,64
332.0,1.4717487,1.9255185,0.87706137,VISpm,64
333.0,1.512769,1.6982057,1.1124986,VISpm,64
334.0,1.5551373,2.0593524,0.5513976,VISpm,64
335.0,1.3115257,1.444301,1.3409503,VISpm,64
336.0,0.06528527,1.6792969,1.6163783,VISpm,64
337.0,1.4878778,2.3339844,0.8367156,VISpm,64
338.0,1.0561239,2.047416,1.1234663,VISpm,64
339.0,1.4118263,2.474091,0.72769403,VISpm,64
340.0,1.0760149,2.0328736,0.93797785,VISpm,64
341.0,1.183553,2.2588696,1.1103925,VISpm,64
342.0,1.2238214,2.2428775,0.9094647,VISpm,64
343.0,1.5453681,2.6152787,0.5313881,VISpm,64
344.0,1.6719894,3.33894,0.32571882,VISpm,64
345.0,1.5075268,2.7482767,0.564826,VISpm,64
346.0,1.3659624,2.6539211,0.731258,VISpm,64
347.0,1.566732,2.445351,0.5144677,VISpm,64
348.0,1.1445887,1.7064579,0.90639687,VISpm,64
349.0,1.8018192,3.880408,0.2668418,VISpm,64
350.0,1.7366185,3.4982262,0.24866469,VISpm,64
351.0,1.7265321,3.6070988,0.3301708,VISpm,64
352.0,1.8735948,3.937345,0.26758245,VISpm,64
353.0,1.8448035,3.7432446,0.3052278,VISpm,64
354.0,1.8837166,3.9583454,0.24449757,VISpm,64
355.0,1.8834523,3.9492223,0.26396605,VISpm,64
356.0,1.8982879,4.0369525,0.2562788,VISpm,64
357.0,1.885994,4.063575,0.2254777,VISpm,64
358.0,1.965722,4.2956815,0.24968296,VISpm,64
359.0,1.9173365,4.1229033,0.23491718,VISpm,64
360.0,1.954419,4.152811,0.27224147,VISpm,64
361.0,2.304935,4.779117,0.5681145,VISpm,64
362.0,2.2702148,4.75086,0.5781725,VISpm,64
363.0,2.31559,4.833531,0.5829478,VISpm,64
364.0,2.3227267,4.792477,0.5712171,VISpm,64
365.0,2.330303,4.86344,0.63779706,VISpm,64
366.0,2.3313267,4.9614763,0.7895436,VISpm,64
367.0,2.3640716,4.965597,0.7770311,VISpm,64
368.0,2.3548174,4.8823543,0.63249785,VISpm,64
369.0,2.344485,4.9268465,0.73117584,VISpm,64
370.0,2.396332,4.9953723,0.79958165,VISpm,64
371.0,2.2997584,5.0511355,1.0078586,VISpm,64
372.0,2.347405,5.0388227,1.0463263,VISpm,64
373.0,2.253695,5.088598,0.9759315,VISpm,64
374.0,2.1960588,5.0986676,1.2124215,VISpm,64
375.0,2.252782,4.9921546,1.0742581,VISpm,64
376.0,2.217839,5.0201654,1.1549848,VISpm,64
377.0,2.2744782,5.0907845,1.110232,VISpm,64
378.0,2.3026738,5.0998116,1.0554464,VISpm,64
379.0,2.285654,5.1283145,1.1002648,VISpm,64
380.0,2.2468145,5.078742,1.1484544,VISpm,64
381.0,2.2276368,5.0054092,1.1491355,VISpm,64
382.0,2.1549952,4.95286,1.2869216,VISpm,64
383.0,2.2273448,5.025646,1.1647563,VISpm,64
384.0,2.3011205,5.0651846,1.0479456,VISpm,64
385.0,2.0937397,4.8725553,1.3354292,VISpm,64
386.0,1.9947344,4.7365017,1.397381,VISpm,64
387.0,1.9858086,4.7508535,1.4054796,VISpm,64
388.0,2.1250644,4.9142036,1.311319,VISpm,64
389.0,2.0622609,4.7874203,1.289464,VISpm,64
390.0,2.0351179,4.7988563,1.3965921,VISpm,64
391.0,2.033935,4.7897887,1.3788767,VISpm,64
392.0,1.7509795,4.449461,1.6245587,VISpm,64
393.0,1.8719082,4.548469,1.434362,VISpm,64
394.0,1.7767746,4.4783664,1.5424412,VISpm,64
395.0,1.6992241,4.428768,1.6264813,VISpm,64
396.0,1.7252115,4.4188476,1.6308519,VISpm,64
397.0,1.69794,4.425768,1.6580597,VISpm,64
398.0,1.6256956,4.370691,1.7138875,VISpm,64
399.0,1.6541781,4.340619,1.6483974,VISpm,64
400.0,1.4664335,3.813894,1.7506436,VISpm,64
401.0,1.5928661,4.2728066,1.6778079,VISpm,64
402.0,1.576698,4.31484,1.678195,VISpm,64
403.0,-0.18581642,2.6870124,4.0844526,VISpm,64
404.0,1.4072546,4.034266,1.8473699,VISpm,64
405.0,1.5490501,4.287852,1.7043426,VISpm,64
406.0,1.4353063,4.118637,1.5972539,VISpm,64
407.0,1.4659873,4.1514525,1.5908194,VISpm,64
408.0,1.5314007,4.151964,1.659678,VISpm,64
409.0,1.4217315,4.113739,1.6436346,VISpm,64
410.0,1.5043824,4.145722,1.6178961,VISpm,64
411.0,1.7893734,4.479508,1.487704,VISpm,64
412.0,1.3850313,3.9637265,1.850823,VISpm,64
413.0,1.4194937,3.8655643,1.7302493,VISpm,64
414.0,1.6053894,3.9016857,1.8160284,VISpm,64
415.0,1.5385611,3.9588952,1.4268717,VISpm,64
416.0,-0.39016116,2.4864378,3.8859372,VISpm,64
417.0,1.5424923,3.7409785,1.6999633,VISpm,64
418.0,1.2760328,3.6479013,1.9310409,VISpm,64
419.0,1.2541366,3.6925762,1.937213,VISpm,64
420.0,1.2284917,3.7173154,0.53121644,VISpm,64
421.0,1.3123622,3.8920295,0.9303055,VISpm,64
422.0,1.265993,3.8013659,0.22127987,VISpm,64
423.0,1.2440149,3.6889477,0.4168311,VISpm,64
424.0,1.2866802,3.9452956,0.01168778,VISpm,64
425.0,1.3934387,3.8788743,0.0041633686,VISpm,64
426.0,1.2292465,3.6696484,0.39994973,VISpm,64
427.0,1.3633748,3.912273,-0.05480293,VISpm,64
428.0,1.2557126,3.8790028,-0.10152119,VISpm,64
429.0,1.5659065,3.839223,0.07700294,VISpm,64
430.0,1.3073891,3.922024,-0.12760958,VISpm,64
431.0,1.3587172,3.9960039,-0.15028432,VISpm,64
432.0,1.3070472,4.0100703,-0.24081312,VISpm,64
433.0,1.2958934,3.6010249,-0.24315286,VISpm,64
434.0,1.3949823,3.9291515,-0.40676102,VISpm,64
435.0,1.3343819,4.0634265,-0.30134213,VISpm,64
436.0,1.3078815,4.056525,-0.23069574,VISpm,64
437.0,1.1891357,4.0646167,-0.18609376,VISpm,64
438.0,1.3266917,3.9203746,-0.5905408,VISpm,64
439.0,1.2235159,4.14638,-0.2595811,VISpm,64
440.0,1.250893,4.1195555,-0.32643184,VISpm,64
441.0,1.3278857,4.1393614,-0.35986966,VISpm,64
442.0,1.4423515,4.125725,-0.162488,VISpm,64
443.0,1.0569153,4.1941195,-0.19758512,VISpm,64
444.0,1.2400552,4.080961,-0.17053072,VISpm,64
445.0,1.4690293,4.1761026,-0.13871452,VISpm,64
446.0,0.5097427,2.2280407,2.440663,VISpm,64
447.0,1.014871,4.1519904,-0.13276514,VISpm,64
448.0,0.9027369,4.1629105,-0.027356379,VISpm,64
449.0,0.649657,2.0546415,2.6918178,VISpm,64
450.0,0.7160979,2.1195834,2.5399358,VISpm,64
451.0,0.613777,2.1124942,2.5668013,VISpm,64
452.0,0.92374563,4.076056,-0.040601697,VISpm,64
453.0,-0.25516993,2.6747615,3.9571774,VISpm,64
454.0,-0.13172615,2.8062007,3.8310668,VISpm,64
455.0,0.8390243,1.9859568,2.6911113,VISpm,64
456.0,0.70168525,1.9087957,3.0927286,VISpm,64
457.0,0.65089256,1.9512467,3.1867006,VISpm,64
458.0,-0.13038296,2.703721,3.993198,VISpm,64
459.0,0.9129585,1.7858996,3.0028005,VISpm,64
460.0,1.21352,1.853425,2.7497818,VISpm,64
461.0,0.8072043,1.6775415,2.994402,VISpm,64
462.0,1.0202072,1.9198946,2.8638272,VISpm,64
463.0,0.9714982,1.8829587,2.9843624,VISpm,64
464.0,0.67015785,1.799351,3.04641,VISpm,64
465.0,1.1951332,1.8576903,2.796269,VISpm,64
466.0,0.8939762,2.08223,2.852571,VISpm,64
467.0,1.4188577,1.4471442,2.4945118,VISpm,64
468.0,1.1831081,1.6958716,2.767394,VISpm,64
469.0,1.1068578,1.7995303,2.6607182,VISpm,64
470.0,1.0080352,2.042007,2.9179654,VISpm,64
471.0,1.3331306,1.8001503,2.546549,VISpm,64
472.0,0.9361707,1.2270172,3.5760674,VISpm,64
473.0,1.2815014,1.7360077,2.5614114,VISpm,64
474.0,1.3476571,1.6413743,2.4679258,VISpm,64
475.0,1.3601899,1.637267,2.3635151,VISpm,64
476.0,1.3548585,1.8215255,2.5969965,VISpm,64
477.0,1.3966281,1.839934,2.4023812,VISpm,64
478.0,1.2320724,1.4902525,2.3531914,VISpm,64
479.0,0.8910491,1.7563629,2.0865085,VISpm,64
480.0,1.0594438,1.6302887,2.529213,VISpm,64
481.0,1.4025706,1.8848399,1.7164516,VISpm,64
482.0,0.55554026,1.35019,2.7913594,VISpm,64
483.0,1.2184511,1.6976699,2.5130682,VISpm,64
484.0,0.67174345,1.4258764,2.521374,VISpm,64
485.0,0.090393156,1.5807878,2.850387,VISpm,64
486.0,0.94848925,1.3059709,2.7594633,VISpm,64
487.0,0.62113124,1.5937908,2.4501674,VISpm,64
488.0,1.0376049,1.7234931,2.6528585,VISpm,64
489.0,-0.049257234,1.4682487,2.8616118,VISpm,64
490.0,0.8063711,1.351437,2.438912,VISpm,64
491.0,0.8857236,0.95122224,2.1523077,VISpm,64
492.0,-0.0027631032,1.6845264,2.905149,VISpm,64
493.0,0.83606917,1.1417692,2.36252,VISpm,64
494.0,0.9366269,1.5893931,2.9215848,VISpm,64
495.0,0.6826917,1.5939373,3.0282128,VISpm,64
496.0,0.81956667,1.4239398,3.0047913,VISpm,64
497.0,0.6867595,1.4227402,2.897388,VISpm,64
498.0,0.9020379,1.5036659,2.6844954,VISpm,64
499.0,0.6646835,1.9470732,2.6824946,VISpm,64
500.0,0.8328173,1.2813903,2.9162536,VISpm,64
501.0,0.6471383,1.026619,2.7120411,VISpm,64
502.0,0.95046836,1.4596312,2.7569616,VISpm,64
503.0,0.3538769,1.1053991,2.9432993,VISpm,64
504.0,0.4232263,1.5522637,2.4715455,VISpm,64
505.0,0.8087088,1.1195096,3.2405388,VISpm,64
506.0,0.5594718,1.3982614,2.9483013,VISpm,64
507.0,0.85687506,1.1489638,2.8810396,VISpm,64
508.0,0.5181681,1.1385974,2.0923116,VISpm,64
509.0,0.14829624,1.1410992,3.0234444,VISpm,64
510.0,0.027539581,1.600436,2.61,VISpm,64
511.0,0.083581634,1.6740562,3.4162757,VISpm,64
512.0,0.5397462,1.0880867,2.758232,VISpm,64
513.0,0.37417242,0.9543124,2.8569229,VISpm,64
514.0,0.81787753,2.1237087,2.7726207,VISpm,64
515.0,0.26194376,0.7501594,2.8824673,VISpm,64
516.0,-0.20565271,1.1490799,2.4532595,VISpm,64
517.0,0.30381468,0.81619376,2.7934635,VISpm,64
518.0,0.43471968,0.60150844,2.4592338,VISpm,64
519.0,0.20767699,1.0090071,3.2423859,VISpm,64
520.0,0.15220807,0.63047624,2.8400326,VISpm,64
521.0,-0.044561327,0.9487277,2.2334635,VISpm,64
522.0,0.0004481525,1.1488804,2.4098845,VISpm,64
523.0,-0.21699251,1.1740131,2.4025621,VISpm,64
524.0,0.6493072,0.7374915,2.7043881,VISpm,64
525.0,0.4666192,0.78192747,2.7954578,VISpm,64
526.0,0.30484006,0.6298399,2.5362236,VISpm,64
527.0,-0.13512933,1.3748883,3.969313,VISpm,64
528.0,0.17908958,0.5646764,2.4286177,VISpm,64
529.0,0.40694705,0.6139936,2.3919492,VISpm,64
530.0,0.54186916,0.67421573,2.2303638,VISpm,64
531.0,0.30544972,0.45633206,2.080332,VISpm,64
532.0,0.3547644,0.66869557,2.586059,VISpm,64
533.0,0.38172454,0.8375881,2.1443062,VISpm,64
534.0,0.56235677,0.679612,2.26937,VISpm,64
535.0,0.56378984,1.0882651,3.8946881,VISpm,64
536.0,0.21876746,0.42506143,1.6766323,VISpm,64
537.0,0.62171626,0.43664688,1.8836958,VISpm,64
538.0,0.12821198,0.94117343,2.0202212,VISpm,64
539.0,0.6549266,0.4969328,1.7628396,VISpm,64
540.0,0.14941871,0.8310998,2.030467,VISpm,64
541.0,-0.088244356,0.7227711,1.5172414,VISpm,64
542.0,0.31839013,0.63238686,2.2374554,VISpm,64
543.0,0.5288314,0.62758523,1.6105045,VISpm,64
544.0,0.56016135,0.48719656,1.7718767,VISpm,64
545.0,0.22794682,0.4778717,1.4407285,VISpm,64
546.0,0.61816365,0.44053155,1.8168222,VISpm,64
547.0,0.4785729,0.5336008,1.7493936,VISpm,64
548.0,0.5877798,0.52120084,1.6122414,VISpm,64
549.0,0.565793,0.4152056,1.7942584,VISpm,64
550.0,0.46096742,0.4999069,1.6309131,VISpm,64
551.0,0.53160155,0.44728988,1.9781942,VISpm,64
552.0,0.37566215,0.72954506,1.4823303,VISpm,64
553.0,0.22626118,0.8621531,1.4746311,VISpm,64
554.0,0.22246334,0.892656,1.4313699,VISpm,64
555.0,0.5601282,0.7139587,1.618285,VISpm,64
556.0,0.11889998,0.6205799,1.5801471,VISpm,64
557.0,0.42002532,0.8015598,0.88313556,VISpm,64
558.0,-0.07775894,0.59585863,1.4112759,VISpm,64
559.0,0.6737635,0.6785227,1.4376572,VISpm,64
560.0,0.20406035,0.6332776,1.4741715,VISpm,64
561.0,0.5196386,0.8582338,1.7128489,VISpm,64
562.0,-0.020519596,1.5404537,1.7499669,VISpm,64
563.0,0.18471806,0.8420251,1.3003846,VISpm,64
564.0,0.13730602,0.8541605,1.7283554,VISpm,64
565.0,0.41147768,1.4222869,1.735873,VISpm,64
566.0,-0.07593241,1.4911435,1.8189424,VISpm,64
567.0,0.06726756,1.600147,1.5967361,VISpm,64
568.0,0.0018849181,1.3828068,1.6605674,VISpm,64
569.0,-0.1770451,1.2399473,2.0985603,VISpm,64
570.0,-0.092498444,1.5185397,2.0336258,VISpm,64
571.0,-0.06729069,1.3351209,1.4696181,VISpm,64
572.0,-0.23047759,1.5825764,2.0641384,VISpm,64
573.0,-0.31245628,1.3937402,1.8873867,VISpm,64
574.0,-0.38530114,1.612722,2.4065979,VISpm,64
575.0,-0.18946995,1.9210768,3.6467419,VISpm,64
576.0,-0.066516295,1.5163968,1.7744817,VISpm,64
577.0,-1.1950908,1.0667989,3.7537138,VISpm,64
578.0,-0.33289784,1.5376867,2.3840244,VISpm,64
579.0,-0.50455326,1.5493871,3.208372,VISpm,64
580.0,-0.74120206,1.7791365,3.3164608,VISpm,64
581.0,-0.41718638,2.3305032,3.6289244,VISpm,64
582.0,0.055161674,1.1908267,3.2408767,VISpm,64
583.0,-0.6886228,1.4958873,3.2466927,VISpm,64
584.0,-0.7552008,1.7543026,3.5751667,VISpm,64
585.0,-0.4926097,1.9647672,3.1679678,VISpm,64
586.0,-0.41478553,1.5976398,2.610751,VISpm,64
587.0,-0.747974,1.7536414,3.2588656,VISpm,64
588.0,-0.41620016,1.9607141,3.3763995,VISpm,64
589.0,-0.6421336,1.606344,3.491258,VISpm,64
590.0,-0.4355663,1.5865315,2.704745,VISpm,64
591.0,-0.52831626,1.8566892,3.2856731,VISpm,64
592.0,-0.7369641,1.5120472,2.8893046,VISpm,64
593.0,-0.67789966,1.2074516,2.563702,VISpm,64
594.0,-0.74092144,1.24974,2.7937207,VISpm,64
595.0,-0.49664006,1.3200214,2.6613371,VISpm,64
596.0,-0.8070458,1.74217,3.4740095,VISpm,64
597.0,-0.8025438,1.1811554,2.9106886,VISpm,64
598.0,-0.2823985,0.917937,3.2093515,VISpm,64
599.0,-0.8155403,1.2536947,3.780125,VISpm,64
600.0,-0.41898313,1.0684408,3.3298554,VISpm,64
601.0,-0.28180462,0.9236636,3.4723036,VISpm,64
602.0,-0.81059563,1.7774147,3.320734,VISpm,64
603.0,-0.328473,2.1315238,3.7752645,VISpm,64
604.0,-0.392666,1.5876641,3.8867555,VISpm,64
605.0,-0.68975794,1.8292313,3.894418,VISpm,64
606.0,-0.9416114,1.178044,3.2061815,VISpm,64
607.0,-0.8485432,1.5688151,4.234554,VISpm,64
608.0,-0.32577473,1.7269601,3.9911478,VISpm,64
609.0,-0.418834,1.706078,4.055633,VISpm,64
610.0,-0.8303672,1.5933512,3.9268124,VISpm,64
611.0,-0.16437717,1.832645,4.2284355,VISpm,64
612.0,-0.31533673,1.6989478,3.6685035,VISpm,64
613.0,-0.19866781,1.9163126,3.5740666,VISpm,64
614.0,-0.88833266,1.5370692,4.2211175,VISpm,64
615.0,-0.3482611,1.9444749,3.947023,VISpm,64
616.0,-0.61541563,1.2303624,4.062982,VISpm,64
617.0,-0.5379117,1.4645965,4.0949636,VISpm,64
618.0,-0.4603773,1.287353,4.169434,VISpm,64
619.0,0.105378,0.75314754,0.91164,VISpm,64
620.0,-0.26512736,1.3995317,4.418406,VISpm,64
621.0,-0.22283718,1.8802447,4.038103,VISpm,64
622.0,-1.077392,1.2629006,4.1771507,VISpm,64
623.0,-0.0736539,1.446677,4.143961,VISpm,64
624.0,-0.5169813,1.8287203,4.245011,VISpm,64
625.0,-0.049453255,1.3284049,4.4164176,VISpm,64
626.0,0.016655197,2.0454285,4.2995057,VISpm,64
627.0,-0.5736804,1.8554305,4.1900945,VISpm,64
628.0,-0.13336013,0.4651143,4.41334,VISpm,64
629.0,-0.22481146,1.5492624,4.256535,VISpm,64
630.0,-0.44968125,1.8099425,4.3627086,VISpm,64
631.0,-0.14980364,1.7683154,4.481751,VISpm,64
632.0,0.0040814057,1.9424695,4.3185987,VISpm,64
633.0,0.15896612,1.1827567,4.8085227,VISpm,64
634.0,-0.5711933,1.4133692,4.3878646,VISpm,64
635.0,0.010618976,1.4868503,4.6421022,VISpm,64
636.0,0.09953693,1.7975816,4.436449,VISpm,64
637.0,-0.39543122,1.7337786,4.422807,VISpm,64
638.0,0.33650464,1.0532057,4.6749754,VISpm,64
639.0,0.019945364,1.6795088,4.1008577,VISpm,64
640.0,-0.011423428,2.1168776,4.0245504,VISpm,64
641.0,-0.33714822,1.751963,4.391715,VISpm,64
642.0,0.2626114,1.4065851,4.549897,VISpm,64
643.0,0.1942455,1.6718035,4.2534833,VISpm,64
644.0,-0.9515568,1.2358729,4.154121,VISpm,64
645.0,0.01789995,1.5510703,4.3439145,VISpm,64
646.0,0.1233251,2.1187592,4.041046,VISpm,64
647.0,0.09390884,0.5657032,3.0384276,VISpm,64
648.0,-0.073860526,2.2172813,4.063707,VISpm,64
649.0,-0.35414144,1.4297551,3.9025843,VISpm,64
650.0,-0.10539491,1.7758329,3.9039752,VISpm,64
651.0,0.07354764,1.8674687,4.3491545,VISpm,64
652.0,-0.17676105,2.6899385,4.022257,VISpm,64
653.0,0.46738914,1.4623362,3.960934,VISpm,64
654.0,-0.20643999,1.1609716,3.7582154,VISpm,64
655.0,-0.13609639,2.478457,4.13491,VISpm,64
656.0,0.0023710532,2.1288095,4.3027244,VISpm,64
657.0,0.19583936,1.5397036,4.3027463,VISpm,64
658.0,-0.7258612,0.87329996,4.208687,VISpm,64
659.0,0.8161421,1.0759379,4.0438504,VISpm,64
660.0,0.8608796,1.232122,4.2185545,VISpm,64
661.0,0.18476436,1.2328285,4.7597027,VISpm,64
662.0,0.7077164,1.2057273,3.9055061,VISpm,64
663.0,0.17107682,1.5473003,4.605997,VISpm,64
664.0,0.9144363,1.19595,4.299775,VISpm,64
665.0,0.9425671,0.90681225,4.483623,VISpm,64
666.0,0.4695015,0.84492344,4.3933296,VISpm,64
667.0,0.8899063,0.9196718,4.586577,VISpm,64
668.0,0.88306653,1.0726446,4.283475,VISpm,64
669.0,0.8532416,0.8126892,4.4745297,VISpm,64
670.0,0.68413013,1.136998,4.476023,VISpm,64
671.0,0.79254353,0.81199247,4.4985147,VISpm,64
672.0,0.2604976,1.1952003,4.458664,VISpm,64
673.0,0.37663135,0.88843566,4.5620923,VISpm,64
674.0,0.49608445,0.71287864,4.448337,VISpm,64
675.0,0.8631306,0.9911714,4.461464,VISpm,64
676.0,0.8168524,0.7451383,4.476192,VISpm,64
677.0,0.013854607,0.85262126,4.3267646,VISpm,64
678.0,0.21445844,1.0963968,4.736162,VISpm,64
679.0,0.8219044,0.7983094,4.4425874,VISpm,64
680.0,0.38540283,0.87575775,4.4368763,VISpm,64
681.0,0.44509557,0.6397512,4.422112,VISpm,64
682.0,0.29860052,0.3071061,4.0868487,VISpm,64
683.0,-0.45818165,0.6380407,4.240049,VISpm,64
684.0,0.4336845,0.5544047,4.239619,VISpm,64
685.0,0.085335754,1.045743,4.4669933,VISpm,64
686.0,0.56822234,0.64336914,4.5245266,VISpm,64
687.0,0.19542114,1.1958078,4.766755,VISpm,64
688.0,0.8104187,0.7823543,4.4154496,VISpm,64
689.0,0.20868406,0.8482718,4.179438,VISpm,64
690.0,0.4321603,0.62908,4.3444457,VISpm,64
691.0,0.29723126,0.53820634,4.258902,VISpm,64
692.0,0.3346278,0.7736017,4.609104,VISpm,64
693.0,0.2203203,0.8484513,4.5875635,VISpm,64
694.0,0.2816753,0.29121396,4.1651254,VISpm,64
695.0,-0.0151288705,0.38924742,4.193654,VISpm,64
696.0,0.33399275,0.36377707,4.110928,VISpm,64
697.0,0.13347676,0.47844535,4.090712,VISpm,64
698.0,-0.50094813,0.48928222,3.9279459,VISpm,64
699.0,0.6120534,0.6679917,4.5188413,VISpm,64
700.0,0.0749012,0.65161246,4.0041895,VISpm,64
701.0,-0.21696654,1.1222191,4.476681,VISpm,64
702.0,-0.32120797,1.0646201,4.1947527,VISpm,64
703.0,0.30418733,0.39974022,4.13719,VISpm,64
704.0,0.4975289,0.5201436,4.370522,VISpm,64
705.0,0.24739978,0.53369135,3.7648952,VISpm,64
706.0,0.3699231,1.1145422,3.709852,VISpm,64
707.0,0.06810224,0.57789713,4.026582,VISpm,64
708.0,-0.40003332,1.094429,4.217361,VISpm,64
709.0,0.18653981,0.56959516,4.1313086,VISpm,64
710.0,0.16588657,0.82179934,4.3251743,VISpm,64
711.0,-0.1866006,2.7173996,3.9921758,VISpm,64
712.0,-0.15664639,2.5991395,4.084053,VISpm,64
713.0,-0.07699622,0.5015057,2.9395213,VISpm,64
714.0,-0.44281763,0.33921525,3.1441064,VISpm,64
715.0,-0.4394091,1.6606127,3.7081428,VISpm,64
716.0,-0.12848276,0.983389,3.664388,VISpm,64
717.0,0.6303034,1.1836079,3.9180279,VISpm,64
718.0,-0.08903803,0.70923626,3.945166,VISpm,64
719.0,0.11032372,0.48810968,3.693057,VISpm,64
720.0,-0.8978754,1.3275679,3.8849838,VISpm,64
721.0,0.2359567,0.47959647,4.009172,VISpm,64
722.0,-0.15405226,1.1031338,3.8031156,VISpm,64
723.0,-0.40097818,1.3279705,3.6923323,VISpm,64
724.0,-0.11160191,2.4808917,4.1116595,VISpm,64
725.0,-0.22762235,0.51002556,3.9619677,VISpm,64
726.0,0.042673327,0.6191456,2.4493165,VISpm,64
727.0,0.39879334,0.71925896,3.3843293,VISpm,64
728.0,-0.31349483,0.5183763,3.5586197,VISpm,64
729.0,-0.23386128,2.5884485,4.022343,VISpm,64
730.0,-0.2991267,0.44120684,3.4031472,VISpm,64
731.0,-0.22071251,0.47066703,3.886908,VISpm,64
732.0,0.117652714,0.5554438,3.7704132,VISpm,64
733.0,-0.2028453,0.74346226,3.8227823,VISpm,64
734.0,-0.66681206,1.0498513,3.764075,VISpm,64
735.0,0.095034696,0.67969996,3.2840917,VISpm,64
736.0,-1.2260523,0.86912477,4.053482,VISpm,64
737.0,0.040708493,0.70816195,3.8731387,VISpm,64
738.0,-1.1337335,0.84873146,4.0716677,VISpm,64
739.0,-0.66154855,1.1554958,3.8518472,VISpm,64
740.0,-0.51553845,0.8531018,4.052348,VISpm,64
741.0,-1.0263414,0.9911879,4.1753354,VISpm,64
742.0,-1.0260372,0.6093515,3.5739372,VISpm,64
743.0,-0.351014,1.442022,3.9185956,VISpm,64
744.0,-0.6857388,1.0535666,3.5988135,VISpm,64
745.0,-0.7848513,0.7107206,3.8033285,VISpm,64
746.0,-0.8631457,0.7847526,4.0925903,VISpm,64
747.0,-1.2074224,0.7772328,3.952884,VISpm,64
748.0,-0.44202247,1.2632856,4.3232484,VISpm,64
749.0,-1.2059442,0.7989373,3.9993,VISpm,64
750.0,-0.39364237,0.77495134,3.4754038,VISpm,64
751.0,-0.9063335,0.7704875,3.6998184,VISpm,64
752.0,-0.30659315,0.7587782,3.683304,VISpm,64
753.0,-0.41850168,1.1253068,4.1446157,VISpm,64
754.0,-1.0840479,0.845083,3.8313727,VISpm,64
755.0,-0.98616844,0.6876211,3.5751503,VISpm,64
756.0,-0.27767617,0.6384705,3.341503,VISpm,64
757.0,-0.9682468,1.1142176,4.1267953,VISpm,64
758.0,-0.39906025,0.7741511,3.59422,VISpm,64
759.0,-0.47640267,0.9339985,3.3404026,VISpm,64
760.0,-0.37195167,2.2995653,3.9092326,VISpm,64
761.0,-1.2666489,0.74861217,3.9093606,VISpm,64
762.0,-0.38140237,0.99014413,3.9867594,VISpm,64
763.0,-0.8315249,0.66668004,3.7559128,VISpm,64
764.0,-0.6043476,0.99142516,3.2228746,VISpm,64
765.0,-0.33882254,1.0200863,3.1365228,VISpm,64
766.0,-0.92998385,0.7879747,4.1988807,VISpm,64
767.0,-1.0956564,1.0713897,4.0364094,VISpm,64
768.0,-0.91479176,0.9429173,4.0268145,VISpm,64
769.0,-0.26121646,1.1555457,3.875186,VISpm,64
770.0,-0.48003048,1.1013222,3.8837285,VISpm,64
771.0,-0.8896351,1.5967187,4.261151,VISpm,64
772.0,-0.96471477,1.5203582,3.7457452,VISpm,64
773.0,-0.116950884,0.58311385,4.076163,VISpm,64
774.0,-0.47928888,1.0005704,3.3432932,VISpm,64
775.0,-0.6891569,0.6961478,3.6042156,VISpm,64
776.0,-0.43660378,0.3234242,3.152995,VISpm,64
777.0,0.1813424,1.3097233,3.5624733,VISpm,64
778.0,-0.7408672,1.4385319,4.166844,VISpm,64
779.0,-0.4047135,0.84640867,4.097492,VISpm,64
780.0,-0.18863063,2.6348927,3.999603,VISpm,64
781.0,-0.49049583,2.258097,4.0316396,VISpm,64
782.0,-0.81177324,1.6046538,3.9599679,VISpm,64
783.0,-0.3046318,0.94185185,3.7914515,VISpm,64
784.0,-0.8622509,0.82123125,4.0223866,VISpm,64
785.0,0.06502931,1.5307434,2.4607468,VISpm,64
786.0,-0.011003625,1.4603989,3.8941102,VISpm,64
787.0,-0.5224502,1.0658016,3.4815915,VISpm,64
788.0,-0.97972625,1.0387785,3.8975685,VISpm,64
789.0,-0.78486186,1.714219,3.9960058,VISpm,64
790.0,-0.921867,1.1465894,4.0610137,VISpm,64
791.0,-0.72146606,0.756965,3.9796789,VISpm,64
792.0,-0.70346314,1.8244039,3.7994764,VISpm,64
793.0,-0.93397456,0.8409777,3.8031569,VISpm,64
794.0,-1.1562276,0.9062151,3.581272,VISpm,64
795.0,-0.8857425,1.5794481,3.7027705,VISpm,64
796.0,-0.8544389,1.2451773,3.5830984,VISpm,64
797.0,-0.43274698,1.0238764,3.803725,VISpm,64
798.0,-0.97248036,0.8497139,3.5172865,VISpm,64
799.0,-0.8314981,1.7628636,3.9363046,VISpm,64
800.0,-0.7381449,0.745979,3.847581,VISpm,64
801.0,2.1753163,3.8162687,-3.6000834,VISpm,64
802.0,2.100733,3.9446208,-3.7496645,VISpm,64
803.0,2.1607323,3.9446,-3.8068206,VISpm,64
804.0,2.1146035,4.0398064,-3.8606524,VISpm,64
805.0,2.1449676,3.9876685,-3.8490052,VISpm,64
806.0,2.182118,3.9745831,-3.8743443,VISpm,64
807.0,2.0532224,4.081375,-3.9393134,VISpm,64
808.0,2.103197,4.022355,-3.8763695,VISpm,64
809.0,2.1308632,3.9985683,-3.8633323,VISpm,64
810.0,2.1374326,3.9932554,-3.8659008,VISpm,64
811.0,2.1110978,4.0312486,-3.8721883,VISpm,64
812.0,2.1625886,3.9587877,-3.833802,VISpm,64
813.0,2.2172775,3.8766165,-3.7472675,VISpm,64
814.0,2.0967767,3.8406048,-3.6526113,VISpm,64
815.0,2.2475088,3.5975537,-3.3554926,VISpm,64
816.0,2.199249,3.6340854,-3.3892937,VISpm,64
817.0,2.1829803,3.92928,-3.795873,VISpm,64
818.0,2.1574268,3.7005377,-3.4684255,VISpm,64
819.0,2.334008,3.7594285,-3.6697798,VISpm,64
820.0,2.1845818,3.6279175,-3.3829737,VISpm,64
821.0,2.3453083,3.699732,-3.6036146,VISpm,64
822.0,2.066256,3.7909937,-3.618056,VISpm,64
823.0,2.3585215,3.7900872,-3.7234988,VISpm,64
824.0,2.2729695,3.8710885,-3.7692173,VISpm,64
825.0,2.2307382,3.875376,-3.7535594,VISpm,64
826.0,2.414579,3.4524922,-3.355497,VISpm,64
827.0,2.2129357,3.7206357,-3.4491377,VISpm,64
828.0,2.3114934,3.7043848,-3.6268172,VISpm,64
829.0,2.3344269,3.6795852,-3.585774,VISpm,64
830.0,2.426463,3.4782624,-3.4251165,VISpm,64
831.0,2.1746202,3.9464867,-3.8268986,VISpm,64
832.0,2.4378777,3.4238536,-3.3973198,VISpm,64
833.0,2.316669,3.585114,-3.4334927,VISpm,64
834.0,2.394417,3.6571424,-3.614295,VISpm,64
835.0,2.5740173,3.333586,-3.3125024,VISpm,64
836.0,2.547753,3.483659,-3.510019,VISpm,64
837.0,2.6089122,3.2988405,-3.304437,VISpm,64
838.0,2.5377066,3.3636317,-3.3233933,VISpm,64
839.0,2.5270967,3.4179592,-3.4134395,VISpm,64
840.0,2.6677873,3.2560952,-3.3446386,VISpm,64
841.0,2.6622446,3.2750196,-3.3570533,VISpm,64
842.0,2.6294346,3.3125212,-3.3682718,VISpm,64
843.0,5.2283816,1.0669776,-2.715593,VISpm,64
844.0,1.5996542,2.5729144,0.2465562,VISpm,64
845.0,4.960798,1.2887653,-2.6479847,VISpm,64
846.0,5.20653,1.0768464,-2.732602,VISpm,64
847.0,5.1358576,1.1520883,-2.7971082,VISpm,64
848.0,5.3467865,1.0559446,-2.8495538,VISpm,64
849.0,5.356125,0.8971306,-2.663568,VISpm,64
850.0,5.4528527,0.9085729,-2.7538412,VISpm,64
851.0,5.244618,1.0532821,-2.7628808,VISpm,64
852.0,5.3716316,0.88274264,-2.6632044,VISpm,64
853.0,5.2918816,0.95756876,-2.665531,VISpm,64
854.0,5.8663454,0.28815112,-2.1919591,VISpm,64
855.0,5.2498097,1.0155896,-2.7245286,VISpm,64
856.0,5.485263,0.7110724,-2.5257013,VISpm,64
857.0,5.13118,1.1543682,-2.7973769,VISpm,64
858.0,5.2981186,0.85311854,-2.598571,VISpm,64
859.0,5.449247,0.59861475,-2.5052903,VISpm,64
860.0,5.4804044,0.78012836,-2.6086113,VISpm,64
861.0,5.927261,0.16068825,-2.162219,VISpm,64
862.0,5.3215714,0.74235296,-2.5145922,VISpm,64
863.0,5.571441,0.56627554,-2.229637,VISpm,64
864.0,5.403956,0.6793349,-2.4406736,VISpm,64
865.0,5.546058,0.57449716,-2.493679,VISpm,64
866.0,5.489689,0.6326806,-2.591226,VISpm,64
867.0,5.448395,0.6473277,-2.4208243,VISpm,64
868.0,5.45058,0.61699533,-2.5763967,VISpm,64
869.0,5.5972147,0.5441739,-2.6457438,VISpm,64
870.0,5.5028243,0.6044908,-2.5363467,VISpm,64
871.0,5.7268343,0.42906484,-2.268689,VISpm,64
872.0,5.4942665,0.6529842,-2.6398225,VISpm,64
873.0,5.5195503,0.571303,-2.4636478,VISpm,64
874.0,5.82054,0.37462354,-2.3733485,VISpm,64
875.0,5.6885343,0.49990478,-2.4548593,VISpm,64
876.0,5.674841,0.74755764,-2.687721,VISpm,64
877.0,5.730312,0.40519717,-2.5621872,VISpm,64
878.0,5.749626,0.4798775,-2.6097462,VISpm,64
879.0,5.819989,0.5115279,-2.5160964,VISpm,64
880.0,5.917012,0.31336752,-2.4277265,VISpm,64
881.0,5.927949,0.23674598,-2.309624,VISpm,64
882.0,5.8943233,0.37785825,-2.4916918,VISpm,64
883.0,5.8235927,0.3146607,-2.4810896,VISpm,64
884.0,5.8806324,0.38548005,-2.4338872,VISpm,64
885.0,5.8121543,0.32740912,-2.2040884,VISpm,64
886.0,5.8333225,0.2123894,-2.0538943,VISpm,64
887.0,5.8640766,0.26493144,-2.1401722,VISpm,64
888.0,5.806259,0.3662254,-2.2693198,VISpm,64
889.0,5.7383013,0.47087526,-2.2946613,VISpm,64
890.0,5.807987,0.3146374,-2.1310735,VISpm,64
891.0,5.730075,0.3059499,-2.0036657,VISpm,64
892.0,5.7672477,0.31630304,-2.0598028,VISpm,64
893.0,5.659324,0.30695537,-1.9143631,VISpm,64
894.0,5.6621413,0.35611573,-1.951737,VISpm,64
895.0,5.799003,0.31662694,-2.1198053,VISpm,64
896.0,5.6634617,0.5084618,-2.2289922,VISpm,64
897.0,5.705074,0.38090587,-2.0691044,VISpm,64
898.0,5.613595,0.54470325,-2.495247,VISpm,64
899.0,5.7163563,0.37788442,-2.0419672,VISpm,64
0.0,17.560163,4.481276,-5.257196,VISp,52
1.0,17.54488,4.5774407,-5.3434772,VISp,52
2.0,14.706347,4.982232,-4.904333,VISp,52
3.0,14.47327,4.8651247,-4.8739367,VISp,52
4.0,14.531102,4.8993416,-4.5875864,VISp,52
5.0,16.189499,4.3895254,-5.718589,VISp,52
6.0,16.240856,4.389269,-5.7130294,VISp,52
7.0,16.12503,4.4429345,-5.717277,VISp,52
8.0,16.39988,4.320846,-5.5172715,VISp,52
9.0,16.080704,4.520601,-5.618132,VISp,52
10.0,16.196232,4.4439144,-5.5397544,VISp,52
11.0,16.002472,4.5415235,-5.601041,VISp,52
12.0,15.708355,4.965887,-5.471851,VISp,52
13.0,16.066162,4.5568314,-5.576996,VISp,52
14.0,15.908367,4.700518,-5.531772,VISp,52
15.0,15.811528,4.8296213,-5.501203,VISp,52
16.0,16.03756,7.9692497,-6.4088364,VISp,52
17.0,16.025976,8.002765,-6.3347797,VISp,52
18.0,16.093313,7.931129,-6.373329,VISp,52
19.0,16.120007,7.923685,-6.4049916,VISp,52
20.0,16.027756,7.85984,-6.30769,VISp,52
21.0,16.10354,7.970304,-6.434959,VISp,52
22.0,16.174202,7.945903,-6.373842,VISp,52
23.0,16.365488,7.8013806,-6.4816375,VISp,52
24.0,16.340052,7.7485414,-6.362594,VISp,52
25.0,16.369852,7.673183,-6.4356723,VISp,52
26.0,16.207985,7.8489485,-6.434937,VISp,52
27.0,16.266043,7.783855,-6.3634195,VISp,52
28.0,16.259108,7.7450776,-6.383331,VISp,52
29.0,16.474768,7.729746,-6.5133295,VISp,52
30.0,16.799547,7.5168467,-6.607586,VISp,52
31.0,16.199389,7.721191,-6.358209,VISp,52
32.0,16.199741,7.6530523,-6.290005,VISp,52
33.0,16.094635,7.7772384,-6.294908,VISp,52
34.0,16.374859,7.6670694,-6.371293,VISp,52
35.0,16.64021,7.6225038,-6.560394,VISp,52
36.0,16.829935,7.369168,-6.4710054,VISp,52
37.0,16.146431,7.365387,-6.0835032,VISp,52
38.0,16.072077,7.4619613,-6.1542892,VISp,52
39.0,16.88454,7.467559,-6.6368904,VISp,52
40.0,16.825945,7.312211,-6.4178443,VISp,52
41.0,16.635006,7.3377447,-6.2748675,VISp,52
42.0,16.080385,7.519921,-6.3478713,VISp,52
43.0,16.035732,7.405763,-6.327372,VISp,52
44.0,16.142069,7.403721,-6.1227217,VISp,52
45.0,15.899866,7.189766,-5.8331957,VISp,52
46.0,15.986681,7.2482476,-5.921583,VISp,52
47.0,16.169233,7.3787518,-6.094642,VISp,52
48.0,15.915243,7.350692,-6.0057974,VISp,52
49.0,15.995476,7.2514935,-6.0694194,VISp,52
50.0,16.201626,7.4189825,-6.120853,VISp,52
51.0,16.354906,7.267449,-6.1041784,VISp,52
52.0,16.08878,7.4682717,-6.177412,VISp,52
53.0,16.000248,7.293254,-5.9707217,VISp,52
54.0,16.853083,7.2117267,-6.3924894,VISp,52
55.0,16.759356,7.326351,-6.3613405,VISp,52
56.0,16.533134,7.3377113,-6.2133427,VISp,52
57.0,17.028008,6.817333,-6.3393817,VISp,52
58.0,16.263376,7.270714,-6.0943613,VISp,52
59.0,16.927176,7.0153375,-6.3498607,VISp,52
60.0,16.844658,7.332404,-6.474494,VISp,52
61.0,17.589235,6.592577,-6.411845,VISp,52
62.0,16.768335,7.2499647,-6.3394694,VISp,52
63.0,16.121498,7.2323523,-6.0674686,VISp,52
64.0,16.286182,7.133339,-6.0565104,VISp,52
65.0,16.251577,6.9536233,-6.1707697,VISp,52
66.0,16.258337,5.2883773,-4.8063207,VISp,52
67.0,16.197826,5.2773924,-4.8072405,VISp,52
68.0,17.517908,4.8725166,-5.5525837,VISp,52
69.0,17.963348,4.822014,-5.841621,VISp,52
70.0,17.699738,4.771963,-5.672363,VISp,52
71.0,18.178516,4.9255633,-6.128187,VISp,52
72.0,18.063444,5.3547945,-6.2424064,VISp,52
73.0,18.047527,5.424481,-6.24865,VISp,52
74.0,18.140558,4.9871645,-6.2462006,VISp,52
75.0,18.183651,5.032447,-6.1976075,VISp,52
76.0,18.164854,4.699025,-6.0025234,VISp,52
77.0,18.250402,4.412885,-6.0048265,VISp,52
78.0,18.277422,4.5843477,-6.1502876,VISp,52
79.0,18.288145,4.4313645,-6.0767856,VISp,52
80.0,16.339895,5.6137486,-5.1364317,VISp,52
81.0,15.946487,5.7491717,-4.8606844,VISp,52
82.0,16.083824,5.7757306,-5.0167923,VISp,52
83.0,16.153551,5.793939,-5.1247387,VISp,52
84.0,16.02122,5.8165436,-5.0263963,VISp,52
85.0,15.986211,5.99564,-5.1266155,VISp,52
86.0,15.965766,6.100198,-5.2281666,VISp,52
87.0,15.00788,5.831009,-5.2859173,VISp,52
88.0,15.690361,6.4354005,-5.2962093,VISp,52
89.0,15.8018055,6.862513,-5.6708345,VISp,52
90.0,15.8929205,7.059051,-5.846285,VISp,52
91.0,15.713093,6.7715263,-5.6356897,VISp,52
92.0,15.836201,7.1863365,-5.87062,VISp,52
93.0,15.8425865,7.106641,-5.844228,VISp,52
94.0,15.937452,6.8982263,-5.766876,VISp,52
95.0,17.346256,7.3251,-6.518714,VISp,52
96.0,17.283861,7.323348,-6.5196357,VISp,52
97.0,17.289078,7.3165913,-6.5135765,VISp,52
98.0,17.402588,7.2577066,-6.5488296,VISp,52
99.0,17.503176,7.224729,-6.6140003,VISp,52
100.0,17.518883,7.2296095,-6.6352673,VISp,52
101.0,17.514063,7.215092,-6.6362123,VISp,52
102.0,17.401659,7.2493625,-6.5556235,VISp,52
103.0,17.59399,7.110063,-6.606051,VISp,52
104.0,17.464083,7.145565,-6.614679,VISp,52
105.0,17.797312,6.8729944,-6.4899254,VISp,52
106.0,17.571384,6.890066,-6.6884284,VISp,52
107.0,17.572647,7.0219264,-6.622513,VISp,52
108.0,17.670187,6.842156,-6.67597,VISp,52
109.0,17.37206,6.8389635,-6.6499124,VISp,52
110.0,17.399492,6.8650827,-6.5680227,VISp,52
111.0,17.550907,7.1188793,-6.62833,VISp,52
112.0,17.732298,6.663168,-6.585458,VISp,52
113.0,17.723022,6.719839,-6.5723977,VISp,52
114.0,17.640516,6.9748745,-6.549575,VISp,52
115.0,17.383629,6.7751765,-6.5492697,VISp,52
116.0,17.80641,6.557367,-6.505163,VISp,52
117.0,17.903582,6.4580135,-6.30196,VISp,52
118.0,17.539238,6.694148,-6.385132,VISp,52
119.0,17.647955,6.5301623,-6.4853034,VISp,52
120.0,17.63068,6.457942,-6.452884,VISp,52
121.0,17.453814,6.6080937,-6.436972,VISp,52
122.0,17.520308,6.8570313,-6.472394,VISp,52
123.0,17.850351,6.013755,-6.4424853,VISp,52
124.0,17.86712,6.3074064,-6.494046,VISp,52
125.0,17.725157,6.4385567,-6.4317465,VISp,52
126.0,17.786554,6.474562,-6.540544,VISp,52
127.0,17.610748,6.386951,-6.5486236,VISp,52
128.0,17.760468,6.4711432,-6.4830537,VISp,52
129.0,17.677835,6.3096633,-6.4744616,VISp,52
130.0,17.715794,6.390444,-6.4133797,VISp,52
131.0,17.743532,6.2095413,-6.4791217,VISp,52
132.0,17.686062,6.562742,-6.655826,VISp,52
133.0,17.624653,6.646374,-6.607817,VISp,52
134.0,17.529999,6.285176,-6.437786,VISp,52
135.0,17.804924,6.487347,-6.4877977,VISp,52
136.0,17.46511,6.4809794,-6.508274,VISp,52
137.0,17.22934,5.974926,-6.426676,VISp,52
138.0,16.54496,5.249446,-6.394158,VISp,52
139.0,16.387203,5.3116612,-6.4083185,VISp,52
140.0,16.468283,5.08797,-6.3684845,VISp,52
141.0,16.55385,5.2778783,-6.232903,VISp,52
142.0,16.997044,5.689833,-6.218466,VISp,52
143.0,17.21406,4.7426043,-6.336579,VISp,52
144.0,16.530584,4.9863005,-6.4289274,VISp,52
145.0,16.731161,4.239592,-6.6614738,VISp,52
146.0,16.021608,4.62175,-5.7106547,VISp,52
147.0,14.716511,5.1224027,-4.829287,VISp,52
148.0,14.833797,5.1844125,-4.991142,VISp,52
149.0,17.943645,4.76298,-5.864239,VISp,52
150.0,17.92896,4.8033547,-5.8997135,VISp,52
151.0,17.444754,3.9629092,-6.1664677,VISp,52
152.0,18.008415,4.7049403,-5.8764696,VISp,52
153.0,14.574977,5.104251,-4.887587,VISp,52
154.0,14.718375,5.251908,-4.9893665,VISp,52
155.0,17.50142,4.4756937,-5.6061845,VISp,52
156.0,18.10252,4.7926245,-6.113644,VISp,52
157.0,17.995173,4.8004236,-6.535892,VISp,52
158.0,18.03806,5.013497,-6.3777666,VISp,52
159.0,18.092367,4.92418,-6.086873,VISp,52
160.0,17.750504,4.8826914,-6.4932275,VISp,52
161.0,18.246353,4.4868245,-6.079165,VISp,52
162.0,17.996767,4.8445067,-6.2202344,VISp,52
163.0,18.327461,3.9957867,-6.2694974,VISp,52
164.0,18.351368,3.9525626,-6.3729215,VISp,52
165.0,18.459532,3.8795824,-6.311988,VISp,52
166.0,18.423203,3.9060864,-6.34114,VISp,52
167.0,18.432598,3.8854835,-6.3159237,VISp,52
168.0,18.367565,3.8748596,-6.377503,VISp,52
169.0,17.287216,4.132999,-7.2596445,VISp,52
170.0,17.045229,4.161901,-7.104644,VISp,52
171.0,17.105518,4.233138,-7.2439227,VISp,52
172.0,16.094505,5.5509534,-5.2418413,VISp,52
173.0,17.13478,4.1391454,-7.269409,VISp,52
174.0,17.377346,4.0888314,-7.455786,VISp,52
175.0,14.753559,5.278004,-5.065887,VISp,52
176.0,17.609417,4.142953,-7.313281,VISp,52
177.0,17.500841,4.077393,-7.4401913,VISp,52
178.0,17.62277,4.2396374,-7.2809286,VISp,52
179.0,17.97519,4.304899,-7.010283,VISp,52
180.0,17.865435,4.2029996,-7.2240734,VISp,52
181.0,17.862713,4.34137,-7.156209,VISp,52
182.0,17.962994,4.297442,-7.000216,VISp,52
183.0,18.053467,4.272195,-7.0160174,VISp,52
184.0,17.100393,3.9081755,-6.278294,VISp,52
185.0,18.27115,4.116614,-6.517699,VISp,52
186.0,18.305676,4.0437975,-6.5587482,VISp,52
187.0,18.357138,3.9803069,-6.3984704,VISp,52
188.0,18.177017,4.3095617,-6.720078,VISp,52
189.0,18.137238,4.2421618,-6.6614413,VISp,52
190.0,18.33629,3.8571784,-6.3838916,VISp,52
191.0,18.417953,3.9541762,-6.327869,VISp,52
192.0,18.26643,3.8470116,-6.3203125,VISp,52
193.0,18.531164,4.034333,-6.213944,VISp,52
194.0,18.109825,4.7347445,-5.981994,VISp,52
195.0,17.431433,4.8865395,-5.8367743,VISp,52
196.0,16.247139,5.185032,-5.029569,VISp,52
197.0,17.395447,4.162368,-5.990013,VISp,52
198.0,17.331446,3.9554791,-6.936324,VISp,52
199.0,16.125023,5.2827826,-5.0049157,VISp,52
200.0,17.25196,3.9670205,-6.880144,VISp,52
201.0,17.5881,4.352556,-7.202864,VISp,52
202.0,17.440125,4.190659,-7.1769705,VISp,52
203.0,17.804438,4.6580367,-7.1300015,VISp,52
204.0,17.719782,4.5858736,-7.2476807,VISp,52
205.0,17.602201,4.2419944,-7.2020717,VISp,52
206.0,17.425123,4.2307396,-7.066734,VISp,52
207.0,17.512861,4.2699003,-7.1738706,VISp,52
208.0,17.862041,4.6418433,-7.125618,VISp,52
209.0,17.774529,4.610249,-7.02498,VISp,52
210.0,17.834589,4.6044264,-6.9346943,VISp,52
211.0,17.858282,4.636221,-6.900207,VISp,52
212.0,17.90538,4.408612,-6.91409,VISp,52
213.0,17.802929,4.245941,-6.933008,VISp,52
214.0,17.689636,4.5042906,-6.962878,VISp,52
215.0,18.008032,4.437321,-6.6710744,VISp,52
216.0,17.815859,4.3531246,-6.74315,VISp,52
217.0,17.871992,4.5545635,-6.7724643,VISp,52
218.0,17.738905,4.6002417,-6.606536,VISp,52
219.0,17.745771,4.5534368,-6.696445,VISp,52
220.0,17.569992,4.780435,-6.3268085,VISp,52
221.0,17.680643,4.5961075,-6.5620475,VISp,52
222.0,17.94296,4.351227,-6.461914,VISp,52
223.0,17.777346,4.410836,-6.510411,VISp,52
224.0,18.007183,4.717399,-6.506992,VISp,52
225.0,17.622934,4.542891,-6.4759183,VISp,52
226.0,17.477484,4.5950212,-6.3689446,VISp,52
227.0,17.354973,4.6283607,-6.345652,VISp,52
228.0,17.483057,4.255334,-6.518959,VISp,52
229.0,17.1365,4.572493,-6.361281,VISp,52
230.0,17.264973,4.523395,-6.4673796,VISp,52
231.0,17.254969,3.8075974,-7.1663184,VISp,52
232.0,17.14514,3.8622484,-7.1303673,VISp,52
233.0,17.567156,4.3654017,-6.7610297,VISp,52
234.0,17.315456,3.80242,-7.237566,VISp,52
235.0,17.247702,3.831816,-7.2159023,VISp,52
236.0,17.308199,3.705192,-6.6982,VISp,52
237.0,17.336054,3.8717747,-7.144687,VISp,52
238.0,17.246296,3.7657132,-7.18585,VISp,52
239.0,17.438818,3.6781669,-6.808916,VISp,52
240.0,17.459358,3.806477,-7.0232005,VISp,52
241.0,17.396542,3.6737864,-6.928799,VISp,52
242.0,17.31694,3.7469947,-7.080024,VISp,52
243.0,17.238977,3.7113204,-7.0573854,VISp,52
244.0,17.492563,3.597867,-6.8822155,VISp,52
245.0,17.593727,3.6307259,-6.709207,VISp,52
246.0,17.647388,3.6137629,-6.6799355,VISp,52
247.0,17.173721,3.8054419,-7.0684304,VISp,52
248.0,17.299488,3.617183,-6.9723477,VISp,52
249.0,17.402267,3.734428,-7.0456824,VISp,52
250.0,17.382341,3.735675,-6.9453287,VISp,52
251.0,17.533747,3.6323059,-6.919425,VISp,52
252.0,17.14752,3.8362584,-7.087927,VISp,52
253.0,17.285563,3.6670702,-7.0611825,VISp,52
254.0,17.24191,3.617867,-6.9650593,VISp,52
255.0,17.771143,3.6738107,-6.4616437,VISp,52
256.0,17.098808,3.8275213,-6.2667556,VISp,52
257.0,17.958916,4.051316,-6.287269,VISp,52
258.0,17.809124,3.7833364,-6.3380375,VISp,52
259.0,17.501183,3.7215073,-6.414499,VISp,52
260.0,17.92786,3.683868,-6.367081,VISp,52
261.0,17.859732,4.078626,-6.4185977,VISp,52
262.0,17.86739,3.6347005,-6.421214,VISp,52
263.0,18.12573,3.7176042,-6.3924546,VISp,52
264.0,17.891441,3.659475,-6.300885,VISp,52
265.0,17.845497,3.6615345,-6.3243313,VISp,52
266.0,18.024845,3.679135,-6.3908324,VISp,52
267.0,17.35017,4.1774116,-5.9411526,VISp,52
268.0,17.618242,3.7219722,-6.2987266,VISp,52
269.0,17.096376,3.915628,-6.181288,VISp,52
270.0,17.087343,3.9477477,-6.077369,VISp,52
271.0,16.53852,3.7764056,-6.1613846,VISp,52
272.0,16.375063,3.6495705,-6.217176,VISp,52
273.0,16.457218,3.6501098,-6.3121552,VISp,52
274.0,16.2839,3.612319,-6.2380967,VISp,52
275.0,16.067743,3.5535278,-6.175377,VISp,52
276.0,16.184216,3.5914326,-6.2048745,VISp,52
277.0,16.07115,3.5473907,-6.2363315,VISp,52
278.0,15.653392,3.4605505,-6.19102,VISp,52
279.0,15.523868,3.3821812,-6.239975,VISp,52
280.0,15.487677,3.4250848,-6.1628113,VISp,52
281.0,15.165754,3.3999593,-6.142614,VISp,52
282.0,15.3148,3.3685484,-6.1938744,VISp,52
283.0,14.903431,3.3160758,-6.081205,VISp,52
284.0,14.996548,3.3452554,-6.156034,VISp,52
285.0,14.845225,3.2439804,-6.1406865,VISp,52
286.0,14.665894,3.0915177,-6.159415,VISp,52
287.0,14.74641,3.2857292,-6.02877,VISp,52
288.0,14.612719,3.10754,-6.091534,VISp,52
289.0,14.595233,3.1209462,-6.0535583,VISp,52
290.0,14.805563,3.3245628,-6.0300775,VISp,52
291.0,14.6521435,3.15353,-6.0793686,VISp,52
292.0,14.524752,3.141212,-5.9908504,VISp,52
293.0,14.604574,3.2121933,-6.0065384,VISp,52
294.0,14.477544,3.1366625,-5.9920955,VISp,52
295.0,14.440716,3.1725304,-5.9264603,VISp,52
296.0,14.476895,3.1566966,-5.9639654,VISp,52
297.0,14.408189,3.1834896,-5.893732,VISp,52
298.0,14.367145,3.2712357,-5.7983456,VISp,52
299.0,14.747721,3.4221332,-5.9321337,VISp,52
300.0,14.033993,3.427573,-5.363476,VISp,52
301.0,14.177956,3.3235803,-5.550228,VISp,52
302.0,14.414036,3.2812634,-5.8292246,VISp,52
303.0,13.791864,3.4919608,-5.0322237,VISp,52
304.0,13.865815,3.4668021,-5.110587,VISp,52
305.0,14.479565,3.3874085,-5.7311378,VISp,52
306.0,13.887945,3.6654644,-4.984823,VISp,52
307.0,13.90623,3.5250897,-5.1085954,VISp,52
308.0,13.79333,3.6219273,-4.938796,VISp,52
309.0,13.786149,3.5926707,-4.920352,VISp,52
310.0,13.9122505,3.4951603,-5.122274,VISp,52
311.0,13.756364,3.6112814,-4.9141197,VISp,52
312.0,13.790517,3.686023,-4.8592305,VISp,52
313.0,13.832011,3.6441536,-4.862817,VISp,52
314.0,13.708261,3.6741278,-4.952021,VISp,52
315.0,13.734714,3.680502,-4.8810544,VISp,52
316.0,13.760805,3.6187916,-4.9079404,VISp,52
317.0,13.806551,3.5837715,-4.8831763,VISp,52
318.0,13.843706,3.7702234,-4.8367705,VISp,52
319.0,13.705646,3.9983037,-4.679116,VISp,52
320.0,13.796424,3.7182853,-4.870656,VISp,52
321.0,13.765289,3.7741616,-4.807606,VISp,52
322.0,13.816928,3.9198246,-4.7447567,VISp,52
323.0,13.773384,4.354695,-4.5780063,VISp,52
324.0,13.784448,4.301711,-4.5170655,VISp,52
325.0,13.806878,4.2164845,-4.5764923,VISp,52
326.0,13.790689,4.3218617,-4.490622,VISp,52
327.0,13.84975,4.3638935,-4.5237637,VISp,52
328.0,13.777247,4.348183,-4.490056,VISp,52
329.0,13.706789,4.2514358,-4.493594,VISp,52
330.0,13.764573,4.3036647,-4.540864,VISp,52
331.0,13.749795,4.301351,-4.4961185,VISp,52
332.0,13.8532,4.5827107,-4.4423647,VISp,52
333.0,13.745848,4.308885,-4.518051,VISp,52
334.0,13.659213,4.293725,-4.55864,VISp,52
335.0,13.613904,4.578186,-4.568596,VISp,52
336.0,13.6723585,4.455943,-4.6078696,VISp,52
337.0,13.643224,4.4774013,-4.629247,VISp,52
338.0,13.694437,4.4649663,-4.752821,VISp,52
339.0,13.571814,4.6124954,-4.532123,VISp,52
340.0,13.789339,4.6468773,-4.4967995,VISp,52
341.0,13.745987,4.6151013,-4.691659,VISp,52
342.0,14.679555,4.5464015,-6.4636717,VISp,52
343.0,14.67731,4.5822344,-6.559566,VISp,52
344.0,14.898779,4.668518,-6.556609,VISp,52
345.0,14.711912,4.5768414,-6.510414,VISp,52
346.0,14.699906,4.634189,-6.5234647,VISp,52
347.0,11.336807,6.1912284,-5.637238,VISp,52
348.0,14.8824215,4.6964393,-6.525915,VISp,52
349.0,14.780004,4.529594,-6.6101627,VISp,52
350.0,14.794295,4.5874357,-6.5720243,VISp,52
351.0,14.891401,4.595297,-6.5967097,VISp,52
352.0,15.012988,4.7313747,-6.545233,VISp,52
353.0,15.135025,4.6787057,-6.5541224,VISp,52
354.0,15.147868,4.7696686,-6.4665556,VISp,52
355.0,15.268908,4.668543,-6.5394015,VISp,52
356.0,15.221824,4.740425,-6.4804406,VISp,52
357.0,15.139688,4.7568755,-6.4784393,VISp,52
358.0,15.069364,4.788683,-6.4923368,VISp,52
359.0,15.11536,4.856499,-6.3992896,VISp,52
360.0,15.119958,4.849941,-6.4085407,VISp,52
361.0,15.087039,4.919707,-6.2565956,VISp,52
362.0,15.155689,5.0862484,-6.1093745,VISp,52
363.0,15.086943,5.0694723,-6.2290487,VISp,52
364.0,15.109334,5.1239295,-6.1067142,VISp,52
365.0,15.188557,5.057828,-6.130057,VISp,52
366.0,15.066447,5.0751333,-6.1958876,VISp,52
367.0,15.0972595,5.06683,-6.175853,VISp,52
368.0,15.02983,4.9358206,-6.1097417,VISp,52
369.0,14.996982,5.288814,-5.8210855,VISp,52
370.0,14.825526,5.264729,-5.382354,VISp,52
371.0,14.9046755,5.373133,-5.4631166,VISp,52
372.0,14.962045,5.333992,-5.6321673,VISp,52
373.0,15.054214,5.3841157,-5.7230124,VISp,52
374.0,14.855606,5.5025578,-5.8222747,VISp,52
375.0,14.762058,5.5748296,-5.926071,VISp,52
376.0,14.833352,5.504717,-5.716772,VISp,52
377.0,13.90165,6.271323,-6.7545156,VISp,52
378.0,14.331746,5.824318,-6.5119195,VISp,52
379.0,14.616233,5.7486897,-6.1944194,VISp,52
380.0,14.708806,5.6627116,-6.2089567,VISp,52
381.0,14.234546,5.973166,-6.4903636,VISp,52
382.0,14.520341,5.7496877,-6.19127,VISp,52
383.0,13.88062,6.1030226,-6.627394,VISp,52
384.0,14.789746,5.544473,-6.2524962,VISp,52
385.0,15.234611,5.17934,-6.097959,VISp,52
386.0,14.960767,5.2868385,-6.1904035,VISp,52
387.0,15.05105,5.1750374,-6.0974536,VISp,52
388.0,14.96461,5.355662,-5.9865894,VISp,52
389.0,14.979976,5.2206135,-6.225967,VISp,52
390.0,14.975719,5.587262,-6.313473,VISp,52
391.0,15.257868,6.074482,-6.710083,VISp,52
392.0,15.317322,6.1633573,-6.775264,VISp,52
393.0,15.381459,6.074958,-6.7692304,VISp,52
394.0,14.592907,6.364718,-6.677462,VISp,52
395.0,14.771603,6.0869594,-6.5489893,VISp,52
396.0,14.676663,6.328044,-6.6246166,VISp,52
397.0,14.7321205,6.4786134,-6.7081265,VISp,52
398.0,15.156518,6.2650237,-6.770351,VISp,52
399.0,14.310205,5.9843736,-6.466855,VISp,52
400.0,14.221576,5.9981174,-6.4081216,VISp,52
401.0,13.69278,6.1694245,-6.5054264,VISp,52
402.0,13.912147,6.1924906,-6.503132,VISp,52
403.0,14.314762,6.2333503,-6.5428934,VISp,52
404.0,15.666309,6.9420867,-6.223394,VISp,52
405.0,15.025043,6.3596244,-6.774325,VISp,52
406.0,14.783471,6.573005,-6.6975994,VISp,52
407.0,14.559081,6.352278,-6.594602,VISp,52
408.0,14.694589,6.481849,-6.715194,VISp,52
409.0,14.546522,6.4815855,-6.769644,VISp,52
410.0,13.6065035,6.4574866,-6.906965,VISp,52
411.0,14.641177,6.4245386,-6.729549,VISp,52
412.0,14.688071,6.4339957,-6.683296,VISp,52
413.0,18.099257,6.6455975,-4.565378,VISp,52
414.0,14.774133,6.1081862,-6.5501013,VISp,52
415.0,14.311267,5.8373647,-6.431358,VISp,52
416.0,14.396132,5.8507276,-6.3362384,VISp,52
417.0,14.692565,5.8925977,-6.3548946,VISp,52
418.0,14.748593,6.247689,-6.1002417,VISp,52
419.0,13.808286,6.385872,-6.7833033,VISp,52
420.0,13.541129,6.3769956,-6.841292,VISp,52
421.0,15.0808935,6.317137,-6.761357,VISp,52
422.0,15.094929,6.2438107,-6.730832,VISp,52
423.0,13.53244,6.0680466,-6.4446692,VISp,52
424.0,13.408203,6.143519,-6.505513,VISp,52
425.0,13.412814,6.1764016,-6.549043,VISp,52
426.0,13.354745,6.25489,-6.6495557,VISp,52
427.0,13.442596,6.154799,-6.5400066,VISp,52
428.0,13.420593,6.153586,-6.5606475,VISp,52
429.0,13.452268,6.1684637,-6.6809745,VISp,52
430.0,13.316644,6.2331657,-6.607316,VISp,52
431.0,13.3624525,6.2510767,-6.634871,VISp,52
432.0,13.334649,6.2598953,-6.643218,VISp,52
433.0,13.434336,6.411426,-6.860847,VISp,52
434.0,13.284971,6.342015,-6.743207,VISp,52
435.0,13.318785,6.352646,-6.779381,VISp,52
436.0,13.04305,6.2126527,-6.438513,VISp,52
437.0,13.4126425,6.454425,-6.8874445,VISp,52
438.0,13.23015,6.3609233,-6.7457237,VISp,52
439.0,13.410986,6.3668604,-6.8133144,VISp,52
440.0,13.286129,6.4101033,-6.8304086,VISp,52
441.0,13.386436,6.3458343,-6.7953987,VISp,52
442.0,13.19331,6.328987,-6.6796556,VISp,52
443.0,13.374163,6.4275007,-6.8576684,VISp,52
444.0,13.414021,6.3856297,-6.827931,VISp,52
445.0,13.242954,6.3466496,-6.7609897,VISp,52
446.0,13.320972,6.472388,-6.8961883,VISp,52
447.0,11.604001,7.00152,-6.800998,VISp,52
448.0,11.555188,6.7607574,-6.4836593,VISp,52
449.0,11.594898,7.0668864,-6.8968167,VISp,52
450.0,11.516925,7.054055,-6.8792152,VISp,52
451.0,11.58979,6.964503,-6.8075337,VISp,52
452.0,11.529272,7.02711,-6.7484126,VISp,52
453.0,11.538434,6.933043,-6.747716,VISp,52
454.0,11.454753,6.8488674,-6.641137,VISp,52
455.0,11.545693,6.9649043,-6.8031616,VISp,52
456.0,11.587075,6.9275465,-6.822472,VISp,52
457.0,11.55745,6.94525,-6.776055,VISp,52
458.0,11.484517,6.951614,-6.7521048,VISp,52
459.0,11.52843,6.877717,-6.6817017,VISp,52
460.0,11.64813,6.8896904,-6.7414,VISp,52
461.0,11.508146,6.928074,-6.760588,VISp,52
462.0,11.390457,6.8436747,-6.626604,VISp,52
463.0,11.433681,6.7769794,-6.543286,VISp,52
464.0,11.665797,6.923633,-6.8286166,VISp,52
465.0,11.450937,6.7361174,-6.4810953,VISp,52
466.0,11.459626,6.7047715,-6.4001884,VISp,52
467.0,11.436912,6.672603,-6.3928504,VISp,52
468.0,11.442609,6.122799,-5.6113367,VISp,52
469.0,11.5421715,6.05039,-5.544451,VISp,52
470.0,11.501186,6.638231,-6.375417,VISp,52
471.0,11.423265,6.6874423,-6.424305,VISp,52
472.0,11.503555,6.1624265,-5.671602,VISp,52
473.0,11.413832,6.112944,-5.586246,VISp,52
474.0,11.470607,6.0868125,-5.5722604,VISp,52
475.0,11.3913145,6.0844784,-5.5361943,VISp,52
476.0,11.609133,5.9723644,-5.412072,VISp,52
477.0,11.616589,5.9625316,-5.387332,VISp,52
478.0,11.553747,6.0121245,-5.4718537,VISp,52
479.0,11.465067,6.136031,-5.6248803,VISp,52
480.0,11.692445,5.8992734,-5.2819424,VISp,52
481.0,11.470801,6.0997176,-5.5653586,VISp,52
482.0,11.526921,5.998509,-5.453719,VISp,52
483.0,11.654934,5.9243083,-5.3356695,VISp,52
484.0,11.448518,6.085695,-5.5445347,VISp,52
485.0,11.691946,5.9440203,-5.344145,VISp,52
486.0,11.715621,5.745173,-5.0315223,VISp,52
487.0,11.7201605,5.805436,-5.1335225,VISp,52
488.0,11.753985,5.7880216,-5.085668,VISp,52
489.0,11.659022,5.862346,-5.2008553,VISp,52
490.0,11.994505,5.481769,-4.7174087,VISp,52
491.0,11.404429,6.128978,-5.580428,VISp,52
492.0,11.467728,5.9748306,-5.369938,VISp,52
493.0,11.752513,5.6896634,-4.9370723,VISp,52
494.0,11.807489,5.641325,-4.7938,VISp,52
495.0,11.715297,5.728678,-4.9669623,VISp,52
496.0,11.990914,5.165824,-4.298035,VISp,52
497.0,12.008022,5.531018,-4.5362735,VISp,52
498.0,11.841892,5.610504,-4.7569194,VISp,52
499.0,12.029408,5.477481,-4.5002418,VISp,52
500.0,11.843025,5.542883,-4.6972027,VISp,52
501.0,11.946852,5.4658947,-4.561224,VISp,52
502.0,11.740611,5.645622,-4.8549433,VISp,52
503.0,11.933583,5.478418,-4.5969543,VISp,52
504.0,11.650408,5.798097,-5.002867,VISp,52
505.0,11.930763,5.5477257,-4.6147547,VISp,52
506.0,12.173344,5.118248,-4.1881375,VISp,52
507.0,11.815172,5.5736403,-4.744692,VISp,52
508.0,12.124776,5.1408067,-4.2104144,VISp,52
509.0,12.051218,5.0085893,-4.118914,VISp,52
510.0,12.238498,5.0855727,-4.1485267,VISp,52
511.0,12.111334,4.990983,-4.065278,VISp,52
512.0,12.080493,4.9598155,-4.0631413,VISp,52
513.0,12.072353,4.98326,-4.0141478,VISp,52
514.0,11.960852,4.911732,-4.0876184,VISp,52
515.0,12.033011,5.021001,-4.0475073,VISp,52
516.0,11.959112,4.873214,-4.0234566,VISp,52
517.0,12.068931,4.9588127,-4.063322,VISp,52
518.0,11.981111,4.9375887,-4.04819,VISp,52
519.0,12.0846815,4.981005,-4.0573063,VISp,52
520.0,12.313647,5.0293193,-4.2079186,VISp,52
521.0,12.043821,5.1208925,-4.212954,VISp,52
522.0,11.994377,4.906264,-4.0338993,VISp,52
523.0,12.017784,4.9379115,-4.0429087,VISp,52
524.0,12.11649,5.020213,-4.113506,VISp,52
525.0,12.238717,5.2798805,-4.32015,VISp,52
526.0,12.119646,5.1017003,-4.189926,VISp,52
527.0,12.291215,5.1606345,-4.1623683,VISp,52
528.0,12.600143,5.129707,-4.106838,VISp,52
529.0,12.555348,5.0918994,-4.0558767,VISp,52
530.0,12.602572,5.090095,-4.012576,VISp,52
531.0,12.297185,5.216616,-4.196648,VISp,52
532.0,12.455771,5.0567255,-3.9439738,VISp,52
533.0,12.485981,5.151904,-4.059941,VISp,52
534.0,13.170845,4.963849,-3.6593256,VISp,52
535.0,12.203387,5.2879686,-4.3665795,VISp,52
536.0,14.278139,5.101643,-4.6056905,VISp,52
537.0,12.860196,5.084877,-4.1705976,VISp,52
538.0,12.737549,5.0833387,-4.0912,VISp,52
539.0,12.636029,5.011653,-3.8324957,VISp,52
540.0,12.671411,5.0059013,-3.8221598,VISp,52
541.0,12.670166,5.0205474,-3.7970061,VISp,52
542.0,12.626144,5.014519,-3.8067365,VISp,52
543.0,12.772523,5.09769,-3.832818,VISp,52
544.0,13.00362,5.052194,-3.748409,VISp,52
545.0,12.963187,5.1375847,-3.5566468,VISp,52
546.0,12.755475,4.8933253,-3.7599936,VISp,52
547.0,12.908492,4.9986506,-3.5987062,VISp,52
548.0,12.971598,5.0683064,-3.580511,VISp,52
549.0,12.795405,4.94952,-3.7617433,VISp,52
550.0,12.99156,4.910363,-3.6135216,VISp,52
551.0,12.808835,4.9007125,-3.6875725,VISp,52
552.0,12.899507,4.9327326,-3.6537886,VISp,52
553.0,13.113749,5.057926,-3.4543126,VISp,52
554.0,13.129439,4.815107,-3.6883821,VISp,52
555.0,13.253911,4.9521914,-3.4742143,VISp,52
556.0,13.238628,5.0265675,-3.3862562,VISp,52
557.0,13.218255,5.0241427,-3.3825326,VISp,52
558.0,13.299872,5.0308256,-3.31599,VISp,52
559.0,13.3316555,5.079354,-3.2282877,VISp,52
560.0,13.322095,5.0425158,-3.2606325,VISp,52
561.0,13.418823,5.1261854,-3.1964712,VISp,52
562.0,13.302254,5.1305017,-3.2108088,VISp,52
563.0,13.527775,5.1511416,-3.0608034,VISp,52
564.0,13.668148,5.193901,-2.9632761,VISp,52
565.0,13.7532425,5.2333326,-2.9223108,VISp,52
566.0,13.9646,5.286388,-2.7363038,VISp,52
567.0,13.9419365,5.2629747,-2.734495,VISp,52
568.0,13.814506,5.1911817,-2.881204,VISp,52
569.0,14.08205,5.2766266,-2.6148086,VISp,52
570.0,13.99004,5.280694,-2.72305,VISp,52
571.0,14.116991,5.2706447,-2.6286113,VISp,52
572.0,14.090115,5.23754,-2.648796,VISp,52
573.0,14.142161,5.2141166,-2.5938706,VISp,52
574.0,14.253287,5.275402,-2.61086,VISp,52
575.0,14.100809,5.2281,-2.68044,VISp,52
576.0,14.398118,5.3149095,-2.3885095,VISp,52
577.0,14.213667,5.2762003,-2.522318,VISp,52
578.0,14.174376,5.2967596,-2.5233598,VISp,52
579.0,14.320359,5.299083,-2.4406958,VISp,52
580.0,14.759475,5.334053,-2.0878215,VISp,52
581.0,14.644186,5.3167853,-2.1843252,VISp,52
582.0,14.63848,5.332946,-2.2020047,VISp,52
583.0,14.711792,5.355483,-2.160543,VISp,52
584.0,14.92848,5.3898835,-2.0051596,VISp,52
585.0,14.814602,5.3354287,-2.085266,VISp,52
586.0,14.926087,5.3676906,-2.0078151,VISp,52
587.0,15.138201,5.410547,-1.9224929,VISp,52
588.0,14.917855,5.381739,-2.0720549,VISp,52
589.0,15.960446,5.3630333,-1.9066608,VISp,52
590.0,15.261558,5.4522815,-1.8897514,VISp,52
591.0,15.521139,5.9032974,-1.9491229,VISp,52
592.0,15.112097,5.4093437,-2.046205,VISp,52
593.0,15.374364,5.482565,-1.899948,VISp,52
594.0,15.564575,5.817103,-1.8939433,VISp,52
595.0,15.926741,5.6869955,-1.6107179,VISp,52
596.0,15.646755,5.8191934,-1.8019592,VISp,52
597.0,15.701268,5.830369,-1.7510853,VISp,52
598.0,15.722172,5.7411613,-1.7832494,VISp,52
599.0,15.676365,5.639986,-1.4862273,VISp,52
600.0,15.854021,5.7652082,-2.02585,VISp,52
601.0,15.551168,5.510348,-1.4412866,VISp,52
602.0,15.480644,5.435693,-1.4779475,VISp,52
603.0,15.765915,5.4951744,-1.6394358,VISp,52
604.0,15.506301,5.596551,-1.6392199,VISp,52
605.0,15.683309,5.4285483,-1.7216238,VISp,52
606.0,15.786308,5.527699,-1.6677699,VISp,52
607.0,16.144236,5.7670455,-1.4380726,VISp,52
608.0,15.71756,5.52853,-1.6732498,VISp,52
609.0,16.200075,5.5649533,-1.4834721,VISp,52
610.0,15.883009,5.566503,-1.6293691,VISp,52
611.0,15.876105,5.651817,-1.705119,VISp,52
612.0,15.885655,5.4762654,-1.4326438,VISp,52
613.0,15.841099,5.5449595,-1.4395607,VISp,52
614.0,16.237612,5.7918386,-1.5674459,VISp,52
615.0,16.179829,5.626586,-1.598185,VISp,52
616.0,15.975977,5.5710945,-1.4282585,VISp,52
617.0,16.165823,5.476445,-1.8475446,VISp,52
618.0,16.128992,5.6279554,-1.619554,VISp,52
619.0,16.048746,5.402471,-1.8722242,VISp,52
620.0,16.129192,5.815778,-1.4938623,VISp,52
621.0,16.283928,5.840313,-1.5430717,VISp,52
622.0,16.242561,5.7790456,-1.5486842,VISp,52
623.0,16.289179,5.8420677,-1.5130352,VISp,52
624.0,16.317726,5.639449,-1.7995619,VISp,52
625.0,16.204315,5.851378,-1.5216404,VISp,52
626.0,16.305635,5.5946994,-1.7714535,VISp,52
627.0,16.153683,5.6818957,-1.4095778,VISp,52
628.0,16.264753,5.577839,-1.6379536,VISp,52
629.0,16.124594,5.9760075,-1.9365914,VISp,52
630.0,16.26077,5.7036033,-1.6785442,VISp,52
631.0,16.315762,5.719971,-1.7561247,VISp,52
632.0,16.291061,5.560977,-1.8111246,VISp,52
633.0,16.304314,5.613026,-1.8091425,VISp,52
634.0,16.274088,5.577513,-1.7505771,VISp,52
635.0,16.415956,5.7527733,-1.9221467,VISp,52
636.0,16.068192,5.631348,-1.7653546,VISp,52
637.0,16.214811,6.122414,-1.8672659,VISp,52
638.0,16.311102,5.8323483,-1.6729205,VISp,52
639.0,16.199776,5.6865273,-1.9728317,VISp,52
640.0,16.275505,6.1246343,-1.912448,VISp,52
641.0,16.239183,6.1495724,-2.0054865,VISp,52
642.0,16.288023,6.4231896,-1.9776928,VISp,52
643.0,16.357578,6.510666,-1.8961266,VISp,52
644.0,16.392872,6.369421,-1.8709239,VISp,52
645.0,16.327562,6.568155,-2.2088232,VISp,52
646.0,16.347225,6.3982425,-1.8558596,VISp,52
647.0,16.245205,6.3613443,-1.971231,VISp,52
648.0,16.217829,6.303997,-1.9753088,VISp,52
649.0,16.465942,6.522877,-2.023034,VISp,52
650.0,16.449932,6.492566,-2.002163,VISp,52
651.0,16.266502,6.391682,-2.0795233,VISp,52
652.0,16.35768,6.4477835,-2.0599246,VISp,52
653.0,16.356812,6.2963943,-1.8761753,VISp,52
654.0,16.118067,6.2930017,-2.1102376,VISp,52
655.0,15.554579,5.9739027,-3.777384,VISp,52
656.0,15.567388,5.9639745,-3.7147017,VISp,52
657.0,15.750371,6.1172485,-4.180245,VISp,52
658.0,15.686406,6.0629554,-3.841091,VISp,52
659.0,15.6895075,6.139716,-3.7579467,VISp,52
660.0,15.767317,6.20923,-3.8415318,VISp,52
661.0,15.788139,6.272585,-3.844205,VISp,52
662.0,16.157808,6.180907,-1.9362098,VISp,52
663.0,15.665675,6.1479397,-3.8461697,VISp,52
664.0,15.6625,6.1458087,-3.9800944,VISp,52
665.0,15.819737,6.18521,-3.8629448,VISp,52
666.0,15.728965,6.1991363,-3.9087622,VISp,52
667.0,15.793595,6.4212575,-3.7465863,VISp,52
668.0,16.005579,6.431867,-3.9801357,VISp,52
669.0,15.747796,6.2187366,-3.9045186,VISp,52
670.0,15.809996,6.326254,-3.78426,VISp,52
671.0,15.909386,6.5120993,-3.690843,VISp,52
672.0,15.455994,5.833998,-4.4529076,VISp,52
673.0,16.069967,7.105655,-3.3303132,VISp,52
674.0,16.15494,7.1246495,-3.4058793,VISp,52
675.0,16.012428,6.774229,-3.486622,VISp,52
676.0,16.100327,6.9899926,-3.4389315,VISp,52
677.0,16.193642,7.1487174,-3.351876,VISp,52
678.0,16.179533,7.1545963,-3.3715034,VISp,52
679.0,16.290157,7.021009,-3.189901,VISp,52
680.0,16.162804,7.254188,-3.3769588,VISp,52
681.0,16.197206,7.200317,-3.3119056,VISp,52
682.0,16.27396,7.1586146,-3.2902818,VISp,52
683.0,16.300253,7.263501,-3.3573816,VISp,52
684.0,16.297451,7.3199005,-3.2659364,VISp,52
685.0,16.19965,7.2356434,-3.35104,VISp,52
686.0,16.264496,7.3407917,-3.2970634,VISp,52
687.0,16.190424,7.221217,-3.3926818,VISp,52
688.0,16.415445,7.4006724,-3.2135172,VISp,52
689.0,16.346817,7.3716564,-3.2184,VISp,52
690.0,16.34623,7.3827963,-3.2561448,VISp,52
691.0,16.210032,7.2458153,-3.3469086,VISp,52
692.0,16.734741,7.467135,-3.1474993,VISp,52
693.0,16.510832,7.5843577,-3.1004221,VISp,52
694.0,16.52404,7.4309597,-3.2183123,VISp,52
695.0,16.564957,7.481432,-3.1805239,VISp,52
696.0,16.508276,7.55182,-3.1160629,VISp,52
697.0,16.56301,7.48537,-3.1549218,VISp,52
698.0,16.53972,7.582841,-3.0863962,VISp,52
699.0,16.686405,7.611493,-3.052351,VISp,52
700.0,16.543388,7.598178,-3.0787,VISp,52
701.0,16.563675,7.5849485,-3.092311,VISp,52
702.0,16.722216,7.449726,-3.1937346,VISp,52
703.0,16.744864,7.508209,-3.1180584,VISp,52
704.0,17.766367,7.5772653,-3.0186925,VISp,52
705.0,17.852652,7.5291057,-3.001049,VISp,52
706.0,17.932549,7.581066,-3.0438828,VISp,52
707.0,17.90964,7.625875,-3.038315,VISp,52
708.0,18.03191,7.5098305,-3.121656,VISp,52
709.0,18.008438,7.5873013,-3.0953984,VISp,52
710.0,18.043243,7.5848784,-3.1970334,VISp,52
711.0,18.088251,7.520943,-3.168445,VISp,52
712.0,18.074675,7.574301,-3.1348913,VISp,52
713.0,18.081245,7.486992,-3.1330345,VISp,52
714.0,18.316034,7.404681,-3.2324777,VISp,52
715.0,18.181322,7.417221,-3.2164333,VISp,52
716.0,18.258488,7.4001684,-3.2977405,VISp,52
717.0,18.404024,7.4024186,-3.3649704,VISp,52
718.0,18.37672,7.319824,-3.4961662,VISp,52
719.0,18.341372,7.3293767,-3.4084122,VISp,52
720.0,18.076868,7.5588565,-3.098462,VISp,52
721.0,18.282509,7.463937,-3.3209705,VISp,52
722.0,18.222227,7.441624,-3.2459145,VISp,52
723.0,18.408777,7.4525084,-3.3849866,VISp,52
724.0,18.208138,7.400115,-3.3904603,VISp,52
725.0,18.090136,7.582515,-3.2186735,VISp,52
726.0,18.157448,7.523342,-3.165446,VISp,52
727.0,18.27641,7.4630547,-3.3749342,VISp,52
728.0,18.37174,7.274851,-3.716291,VISp,52
729.0,18.262934,7.130083,-3.653467,VISp,52
730.0,18.364944,7.196707,-3.701079,VISp,52
731.0,18.478523,7.1409693,-3.7877815,VISp,52
732.0,18.48857,7.0965004,-3.7185392,VISp,52
733.0,18.543463,6.99893,-3.8784134,VISp,52
734.0,18.353868,7.279501,-3.4882083,VISp,52
735.0,18.434736,7.1920524,-3.6634285,VISp,52
736.0,18.393925,7.415291,-3.4254851,VISp,52
737.0,18.462416,7.2087545,-3.6288493,VISp,52
738.0,18.41113,7.324247,-3.5878198,VISp,52
739.0,18.338501,7.365665,-3.5472836,VISp,52
740.0,18.503035,7.3113346,-3.6569033,VISp,52
741.0,18.121702,7.584701,-3.3986342,VISp,52
742.0,18.510666,7.225334,-3.841529,VISp,52
743.0,18.423378,7.079836,-3.896948,VISp,52
744.0,18.423254,7.1940546,-3.9695573,VISp,52
745.0,18.510069,7.1593776,-3.9373448,VISp,52
746.0,18.556885,7.0486474,-3.9913952,VISp,52
747.0,18.435448,7.043038,-3.977394,VISp,52
748.0,18.248062,6.89388,-3.896325,VISp,52
749.0,18.480232,7.1263933,-3.960118,VISp,52
750.0,18.361341,6.8741136,-4.0133367,VISp,52
751.0,18.518616,7.1445875,-3.9671705,VISp,52
752.0,18.329578,7.310254,-3.7747934,VISp,52
753.0,18.48322,7.087172,-3.9357574,VISp,52
754.0,18.415016,6.993178,-3.923196,VISp,52
755.0,18.412563,6.8266044,-4.134177,VISp,52
756.0,18.466196,7.1035266,-3.874681,VISp,52
757.0,18.393858,6.6026635,-4.3013864,VISp,52
758.0,18.404957,6.1239195,-4.808298,VISp,52
759.0,18.469316,6.9723144,-4.030869,VISp,52
760.0,18.387053,6.2226534,-4.655888,VISp,52
761.0,18.303598,6.2019453,-4.7719398,VISp,52
762.0,18.37371,6.5356617,-4.393992,VISp,52
763.0,18.110764,6.0042844,-4.964299,VISp,52
764.0,18.42001,6.52705,-4.4749846,VISp,52
765.0,18.308937,6.3554106,-4.5359154,VISp,52
766.0,18.461767,6.7807083,-4.261292,VISp,52
767.0,18.460936,6.268954,-4.694214,VISp,52
768.0,18.631935,6.3816776,-4.7294025,VISp,52
769.0,18.600948,6.3102045,-4.719091,VISp,52
770.0,18.24659,6.3063974,-4.5556817,VISp,52
771.0,18.49026,6.5549235,-4.4127436,VISp,52
772.0,18.550243,6.2935705,-4.62445,VISp,52
773.0,18.382256,6.427183,-4.5459948,VISp,52
774.0,18.547054,6.0358577,-4.8355346,VISp,52
775.0,18.585712,6.291075,-4.702126,VISp,52
776.0,18.512545,6.1936007,-4.7798777,VISp,52
777.0,18.504776,6.3220806,-4.590098,VISp,52
778.0,18.589611,6.220212,-4.693406,VISp,52
779.0,18.526443,6.3229294,-4.6706767,VISp,52
780.0,18.347776,6.1667914,-4.690509,VISp,52
781.0,18.503242,6.1092806,-4.765059,VISp,52
782.0,18.560438,5.982637,-4.9067764,VISp,52
783.0,18.496397,5.8499565,-4.923798,VISp,52
784.0,18.540766,6.073801,-4.840245,VISp,52
785.0,18.510836,6.0804806,-4.841724,VISp,52
786.0,18.265661,6.1251225,-4.839663,VISp,52
787.0,18.301622,6.069859,-4.9083505,VISp,52
788.0,18.458117,6.0326223,-4.8975205,VISp,52
789.0,17.120417,5.0607476,-6.101508,VISp,52
790.0,17.875057,5.9832025,-5.17745,VISp,52
791.0,17.514149,5.662421,-5.6069555,VISp,52
792.0,17.417088,5.2922673,-5.9995546,VISp,52
793.0,17.034922,5.0047135,-5.986222,VISp,52
794.0,17.396967,4.830438,-6.328065,VISp,52
795.0,17.144604,4.6846647,-6.3515286,VISp,52
796.0,17.090248,4.8784614,-6.1478887,VISp,52
797.0,17.231218,4.74678,-6.307879,VISp,52
798.0,17.240362,5.3581257,-5.758694,VISp,52
799.0,17.42895,5.588647,-5.4981804,VISp,52
800.0,17.139978,4.826831,-6.2263103,VISp,52
801.0,16.443922,5.316096,-5.759343,VISp,52
802.0,16.307972,5.226102,-5.8197265,VISp,52
803.0,15.89771,5.293799,-5.6655684,VISp,52
804.0,15.351377,5.36112,-5.633893,VISp,52
805.0,15.528904,5.2346535,-5.5475245,VISp,52
806.0,15.6282835,5.313671,-5.5852304,VISp,52
807.0,15.613973,5.199603,-5.5107307,VISp,52
808.0,15.617578,5.2058506,-5.494316,VISp,52
809.0,15.586096,5.303943,-5.507395,VISp,52
810.0,15.577539,5.1983457,-5.504543,VISp,52
811.0,15.632769,5.3112106,-5.6302853,VISp,52
812.0,15.661898,5.199286,-5.5159616,VISp,52
813.0,15.405791,5.215901,-5.4514866,VISp,52
814.0,15.503205,5.1676927,-5.3933268,VISp,52
815.0,15.400928,5.117656,-5.1327586,VISp,52
816.0,15.21809,5.204267,-5.0094137,VISp,52
817.0,14.998957,5.1831307,-4.9298086,VISp,52
818.0,15.343026,5.1633945,-4.678051,VISp,52
819.0,15.303066,5.167633,-5.0362487,VISp,52
820.0,15.279243,5.1815124,-5.1472063,VISp,52
821.0,15.453994,5.1783247,-5.076521,VISp,52
822.0,15.194509,5.1932354,-4.8779335,VISp,52
823.0,15.007673,5.2677274,-4.9967494,VISp,52
824.0,15.24514,5.175179,-4.8025336,VISp,52
825.0,14.898421,5.184114,-4.848007,VISp,52
826.0,15.383511,5.241855,-4.450649,VISp,52
827.0,15.662459,5.1769247,-4.652319,VISp,52
828.0,15.393568,5.1756725,-4.4321313,VISp,52
829.0,15.40422,5.1418877,-4.6156883,VISp,52
830.0,15.47733,5.236244,-4.382454,VISp,52
831.0,15.57454,5.144848,-4.3084474,VISp,52
832.0,15.560571,5.1509337,-4.2895412,VISp,52
833.0,15.4996605,5.2117586,-4.344064,VISp,52
834.0,15.477018,5.1843386,-4.339829,VISp,52
835.0,15.145766,5.132394,-4.4930987,VISp,52
836.0,15.527382,5.106027,-4.3291984,VISp,52
837.0,15.541475,5.1920085,-4.381723,VISp,52
838.0,15.562405,5.156866,-4.362906,VISp,52
839.0,15.691695,5.1819263,-4.546451,VISp,52
840.0,15.614111,5.113351,-4.3496385,VISp,52
841.0,17.560608,4.0251164,-4.3170586,VISp,52
842.0,17.452974,4.11779,-4.5052395,VISp,52
843.0,17.631657,4.0467405,-4.4621677,VISp,52
844.0,17.463814,4.0335274,-4.451784,VISp,52
845.0,17.535467,3.9999077,-4.4167123,VISp,52
846.0,17.609098,4.0539613,-4.421448,VISp,52
847.0,17.555563,4.0208216,-4.3989596,VISp,52
848.0,17.502226,4.0044465,-4.4101057,VISp,52
849.0,17.641527,4.062772,-4.466426,VISp,52
850.0,17.503971,4.080516,-4.5347195,VISp,52
851.0,17.603443,3.9510741,-4.285527,VISp,52
852.0,17.588266,3.9992442,-4.3564854,VISp,52
853.0,17.53996,3.9466333,-4.2763286,VISp,52
854.0,17.626612,3.9768102,-4.3036876,VISp,52
855.0,17.635078,3.9871445,-4.3184257,VISp,52
856.0,17.583965,4.127686,-4.546413,VISp,52
857.0,17.803516,4.109539,-4.5279098,VISp,52
858.0,17.737375,4.064136,-4.4215856,VISp,52
859.0,17.986584,4.217704,-4.7426505,VISp,52
860.0,17.941927,4.2678676,-4.7671995,VISp,52
861.0,18.00042,4.231393,-4.797939,VISp,52
862.0,17.8945,4.2389555,-4.7047276,VISp,52
863.0,18.023338,4.2980857,-4.9999714,VISp,52
864.0,18.09578,4.342114,-4.915898,VISp,52
865.0,18.030907,4.3824124,-5.023939,VISp,52
866.0,18.1354,4.3024607,-4.9281,VISp,52
867.0,18.032055,4.290831,-4.889951,VISp,52
868.0,18.066153,4.2739377,-4.9365,VISp,52
869.0,18.089285,4.3733153,-4.988255,VISp,52
870.0,18.079304,4.373166,-4.9918685,VISp,52
871.0,18.076796,4.44333,-5.077126,VISp,52
872.0,18.143608,4.468735,-5.1055264,VISp,52
873.0,18.211267,4.5625043,-5.161322,VISp,52
874.0,18.21368,4.5030975,-5.078309,VISp,52
875.0,18.102163,4.434335,-5.038512,VISp,52
876.0,18.263945,4.6553297,-5.2547536,VISp,52
877.0,18.296547,4.758371,-5.2560396,VISp,52
878.0,18.30529,4.830634,-5.3526154,VISp,52
879.0,18.3122,4.888797,-5.489316,VISp,52
880.0,18.320944,4.747883,-5.2649937,VISp,52
881.0,18.30803,5.004422,-5.496262,VISp,52
882.0,18.24266,4.9561067,-5.5209403,VISp,52
883.0,18.267714,4.9853377,-5.5881343,VISp,52
884.0,18.189846,4.971466,-5.718683,VISp,52
885.0,18.182884,4.8471375,-5.679461,VISp,52
886.0,18.278538,5.026762,-5.7816415,VISp,52
887.0,17.775414,4.6541615,-5.8398733,VISp,52
888.0,17.893906,4.6071296,-5.8881297,VISp,52
889.0,17.866564,4.639361,-5.8861604,VISp,52
890.0,17.321085,4.6695375,-5.6473446,VISp,52
891.0,17.438526,4.592916,-5.5995297,VISp,52
892.0,17.151848,4.613084,-5.526075,VISp,52
893.0,17.24828,4.605,-5.563515,VISp,52
894.0,17.343372,4.586514,-5.4757767,VISp,52
895.0,17.27676,4.613721,-5.44172,VISp,52
896.0,17.222713,4.541296,-5.327365,VISp,52
897.0,17.480314,4.556119,-5.2899475,VISp,52
898.0,17.4225,4.549344,-5.3403196,VISp,52
899.0,17.686686,4.527663,-5.1849246,VISp,52
0.0,13.871617,1.4813788,8.804568,VISrl,41
1.0,14.024702,1.6079279,8.891133,VISrl,41
2.0,13.4418745,1.2179058,8.868438,VISrl,41
3.0,13.092306,0.89845914,9.155997,VISrl,41
4.0,12.542209,1.0339006,8.521047,VISrl,41
5.0,12.415979,1.1440344,8.463144,VISrl,41
6.0,12.466683,1.009154,8.535291,VISrl,41
7.0,12.272755,1.1176888,8.337269,VISrl,41
8.0,12.563105,1.1956351,8.39207,VISrl,41
9.0,12.446721,1.0864526,8.407753,VISrl,41
10.0,12.047917,0.974893,8.008992,VISrl,41
11.0,11.754621,1.1175759,7.9916983,VISrl,41
12.0,11.92817,0.93819815,8.007499,VISrl,41
13.0,10.912216,1.2597188,8.22202,VISrl,41
14.0,10.87617,1.2157662,8.652375,VISrl,41
15.0,11.510708,0.47299406,8.46193,VISrl,41
16.0,10.808024,1.1851724,8.50184,VISrl,41
17.0,11.653068,0.7945062,8.223349,VISrl,41
18.0,10.690922,0.9217149,8.742168,VISrl,41
19.0,10.707322,1.0967914,8.651863,VISrl,41
20.0,10.671602,1.0206441,8.535288,VISrl,41
21.0,10.680885,0.9652114,8.710501,VISrl,41
22.0,10.658042,0.5454372,8.492878,VISrl,41
23.0,10.999088,0.5102263,8.157355,VISrl,41
24.0,10.378078,0.62262446,8.717022,VISrl,41
25.0,10.348756,1.0014428,8.48884,VISrl,41
26.0,9.42045,0.071070544,7.399105,VISrl,41
27.0,10.773875,0.5524491,8.630339,VISrl,41
28.0,9.422844,0.18546045,7.4432173,VISrl,41
29.0,9.227184,0.11995832,8.215441,VISrl,41
30.0,10.476887,0.29217795,9.174031,VISrl,41
31.0,9.404518,0.25583616,7.5840645,VISrl,41
32.0,9.650897,0.4230013,8.898071,VISrl,41
33.0,9.417013,0.77060515,7.821196,VISrl,41
34.0,10.573948,0.67087674,8.997943,VISrl,41
35.0,9.818675,0.22563855,9.230284,VISrl,41
36.0,9.576987,0.24590613,9.262533,VISrl,41
37.0,9.763994,0.30811936,9.292755,VISrl,41
38.0,9.258326,0.6401701,8.685069,VISrl,41
39.0,9.356926,0.9353009,8.696322,VISrl,41
40.0,9.517023,0.8203041,8.028405,VISrl,41
41.0,9.355235,0.90369034,8.719869,VISrl,41
42.0,10.2877655,0.31073013,8.924143,VISrl,41
43.0,9.231611,0.9472254,8.503094,VISrl,41
44.0,9.115329,0.67441136,8.586306,VISrl,41
45.0,9.278597,0.93734413,8.515851,VISrl,41
46.0,9.906312,0.93807095,7.931992,VISrl,41
47.0,9.625175,0.65032846,7.46158,VISrl,41
48.0,9.48363,0.64448714,7.5657887,VISrl,41
49.0,9.954593,0.61373407,9.184918,VISrl,41
50.0,9.369436,0.8352511,8.65779,VISrl,41
51.0,9.258289,0.77315503,8.664044,VISrl,41
52.0,9.4461565,0.9625676,8.413411,VISrl,41
53.0,9.529286,1.014626,8.895803,VISrl,41
54.0,10.098053,0.5441352,9.205392,VISrl,41
55.0,10.580355,0.40115103,8.936528,VISrl,41
56.0,9.754317,0.8403849,8.606524,VISrl,41
57.0,10.309376,0.20393035,9.222811,VISrl,41
58.0,9.968306,0.6014134,8.8435545,VISrl,41
59.0,9.723444,1.0557709,8.609259,VISrl,41
60.0,9.841923,0.5874829,8.806886,VISrl,41
61.0,9.619369,0.771554,8.77814,VISrl,41
62.0,10.632431,1.2189511,7.874467,VISrl,41
63.0,9.047676,0.29814133,8.588686,VISrl,41
64.0,10.749587,1.1603308,7.962438,VISrl,41
65.0,12.083025,0.34619683,9.363655,VISrl,41
66.0,12.2169285,0.1644791,9.05728,VISrl,41
67.0,12.28415,0.041194003,9.143357,VISrl,41
68.0,12.371214,-0.104976706,9.233254,VISrl,41
69.0,14.379137,-0.10683195,11.067017,VISrl,41
70.0,14.320995,-0.05466121,10.982752,VISrl,41
71.0,14.369819,-0.15539458,11.067111,VISrl,41
72.0,14.373568,-0.3040015,11.179892,VISrl,41
73.0,14.297366,-0.24138464,11.0794,VISrl,41
74.0,13.963244,-0.6584403,11.024129,VISrl,41
75.0,14.083509,-0.7041745,10.927736,VISrl,41
76.0,13.828087,-1.0194925,10.902007,VISrl,41
77.0,14.202499,-0.72369707,10.9231615,VISrl,41
78.0,14.253775,-0.79511184,10.868106,VISrl,41
79.0,14.117868,-0.82797897,10.773317,VISrl,41
80.0,14.199358,-0.5961074,10.920263,VISrl,41
81.0,14.224028,-0.7460053,10.892938,VISrl,41
82.0,14.101937,-0.5347038,10.849643,VISrl,41
83.0,14.279724,-0.65560675,11.074218,VISrl,41
84.0,14.221323,-0.56805444,10.882188,VISrl,41
85.0,14.253011,-0.95167005,10.954826,VISrl,41
86.0,14.249505,-1.0821556,11.014708,VISrl,41
87.0,14.129426,-1.3582352,10.939324,VISrl,41
88.0,14.109253,-0.9768223,10.612979,VISrl,41
89.0,14.174583,-1.2148377,10.925675,VISrl,41
90.0,14.06825,-1.3066103,10.83371,VISrl,41
91.0,14.155723,-1.3346335,10.674238,VISrl,41
92.0,14.088254,-1.319951,10.770104,VISrl,41
93.0,14.133334,-1.1567143,10.469563,VISrl,41
94.0,14.082961,-1.5507067,10.3375845,VISrl,41
95.0,14.121573,-1.5027846,10.384597,VISrl,41
96.0,13.994692,-1.6075869,10.145834,VISrl,41
97.0,14.051867,-1.6076252,10.3604355,VISrl,41
98.0,10.688863,-0.01690059,8.546333,VISrl,41
99.0,10.988329,-0.29820603,9.2677145,VISrl,41
100.0,11.067763,-0.19459836,8.410944,VISrl,41
101.0,10.657779,-0.11888584,8.491134,VISrl,41
102.0,11.247726,-0.31559405,8.220731,VISrl,41
103.0,11.283311,0.08678545,8.171396,VISrl,41
104.0,11.89737,0.8518235,8.338188,VISrl,41
105.0,9.806938,-0.48796618,6.3626943,VISrl,41
106.0,10.962858,0.82739,8.244444,VISrl,41
107.0,9.761251,0.091666564,7.5869355,VISrl,41
108.0,11.562946,0.024555778,8.186192,VISrl,41
109.0,11.174355,-0.2525568,8.379034,VISrl,41
110.0,11.566339,-1.9258969,8.874404,VISrl,41
111.0,10.639696,-0.8855658,7.7328806,VISrl,41
112.0,10.090744,-0.0707109,8.086398,VISrl,41
113.0,11.826977,0.5742183,7.942828,VISrl,41
114.0,10.598496,0.20979768,8.108007,VISrl,41
115.0,10.814882,-1.8091431,8.823952,VISrl,41
116.0,10.08239,-0.4490496,6.617001,VISrl,41
117.0,11.284654,-0.17541708,8.361759,VISrl,41
118.0,10.053443,-0.60042167,6.5364594,VISrl,41
119.0,11.762796,0.7795274,8.303401,VISrl,41
120.0,9.346517,0.31128797,8.606336,VISrl,41
121.0,10.130136,0.8162973,7.864248,VISrl,41
122.0,10.508572,0.45594615,7.704298,VISrl,41
123.0,9.855307,0.99078965,8.579492,VISrl,41
124.0,10.516119,0.40199885,7.726142,VISrl,41
125.0,9.894879,-0.007160134,6.825402,VISrl,41
126.0,10.94293,0.9928072,8.216371,VISrl,41
127.0,10.381349,0.37612164,6.813752,VISrl,41
128.0,9.313266,-0.25087976,8.040115,VISrl,41
129.0,10.6445465,0.8740922,7.9501348,VISrl,41
130.0,11.48309,-1.9069085,8.944237,VISrl,41
131.0,9.220924,-0.13582344,8.167917,VISrl,41
132.0,9.6228485,0.9249476,8.476429,VISrl,41
133.0,9.984313,0.7472678,8.752179,VISrl,41
134.0,9.272881,-0.25532246,7.966835,VISrl,41
135.0,14.048683,-1.2303882,9.945708,VISrl,41
136.0,10.641943,0.6030916,9.10746,VISrl,41
137.0,14.082206,-1.3693542,10.029437,VISrl,41
138.0,14.029434,-0.960951,9.864301,VISrl,41
139.0,14.120283,-0.8613967,9.781699,VISrl,41
140.0,14.10596,-0.4609906,9.9956045,VISrl,41
141.0,13.42948,-0.6248159,9.196626,VISrl,41
142.0,11.681434,-0.3320863,6.9431963,VISrl,41
143.0,14.0961685,0.26001793,10.172497,VISrl,41
144.0,14.182157,0.15189473,10.162863,VISrl,41
145.0,14.248127,-0.029297221,10.14941,VISrl,41
146.0,14.1031,-0.5154304,10.08989,VISrl,41
147.0,14.02323,0.43721053,9.941436,VISrl,41
148.0,13.950939,0.3178001,9.916779,VISrl,41
149.0,14.142744,0.23840833,10.082929,VISrl,41
150.0,14.023626,0.077330545,10.179381,VISrl,41
151.0,14.085885,0.15091376,10.162487,VISrl,41
152.0,14.005676,0.042445403,10.204522,VISrl,41
153.0,13.819946,-0.058037065,10.106629,VISrl,41
154.0,14.287865,0.08674726,10.883784,VISrl,41
155.0,13.825968,-0.06662513,10.05958,VISrl,41
156.0,14.147216,-0.25643015,10.667595,VISrl,41
157.0,14.35756,-0.20603812,11.108464,VISrl,41
158.0,14.427302,-0.2560849,11.205337,VISrl,41
159.0,14.377401,-0.35466552,11.180512,VISrl,41
160.0,14.377146,-0.21630906,11.128725,VISrl,41
161.0,14.338596,-0.438556,11.151615,VISrl,41
162.0,14.270166,-0.4841205,11.1552305,VISrl,41
163.0,14.084044,-0.9278905,11.1951065,VISrl,41
164.0,13.68495,-1.7512954,10.941714,VISrl,41
165.0,13.711931,-1.632073,11.071257,VISrl,41
166.0,13.616827,-1.866871,10.951038,VISrl,41
167.0,13.952122,-1.2246606,10.860179,VISrl,41
168.0,13.810154,-1.5375183,10.761502,VISrl,41
169.0,13.917223,-1.2953742,10.207796,VISrl,41
170.0,13.614431,-1.7348244,10.795918,VISrl,41
171.0,10.378757,-0.5312867,8.992965,VISrl,41
172.0,10.514681,-0.3531366,8.709128,VISrl,41
173.0,13.148436,-0.013741443,9.7306185,VISrl,41
174.0,13.244831,-0.49049598,10.308076,VISrl,41
175.0,13.360804,-0.57883185,10.383436,VISrl,41
176.0,13.245123,-0.07099206,10.276392,VISrl,41
177.0,13.739134,-0.3103797,10.65278,VISrl,41
178.0,12.720839,-0.94183266,10.161741,VISrl,41
179.0,13.714638,-0.16696785,10.360831,VISrl,41
180.0,13.935402,-1.2507341,10.687303,VISrl,41
181.0,13.490158,-1.0252465,10.46222,VISrl,41
182.0,13.49137,-1.4828905,10.813905,VISrl,41
183.0,13.385452,-1.0809122,10.406641,VISrl,41
184.0,13.661415,-1.6920424,10.28868,VISrl,41
185.0,13.660114,-1.3479298,10.067537,VISrl,41
186.0,13.666394,-0.8792192,10.587709,VISrl,41
187.0,13.504205,-0.9397597,9.996863,VISrl,41
188.0,13.41635,-1.1535139,10.1385,VISrl,41
189.0,13.994755,-1.3292211,10.661174,VISrl,41
190.0,13.718773,-1.0610795,10.222979,VISrl,41
191.0,13.721881,1.5061828,10.309937,VISrl,41
192.0,14.003384,0.2005988,10.005334,VISrl,41
193.0,14.170156,0.34132656,10.106096,VISrl,41
194.0,14.257843,0.0502895,10.8028965,VISrl,41
195.0,12.595449,-0.08289331,8.911965,VISrl,41
196.0,12.4010315,-0.05508933,9.091327,VISrl,41
197.0,13.885613,-0.110372484,10.1136055,VISrl,41
198.0,13.889382,-0.05047602,10.053958,VISrl,41
199.0,13.788806,-0.84632015,9.982743,VISrl,41
200.0,13.66678,-0.5645325,10.148715,VISrl,41
201.0,13.835938,-0.7889725,10.179651,VISrl,41
202.0,11.676621,1.0379835,8.121023,VISrl,41
203.0,13.502765,-0.9883358,10.072642,VISrl,41
204.0,13.952323,-0.45413867,9.956202,VISrl,41
205.0,13.62386,-0.9729688,10.128656,VISrl,41
206.0,13.994051,-0.91385996,9.93851,VISrl,41
207.0,13.877412,-0.9601902,10.017722,VISrl,41
208.0,13.897108,-0.9816443,9.988176,VISrl,41
209.0,13.796119,-1.0327637,10.076439,VISrl,41
210.0,13.511846,-0.81414384,10.188489,VISrl,41
211.0,13.883198,-1.0362092,10.097079,VISrl,41
212.0,13.690706,-1.250176,9.999922,VISrl,41
213.0,13.88513,-1.2021954,9.917056,VISrl,41
214.0,13.507892,-1.2031149,9.703067,VISrl,41
215.0,13.798405,-1.1916472,10.025182,VISrl,41
216.0,14.093282,-1.0340246,9.841723,VISrl,41
217.0,13.655684,-1.2675788,10.211284,VISrl,41
218.0,13.688841,-1.0027783,9.968815,VISrl,41
219.0,13.932704,-1.1529422,10.297768,VISrl,41
220.0,13.777537,-1.0402744,9.875033,VISrl,41
221.0,13.919249,-1.0761924,9.92932,VISrl,41
222.0,13.566197,-1.1657993,9.904923,VISrl,41
223.0,13.318085,-1.21905,10.060238,VISrl,41
224.0,13.384471,-0.97652483,10.031975,VISrl,41
225.0,12.692833,-0.9317612,9.722331,VISrl,41
226.0,12.764998,-0.8693878,9.767302,VISrl,41
227.0,12.804624,-0.596897,9.517517,VISrl,41
228.0,13.649876,-0.5831875,10.117422,VISrl,41
229.0,12.353794,-0.3370609,9.292242,VISrl,41
230.0,13.742262,-0.5287268,10.118514,VISrl,41
231.0,13.471587,-0.23029894,9.772552,VISrl,41
232.0,12.999754,-0.8640045,10.087796,VISrl,41
233.0,13.821068,-0.56622416,10.703096,VISrl,41
234.0,13.970547,-0.5950123,10.752177,VISrl,41
235.0,13.864741,-0.69534767,10.847017,VISrl,41
236.0,13.349468,-0.80711526,10.88152,VISrl,41
237.0,13.894103,-0.47358182,10.650703,VISrl,41
238.0,12.580141,-0.90061593,9.648634,VISrl,41
239.0,14.057787,-0.5176496,10.591069,VISrl,41
240.0,14.010982,-0.8169319,10.735096,VISrl,41
241.0,13.992783,-0.7524323,10.739647,VISrl,41
242.0,13.084493,-0.74116415,10.077535,VISrl,41
243.0,14.118906,-1.1798759,10.77481,VISrl,41
244.0,10.609281,-1.2306325,7.8921127,VISrl,41
245.0,13.640464,-1.3519236,9.960597,VISrl,41
246.0,13.397811,-0.7602906,10.371109,VISrl,41
247.0,13.185052,-0.6505048,10.115867,VISrl,41
248.0,13.643847,-0.39875287,10.435837,VISrl,41
249.0,12.959633,-0.2174324,9.8566,VISrl,41
250.0,12.887665,-0.3439134,9.947726,VISrl,41
251.0,12.953964,-0.14945261,9.6263275,VISrl,41
252.0,13.064718,-0.16345528,9.908717,VISrl,41
253.0,12.980936,-0.23787245,10.062348,VISrl,41
254.0,13.84368,-0.13517049,10.2293625,VISrl,41
255.0,12.75835,-0.20076205,9.906791,VISrl,41
256.0,12.732484,0.10060499,7.768445,VISrl,41
257.0,12.883665,-0.030941943,9.423149,VISrl,41
258.0,13.157483,-0.007683238,9.710351,VISrl,41
259.0,12.880627,-0.76143193,10.124998,VISrl,41
260.0,12.748849,-0.3783379,9.685328,VISrl,41
261.0,12.13616,0.3339583,8.736685,VISrl,41
262.0,13.444903,1.0677377,8.58785,VISrl,41
263.0,12.067911,0.4885357,8.593641,VISrl,41
264.0,13.060809,-0.38267878,9.949569,VISrl,41
265.0,13.409429,-0.27045256,10.373715,VISrl,41
266.0,13.2731905,-0.43629214,9.479083,VISrl,41
267.0,12.892453,-0.8691777,10.356644,VISrl,41
268.0,12.982056,-0.5446061,10.056058,VISrl,41
269.0,13.251968,0.6912176,9.392328,VISrl,41
270.0,13.300246,-0.72851443,10.8249445,VISrl,41
271.0,13.421216,-0.54724896,10.621714,VISrl,41
272.0,13.373598,-1.1738528,11.067297,VISrl,41
273.0,13.367821,-1.1145241,11.081544,VISrl,41
274.0,13.26242,-0.2774745,10.4927,VISrl,41
275.0,13.42587,-0.5810037,10.587604,VISrl,41
276.0,13.816292,-0.097178444,10.357498,VISrl,41
277.0,13.462254,-1.6127297,11.223352,VISrl,41
278.0,13.476599,-0.9391284,10.957682,VISrl,41
279.0,13.434314,-1.492983,11.168553,VISrl,41
280.0,13.389801,-1.7956316,11.184249,VISrl,41
281.0,13.737778,-0.82755744,10.250037,VISrl,41
282.0,13.343018,-1.6827534,11.1631155,VISrl,41
283.0,13.461452,-1.6499563,11.120456,VISrl,41
284.0,13.628837,-1.5525113,11.080726,VISrl,41
285.0,13.549703,-1.5676826,11.221308,VISrl,41
286.0,13.446475,-1.5501118,11.2223,VISrl,41
287.0,13.433569,-1.6455032,11.119447,VISrl,41
288.0,13.286526,-1.7549062,11.254938,VISrl,41
289.0,13.31872,-1.7100655,11.23206,VISrl,41
290.0,13.33005,-1.745559,11.065083,VISrl,41
291.0,13.243574,-1.7898567,11.204794,VISrl,41
292.0,12.9799,-1.9417442,10.793821,VISrl,41
293.0,13.1424675,-1.9127597,11.067801,VISrl,41
294.0,13.208187,-1.9808496,10.959114,VISrl,41
295.0,13.347332,-1.764723,11.185435,VISrl,41
296.0,13.158684,-1.9441829,10.990176,VISrl,41
297.0,13.50101,-1.7428085,11.058976,VISrl,41
298.0,13.351524,-1.6430904,11.21725,VISrl,41
299.0,13.271434,-1.4759909,11.134875,VISrl,41
300.0,13.387081,-1.7072395,11.185106,VISrl,41
301.0,13.1237135,-2.039313,10.820677,VISrl,41
302.0,13.277944,-2.0192726,10.950803,VISrl,41
303.0,13.577613,-1.8104026,10.8449545,VISrl,41
304.0,13.52397,-1.8085291,10.93292,VISrl,41
305.0,13.459439,-1.6939949,10.701486,VISrl,41
306.0,13.415982,-1.9326699,10.891745,VISrl,41
307.0,13.3548355,-1.9730186,10.871861,VISrl,41
308.0,13.252768,-2.028338,10.688524,VISrl,41
309.0,13.25143,-2.0085144,10.805776,VISrl,41
310.0,13.108241,-2.021752,10.36407,VISrl,41
311.0,13.269302,-1.9952837,10.404791,VISrl,41
312.0,12.17279,-0.116440535,8.783354,VISrl,41
313.0,13.160832,-2.0067475,10.463067,VISrl,41
314.0,13.16238,-2.0347846,10.486239,VISrl,41
315.0,13.296153,-1.9582099,10.545015,VISrl,41
316.0,12.15439,-1.0933218,8.429503,VISrl,41
317.0,13.121536,-2.0133712,10.426917,VISrl,41
318.0,11.93086,0.024110451,8.811713,VISrl,41
319.0,11.225627,-0.7689749,7.4802103,VISrl,41
320.0,11.788915,-0.25974527,7.4997687,VISrl,41
321.0,11.962452,0.052261192,8.488368,VISrl,41
322.0,10.770137,0.381307,7.8308268,VISrl,41
323.0,11.740194,-0.51908904,7.816434,VISrl,41
324.0,11.685922,-1.8116574,8.7939005,VISrl,41
325.0,12.0701885,-0.06015628,8.871067,VISrl,41
326.0,11.411998,-0.63118225,7.832437,VISrl,41
327.0,11.875045,0.009573735,8.219068,VISrl,41
328.0,11.502448,-0.5943975,7.6081705,VISrl,41
329.0,11.546692,-0.8031566,7.5043893,VISrl,41
330.0,11.934904,-0.21876264,8.217145,VISrl,41
331.0,12.066046,-0.18214856,8.058937,VISrl,41
332.0,11.62082,0.05900363,8.7588,VISrl,41
333.0,11.581073,-0.67209685,7.6830554,VISrl,41
334.0,11.443809,-0.2980931,8.296431,VISrl,41
335.0,11.627739,-0.5476241,7.6961403,VISrl,41
336.0,11.355122,-0.46447945,8.274773,VISrl,41
337.0,11.397124,-0.8246821,7.423717,VISrl,41
338.0,11.166514,-1.2353381,7.497817,VISrl,41
339.0,11.541112,0.05034483,8.349175,VISrl,41
340.0,11.577176,-0.74704826,7.674268,VISrl,41
341.0,11.355991,-1.0788071,7.5609803,VISrl,41
342.0,11.620361,-0.9400012,8.147258,VISrl,41
343.0,11.526353,-1.2463646,8.139649,VISrl,41
344.0,11.624911,-0.61685896,7.7436786,VISrl,41
345.0,11.604602,0.43068647,7.9043355,VISrl,41
346.0,11.951432,0.3107282,8.064463,VISrl,41
347.0,11.685428,0.20166184,8.08095,VISrl,41
348.0,11.638483,-0.46569774,7.775969,VISrl,41
349.0,11.72086,-0.18513845,8.624094,VISrl,41
350.0,11.779335,-0.46614522,7.792605,VISrl,41
351.0,12.21537,0.6743505,6.92426,VISrl,41
352.0,11.419516,-1.7387736,8.806349,VISrl,41
353.0,11.803786,0.1404002,8.038822,VISrl,41
354.0,12.24316,0.12090903,7.2823334,VISrl,41
355.0,12.142941,-0.08000094,7.5383105,VISrl,41
356.0,12.371538,0.35906914,7.797795,VISrl,41
357.0,12.407371,0.39520648,7.1698575,VISrl,41
358.0,12.309416,0.28958976,7.504214,VISrl,41
359.0,12.321537,0.40001374,7.288058,VISrl,41
360.0,12.195497,0.15265349,8.219446,VISrl,41
361.0,12.4561615,0.5643045,7.209173,VISrl,41
362.0,12.347271,0.30982873,7.130678,VISrl,41
363.0,12.4565325,0.33719516,7.209517,VISrl,41
364.0,12.159419,0.25761572,7.1561213,VISrl,41
365.0,12.372262,0.49732178,7.3095613,VISrl,41
366.0,12.362108,0.2879167,7.775607,VISrl,41
367.0,12.331668,0.41720682,7.4479456,VISrl,41
368.0,12.222259,0.3125071,7.298646,VISrl,41
369.0,12.244703,0.5883987,7.8539467,VISrl,41
370.0,12.364513,0.22537851,7.55573,VISrl,41
371.0,12.328768,0.47529033,7.7378845,VISrl,41
372.0,12.257312,-0.04466486,7.736466,VISrl,41
373.0,12.399532,0.19657522,8.620612,VISrl,41
374.0,11.893306,0.2426588,7.934051,VISrl,41
375.0,9.06684,-0.68227905,7.135535,VISrl,41
376.0,11.491547,-1.5813414,8.706105,VISrl,41
377.0,12.280138,0.15565838,7.446949,VISrl,41
378.0,12.187226,0.21540439,7.3684487,VISrl,41
379.0,11.566161,0.19385101,6.8652983,VISrl,41
380.0,11.895616,0.47478276,7.375126,VISrl,41
381.0,12.270243,0.491489,7.0038977,VISrl,41
382.0,12.238029,0.7461027,7.0306563,VISrl,41
383.0,12.272826,0.6300627,6.997586,VISrl,41
384.0,12.315296,0.7021191,7.4488316,VISrl,41
385.0,12.083392,0.7805054,6.8366694,VISrl,41
386.0,12.435172,0.35467944,7.282607,VISrl,41
387.0,12.417323,0.6123221,7.1895723,VISrl,41
388.0,11.598615,-1.5978395,8.755776,VISrl,41
389.0,12.067707,0.5946536,6.7869205,VISrl,41
390.0,12.187896,0.36151066,6.983169,VISrl,41
391.0,11.123847,-0.6113277,6.7265635,VISrl,41
392.0,10.88428,-0.45170587,7.167697,VISrl,41
393.0,9.882217,0.026101507,7.681975,VISrl,41
394.0,11.410363,0.61429346,6.5416846,VISrl,41
395.0,9.885576,0.104851544,7.1316066,VISrl,41
396.0,11.278507,-0.2646765,7.1535797,VISrl,41
397.0,10.845152,-0.4234232,6.5750055,VISrl,41
398.0,10.737613,-0.6981946,8.388354,VISrl,41
399.0,10.835802,0.8985741,8.804133,VISrl,41
400.0,11.401366,-1.9046186,8.841006,VISrl,41
401.0,11.296785,0.004865803,7.4716573,VISrl,41
402.0,10.000551,-0.5923522,6.9990754,VISrl,41
403.0,10.366689,-0.81458646,7.3723116,VISrl,41
404.0,11.385741,-0.5228373,6.9300895,VISrl,41
405.0,11.37499,-0.59054756,7.260477,VISrl,41
406.0,10.485165,-0.8045628,8.23364,VISrl,41
407.0,11.239236,-0.6570544,7.218542,VISrl,41
408.0,10.493411,-0.1894224,7.035515,VISrl,41
409.0,10.450437,-0.7284183,7.2580476,VISrl,41
410.0,10.730042,0.0045818915,6.474955,VISrl,41
411.0,10.498694,0.2966827,7.361639,VISrl,41
412.0,10.59901,0.2767806,6.7632837,VISrl,41
413.0,10.189454,0.12876627,6.4465737,VISrl,41
414.0,9.675112,0.8663694,8.695264,VISrl,41
415.0,10.199965,0.38355353,8.557177,VISrl,41
416.0,10.202123,-0.30947506,8.746625,VISrl,41
417.0,10.112844,-0.09231243,7.8559933,VISrl,41
418.0,10.184834,-0.05467436,7.543676,VISrl,41
419.0,11.212188,-0.46301275,7.0401816,VISrl,41
420.0,10.650205,-0.043611486,6.577696,VISrl,41
421.0,10.482625,-0.10888635,6.4648232,VISrl,41
422.0,10.348941,-0.13002977,6.46376,VISrl,41
423.0,9.691238,-0.18079965,7.8025107,VISrl,41
424.0,9.3625145,-0.27126408,7.242316,VISrl,41
425.0,10.386634,0.3625167,7.6215377,VISrl,41
426.0,11.396357,0.5793897,7.1891594,VISrl,41
427.0,11.163331,0.3675961,7.3885326,VISrl,41
428.0,11.490872,0.5339711,6.5961223,VISrl,41
429.0,12.019188,0.7128728,6.797021,VISrl,41
430.0,11.459793,0.46038878,7.039101,VISrl,41
431.0,11.995436,0.9661278,7.6578665,VISrl,41
432.0,9.73107,-1.4158623,6.993707,VISrl,41
433.0,11.535589,0.07231994,7.0276155,VISrl,41
434.0,11.627909,0.21338847,7.054218,VISrl,41
435.0,10.832032,-0.47645488,6.547772,VISrl,41
436.0,9.679258,-1.608446,7.449289,VISrl,41
437.0,10.8577385,-0.35414243,6.589642,VISrl,41
438.0,11.247488,0.39689755,7.175991,VISrl,41
439.0,10.86841,-0.29442677,6.6514177,VISrl,41
440.0,11.228074,0.17588721,7.057468,VISrl,41
441.0,10.928846,-0.5218916,6.650374,VISrl,41
442.0,11.182871,0.39459413,7.368877,VISrl,41
443.0,9.378021,-0.3064265,7.2334976,VISrl,41
444.0,11.123682,0.37140062,7.1150236,VISrl,41
445.0,11.222479,0.22469918,7.0816092,VISrl,41
446.0,11.20382,0.4039359,7.2644196,VISrl,41
447.0,9.508339,-0.2679786,7.4408193,VISrl,41
448.0,10.44122,-0.68258363,7.0052056,VISrl,41
449.0,11.015135,0.022547344,6.9765697,VISrl,41
450.0,9.410847,-0.22701302,7.033215,VISrl,41
451.0,9.458466,-0.2934872,7.5687165,VISrl,41
452.0,9.831976,-0.17804736,7.2012954,VISrl,41
453.0,11.297009,-1.6433259,8.3653345,VISrl,41
454.0,10.821892,-0.32960078,7.441022,VISrl,41
455.0,9.6338825,-0.03388724,6.9135427,VISrl,41
456.0,11.182188,0.15181896,7.336936,VISrl,41
457.0,10.7463045,-0.34949246,7.1701074,VISrl,41
458.0,11.501289,-1.9424052,8.958018,VISrl,41
459.0,10.632784,-0.73438704,7.918846,VISrl,41
460.0,10.007669,-0.13121791,7.0082674,VISrl,41
461.0,10.611072,0.37140778,7.824182,VISrl,41
462.0,10.317826,0.16087882,6.890867,VISrl,41
463.0,9.974998,-0.13824022,7.34975,VISrl,41
464.0,10.500342,-0.25498724,6.875555,VISrl,41
465.0,11.399826,-1.8614377,8.803293,VISrl,41
466.0,9.400851,-0.7846939,7.4949245,VISrl,41
467.0,10.641166,-0.56098014,7.8058195,VISrl,41
468.0,9.012505,-0.5077383,7.2173386,VISrl,41
469.0,9.302592,-0.60054916,7.240087,VISrl,41
470.0,9.681142,-0.68289864,7.393284,VISrl,41
471.0,9.112035,-0.28125927,7.3893447,VISrl,41
472.0,11.318959,-0.74290997,7.239223,VISrl,41
473.0,8.991618,-0.6524709,7.354053,VISrl,41
474.0,9.047679,-0.493859,7.476527,VISrl,41
475.0,9.942749,0.07771063,6.7600784,VISrl,41
476.0,9.879972,-0.4788063,6.313481,VISrl,41
477.0,8.981771,-0.56326187,7.156691,VISrl,41
478.0,10.202971,-0.366806,6.1002164,VISrl,41
479.0,9.672675,0.044143133,6.7118735,VISrl,41
480.0,9.012524,-0.72014487,7.2247014,VISrl,41
481.0,10.790851,0.0948246,7.6149564,VISrl,41
482.0,9.161885,-0.5752313,6.898534,VISrl,41
483.0,10.134925,0.041817162,6.8077126,VISrl,41
484.0,9.861571,-0.34952396,6.4107833,VISrl,41
485.0,9.979808,-0.47000745,6.2476606,VISrl,41
486.0,9.203069,-0.8758054,7.557446,VISrl,41
487.0,9.597693,-0.6793387,6.569246,VISrl,41
488.0,9.197831,-1.0355487,7.303573,VISrl,41
489.0,9.704171,-1.5454739,7.548611,VISrl,41
490.0,10.78642,0.2702,7.173115,VISrl,41
491.0,11.114054,-0.06662032,7.8038225,VISrl,41
492.0,11.516243,-0.5203809,7.396282,VISrl,41
493.0,9.874277,-0.8230187,7.776459,VISrl,41
494.0,13.549778,1.5172759,10.139236,VISrl,41
495.0,11.32396,-0.37479955,7.1062756,VISrl,41
496.0,11.0895605,-1.1090885,7.305088,VISrl,41
497.0,10.917182,0.3874465,8.386894,VISrl,41
498.0,9.727697,-0.5805059,7.392292,VISrl,41
499.0,10.971729,-0.99218434,7.4850445,VISrl,41
500.0,9.19164,-0.26493904,7.482709,VISrl,41
501.0,11.245507,-0.9920762,7.2644677,VISrl,41
502.0,9.122659,-0.84315974,7.4782057,VISrl,41
503.0,9.988165,-0.38363224,7.4793878,VISrl,41
504.0,11.403302,-0.5134689,7.4457393,VISrl,41
505.0,11.074477,-1.0070157,7.350147,VISrl,41
506.0,9.828411,-0.46451616,6.3313947,VISrl,41
507.0,9.801907,-0.39824727,7.399546,VISrl,41
508.0,9.476451,0.0144340955,6.8348713,VISrl,41
509.0,10.779462,-0.5077314,8.315152,VISrl,41
510.0,9.688978,-0.118831046,7.4786534,VISrl,41
511.0,9.590422,-0.5092126,6.770393,VISrl,41
512.0,9.360803,-0.6455779,7.6797447,VISrl,41
513.0,10.6799965,0.21860483,7.4335637,VISrl,41
514.0,11.231854,-1.8543408,8.908507,VISrl,41
515.0,11.276288,-0.33439702,7.346628,VISrl,41
516.0,10.158295,0.03692773,6.8622313,VISrl,41
517.0,9.79427,0.45785898,7.370324,VISrl,41
518.0,10.381795,-0.122483484,7.2189918,VISrl,41
519.0,11.362754,-0.5318378,7.4725437,VISrl,41
520.0,11.546615,0.03647509,8.910548,VISrl,41
521.0,9.630409,-0.3582491,7.9318604,VISrl,41
522.0,10.224745,-0.5824206,7.709169,VISrl,41
523.0,11.385298,-2.0603187,8.838717,VISrl,41
524.0,10.366621,-0.7580201,8.201781,VISrl,41
525.0,10.726477,-0.36850446,8.272243,VISrl,41
526.0,9.521014,-0.6802263,8.167765,VISrl,41
527.0,10.374231,-0.18706657,7.872958,VISrl,41
528.0,9.973646,0.15211721,8.528148,VISrl,41
529.0,10.431049,-0.5927552,8.533908,VISrl,41
530.0,10.67942,0.22760545,8.038879,VISrl,41
531.0,10.103059,0.41372567,8.775326,VISrl,41
532.0,10.606473,-0.2038324,8.25107,VISrl,41
533.0,10.208042,-0.13352472,8.844689,VISrl,41
534.0,9.994602,0.7806409,7.675636,VISrl,41
535.0,9.923399,0.48189184,7.5316744,VISrl,41
536.0,10.217294,-0.14973,8.23594,VISrl,41
537.0,10.238298,0.6361759,7.8747773,VISrl,41
538.0,9.593019,-0.08028236,7.0612507,VISrl,41
539.0,10.0019,-0.21926689,7.824265,VISrl,41
540.0,11.285012,-0.14660758,7.723785,VISrl,41
541.0,10.198875,0.40402547,8.520243,VISrl,41
542.0,11.425156,-1.779049,8.775802,VISrl,41
543.0,11.316626,-1.8619499,8.892788,VISrl,41
544.0,10.391839,0.03551001,8.274918,VISrl,41
545.0,10.260635,-0.18217139,7.654657,VISrl,41
546.0,10.347328,-0.34782603,8.355623,VISrl,41
547.0,11.148728,-1.578602,8.837608,VISrl,41
548.0,10.858689,0.15582146,8.348477,VISrl,41
549.0,11.568362,-1.265757,8.889296,VISrl,41
550.0,11.022195,0.27562648,8.009777,VISrl,41
551.0,9.763114,-0.38433227,6.6560526,VISrl,41
552.0,10.472216,-0.2446457,8.381288,VISrl,41
553.0,9.574949,0.033172004,7.457131,VISrl,41
554.0,11.137245,0.13359548,7.9029994,VISrl,41
555.0,10.319731,-0.5129155,6.284943,VISrl,41
556.0,9.85769,0.5789435,7.4146767,VISrl,41
557.0,9.766386,0.9528494,7.967921,VISrl,41
558.0,11.812276,0.010533273,8.089205,VISrl,41
559.0,10.994546,0.17050709,6.3849993,VISrl,41
560.0,10.032054,0.8089086,7.708538,VISrl,41
561.0,10.060712,-0.8144211,6.354846,VISrl,41
562.0,11.088139,0.2797203,6.740509,VISrl,41
563.0,11.598704,-1.6725572,8.943607,VISrl,41
564.0,10.544932,-0.6288743,6.825182,VISrl,41
565.0,9.872822,-0.45834038,6.624484,VISrl,41
566.0,10.172989,-0.5378526,6.247561,VISrl,41
567.0,10.121553,-0.7732027,6.4112115,VISrl,41
568.0,11.177726,-1.9753492,8.837525,VISrl,41
569.0,10.293453,-0.40670994,6.1800466,VISrl,41
570.0,10.230203,-0.6248934,6.489567,VISrl,41
571.0,10.831293,0.045943726,6.291192,VISrl,41
572.0,10.286093,-0.4878524,6.2416196,VISrl,41
573.0,10.58177,-0.34507555,6.2427907,VISrl,41
574.0,10.174496,-0.7882434,6.354219,VISrl,41
575.0,9.47472,-1.3148944,7.5109377,VISrl,41
576.0,10.099051,-0.69609296,6.278896,VISrl,41
577.0,10.675306,-0.5888857,6.560097,VISrl,41
578.0,11.163274,-1.9363695,8.842938,VISrl,41
579.0,10.195015,-0.52526456,6.267565,VISrl,41
580.0,10.203349,-0.5748581,6.9344935,VISrl,41
581.0,10.261373,-0.6939388,7.2811155,VISrl,41
582.0,10.545541,0.40451548,6.846521,VISrl,41
583.0,11.4229355,-1.9154034,9.053563,VISrl,41
584.0,10.427229,-0.53580743,7.1402545,VISrl,41
585.0,10.237673,-0.8691882,7.405797,VISrl,41
586.0,10.059813,-1.428703,7.1535187,VISrl,41
587.0,10.52794,-0.46289918,8.268695,VISrl,41
588.0,10.004528,-0.89092594,6.657194,VISrl,41
589.0,10.024384,-1.0177228,6.747039,VISrl,41
590.0,9.671075,-1.354037,7.86258,VISrl,41
591.0,9.5696535,-1.4366637,7.4173927,VISrl,41
592.0,10.142481,-0.69765675,6.560421,VISrl,41
593.0,9.830831,-0.016092528,6.64778,VISrl,41
594.0,10.995253,-1.8885024,8.675625,VISrl,41
595.0,10.055202,-0.41060543,7.252039,VISrl,41
596.0,9.5261965,-1.1093831,8.291269,VISrl,41
597.0,10.013865,-0.03907809,6.5591507,VISrl,41
598.0,9.182566,-0.9721235,7.505223,VISrl,41
599.0,9.765684,-0.619313,8.528161,VISrl,41
600.0,11.004804,-1.8978544,8.632998,VISrl,41
601.0,10.690696,-0.23893549,6.8736424,VISrl,41
602.0,10.222212,-1.1316876,7.276987,VISrl,41
603.0,9.233887,-1.0664032,7.692483,VISrl,41
604.0,11.035208,-0.27537265,6.815461,VISrl,41
605.0,9.631606,-1.2042636,7.7577634,VISrl,41
606.0,11.117196,-1.9217747,8.830422,VISrl,41
607.0,11.070244,-0.08100586,6.7461305,VISrl,41
608.0,9.573536,-0.56643087,8.460874,VISrl,41
609.0,9.348653,-1.0252396,7.4579787,VISrl,41
610.0,9.69446,-0.82160676,8.396693,VISrl,41
611.0,9.504545,-1.2768142,7.4934936,VISrl,41
612.0,9.93688,-1.3721117,7.375112,VISrl,41
613.0,9.96856,-1.2496349,7.40183,VISrl,41
614.0,9.422447,-1.3861061,7.2794847,VISrl,41
615.0,9.768004,-1.1800772,7.340039,VISrl,41
616.0,10.254408,-1.4165184,7.7120705,VISrl,41
617.0,10.509283,-1.2426345,7.4637737,VISrl,41
618.0,11.480134,-1.9992502,8.967069,VISrl,41
619.0,10.281192,-1.3395047,7.167404,VISrl,41
620.0,10.10437,-0.7986765,6.5040917,VISrl,41
621.0,9.593593,-1.2508805,7.6924434,VISrl,41
622.0,10.191785,-1.4467446,7.146228,VISrl,41
623.0,11.008238,-1.0259428,7.1866813,VISrl,41
624.0,10.3908615,-0.25482607,7.286765,VISrl,41
625.0,10.518807,-1.11769,7.375358,VISrl,41
626.0,9.592153,-0.6897743,7.0130024,VISrl,41
627.0,9.983713,-1.5841844,7.6522803,VISrl,41
628.0,9.887393,-1.0775931,7.9507146,VISrl,41
629.0,11.1480255,-0.96055835,7.201657,VISrl,41
630.0,10.3294735,-1.1142281,7.528055,VISrl,41
631.0,9.890513,-1.4702607,7.5135775,VISrl,41
632.0,9.402685,-1.1508662,8.263214,VISrl,41
633.0,9.479815,-0.4906412,7.751967,VISrl,41
634.0,10.395149,-0.37553635,7.450903,VISrl,41
635.0,10.421758,-0.07437645,7.0305696,VISrl,41
636.0,10.4487915,-1.1788187,7.8580885,VISrl,41
637.0,10.37648,-1.4639891,7.247078,VISrl,41
638.0,9.978298,-0.90507156,7.9870157,VISrl,41
639.0,9.585568,-0.500695,6.7630944,VISrl,41
640.0,9.741553,-0.40124315,8.494685,VISrl,41
641.0,9.161924,-1.0146837,7.655902,VISrl,41
642.0,10.477658,-1.2392322,7.319966,VISrl,41
643.0,10.153677,-1.4753432,7.620639,VISrl,41
644.0,10.970813,-1.0978371,7.5727983,VISrl,41
645.0,9.787886,-1.3690389,7.757011,VISrl,41
646.0,9.458693,-1.2619823,8.139081,VISrl,41
647.0,9.7461815,-1.3807522,7.798426,VISrl,41
648.0,10.107436,-1.5337154,7.504196,VISrl,41
649.0,10.259308,-0.47531328,7.256506,VISrl,41
650.0,9.530275,-0.7756769,7.7740107,VISrl,41
651.0,9.850212,-1.4020873,7.672585,VISrl,41
652.0,10.086267,-1.2745973,7.5622115,VISrl,41
653.0,9.656173,-0.77129513,6.8341537,VISrl,41
654.0,10.544991,-0.05563631,7.207586,VISrl,41
655.0,9.583278,-0.65326166,7.3808975,VISrl,41
656.0,9.622307,-1.5207015,7.4249916,VISrl,41
657.0,11.280737,-0.51297116,7.9576106,VISrl,41
658.0,10.227569,-1.4309771,7.768493,VISrl,41
659.0,10.358909,-0.4095928,7.040457,VISrl,41
660.0,9.721189,-0.6222399,7.224899,VISrl,41
661.0,9.73407,0.055936158,7.444436,VISrl,41
662.0,9.547855,-0.867897,8.183667,VISrl,41
663.0,12.142474,-0.5247815,9.216679,VISrl,41
664.0,11.690879,-1.7310306,9.321561,VISrl,41
665.0,9.6943865,-0.7262199,7.7139196,VISrl,41
666.0,10.941352,0.4901943,6.532554,VISrl,41
667.0,10.27722,0.34335646,7.532723,VISrl,41
668.0,11.055372,-0.8442021,7.8446918,VISrl,41
669.0,10.726468,-1.095365,8.137633,VISrl,41
670.0,10.213885,0.000101752186,7.80779,VISrl,41
671.0,9.695547,0.0187898,6.753643,VISrl,41
672.0,10.022419,-0.90195197,8.037311,VISrl,41
673.0,10.304353,-1.0670403,7.670682,VISrl,41
674.0,9.680681,-0.50009936,8.626071,VISrl,41
675.0,9.44247,-0.3688718,8.101981,VISrl,41
676.0,10.282708,-0.6809093,7.3635693,VISrl,41
677.0,10.956348,-0.8330115,8.100541,VISrl,41
678.0,9.899431,-0.060496207,7.346288,VISrl,41
679.0,9.715054,-0.5504868,6.796633,VISrl,41
680.0,9.995366,-0.40258092,7.5479703,VISrl,41
681.0,10.461086,-0.78320694,8.130065,VISrl,41
682.0,10.286988,-0.8361333,7.6014442,VISrl,41
683.0,10.570154,-0.18403332,7.3640747,VISrl,41
684.0,9.767648,-0.38068154,8.92161,VISrl,41
685.0,9.413701,-1.1384447,8.15192,VISrl,41
686.0,10.427685,-0.74222034,7.4377522,VISrl,41
687.0,10.702931,-0.5202342,7.4671874,VISrl,41
688.0,10.01445,-0.44300178,8.033244,VISrl,41
689.0,10.262625,-0.17132486,7.2179484,VISrl,41
690.0,9.416083,-1.0629427,8.381909,VISrl,41
691.0,9.879067,-0.90728176,8.04907,VISrl,41
692.0,10.0706625,-0.3082565,8.192218,VISrl,41
693.0,11.114651,-0.5755043,7.657273,VISrl,41
694.0,9.517491,-0.6817035,7.9378424,VISrl,41
695.0,9.779423,-0.46012607,7.281945,VISrl,41
696.0,9.96338,0.34699252,7.212259,VISrl,41
697.0,11.095999,-0.8764935,7.2424893,VISrl,41
698.0,11.454375,-1.894956,8.941272,VISrl,41
699.0,9.885265,-1.2976599,7.502729,VISrl,41
700.0,9.955104,-0.7267283,8.066091,VISrl,41
701.0,10.236992,-0.43908793,8.062769,VISrl,41
702.0,10.473159,0.28869826,6.8319273,VISrl,41
703.0,10.454919,-0.34506914,8.1330805,VISrl,41
704.0,11.25146,-1.9951138,8.927807,VISrl,41
705.0,9.726113,-0.7409623,6.8497305,VISrl,41
706.0,11.21376,-0.81095195,7.3142896,VISrl,41
707.0,10.444892,0.4511553,6.944461,VISrl,41
708.0,10.151509,-1.0761418,7.3241024,VISrl,41
709.0,10.149297,0.5048107,8.569074,VISrl,41
710.0,9.452969,-0.7897284,7.8620887,VISrl,41
711.0,9.436225,0.17093529,8.147398,VISrl,41
712.0,9.51679,-0.7437152,7.7277045,VISrl,41
713.0,11.508823,0.22856474,6.733815,VISrl,41
714.0,10.884794,-0.36413684,8.304625,VISrl,41
715.0,9.630083,-0.5031856,6.831826,VISrl,41
716.0,9.582572,-1.0643822,8.286628,VISrl,41
717.0,11.449883,-0.4356141,7.9850483,VISrl,41
718.0,10.164543,0.4032024,8.544435,VISrl,41
719.0,10.524483,1.1368843,7.9382253,VISrl,41
720.0,10.844822,-0.45094103,8.785061,VISrl,41
721.0,11.099646,-1.2411729,8.387909,VISrl,41
722.0,10.3345785,-0.7847043,8.101597,VISrl,41
723.0,9.472057,-0.96925294,8.392974,VISrl,41
724.0,9.458016,0.79982436,8.297323,VISrl,41
725.0,10.991196,-0.47192138,8.254751,VISrl,41
726.0,10.336444,0.311297,7.9725547,VISrl,41
727.0,10.268003,0.73629314,9.094887,VISrl,41
728.0,9.2799015,0.10044595,8.573138,VISrl,41
729.0,10.867192,-0.2782569,9.145648,VISrl,41
730.0,10.133865,0.82343227,9.234151,VISrl,41
731.0,10.586384,-0.24763833,8.3505535,VISrl,41
732.0,9.522234,0.36984473,8.797798,VISrl,41
733.0,9.461569,-1.0050888,8.406815,VISrl,41
734.0,10.118482,0.85516864,9.224032,VISrl,41
735.0,9.933357,0.9010874,8.898744,VISrl,41
736.0,9.63621,0.62268347,8.711924,VISrl,41
737.0,10.110743,0.6160786,8.651664,VISrl,41
738.0,9.518516,-0.110752694,8.427257,VISrl,41
739.0,9.990427,0.8546963,8.926256,VISrl,41
740.0,9.391314,-0.108668305,8.889308,VISrl,41
741.0,10.219183,1.0221685,8.746881,VISrl,41
742.0,10.32762,0.9164994,8.535635,VISrl,41
743.0,9.745661,0.4398731,8.1500435,VISrl,41
744.0,9.975763,-0.018172426,7.6721735,VISrl,41
745.0,9.26868,0.5840635,8.67849,VISrl,41
746.0,9.624073,0.7144574,7.983442,VISrl,41
747.0,9.457755,0.29844913,8.922287,VISrl,41
748.0,10.123906,0.98495555,8.900171,VISrl,41
749.0,9.616866,0.67276555,8.269809,VISrl,41
750.0,10.228145,0.52105045,8.560087,VISrl,41
751.0,9.956808,0.8484345,8.13322,VISrl,41
752.0,9.478717,0.44571817,8.718165,VISrl,41
753.0,9.450499,-0.01126244,8.965046,VISrl,41
754.0,9.699016,0.7109728,8.4511595,VISrl,41
755.0,10.371238,1.1191641,8.780501,VISrl,41
756.0,9.827505,0.88374764,8.549211,VISrl,41
757.0,10.467829,0.5389485,7.8906255,VISrl,41
758.0,9.492927,-0.17648707,8.989544,VISrl,41
759.0,9.858832,1.0307113,8.303211,VISrl,41
760.0,10.059125,0.93458384,8.217466,VISrl,41
761.0,10.063336,0.5083724,8.848912,VISrl,41
762.0,9.754252,0.72379,8.14331,VISrl,41
763.0,9.379969,0.036823668,8.204879,VISrl,41
764.0,9.918917,0.5044363,8.133835,VISrl,41
765.0,9.535616,0.87520057,8.314866,VISrl,41
766.0,9.633949,-0.11559824,9.035564,VISrl,41
767.0,10.39775,1.0998974,8.767915,VISrl,41
768.0,9.906813,0.9582884,8.777694,VISrl,41
769.0,9.943824,0.93535435,9.081061,VISrl,41
770.0,10.028594,0.7781226,8.469677,VISrl,41
771.0,9.65126,0.45933038,8.535926,VISrl,41
772.0,9.469414,0.31678125,8.796589,VISrl,41
773.0,9.950994,0.8878204,9.056077,VISrl,41
774.0,9.609429,-0.4235588,8.078682,VISrl,41
775.0,11.272913,1.0343728,9.473482,VISrl,41
776.0,9.753403,1.0300536,9.039023,VISrl,41
777.0,9.954427,0.96920305,8.479705,VISrl,41
778.0,10.543671,0.86865485,9.290914,VISrl,41
779.0,11.517919,-1.9470538,8.878499,VISrl,41
780.0,9.698468,0.9414836,8.924501,VISrl,41
781.0,10.246112,0.92619085,8.252811,VISrl,41
782.0,10.236726,1.0460484,8.88213,VISrl,41
783.0,10.347451,0.41871747,8.907594,VISrl,41
784.0,10.4207325,0.85445315,8.588413,VISrl,41
785.0,10.181686,0.5427198,8.818187,VISrl,41
786.0,10.102692,1.2143747,8.472664,VISrl,41
787.0,9.901574,0.8264142,8.380049,VISrl,41
788.0,10.312417,0.77917314,8.158652,VISrl,41
789.0,10.0110855,0.9570886,9.019178,VISrl,41
790.0,10.541354,1.1866314,8.553027,VISrl,41
791.0,10.454165,0.8042801,8.7136135,VISrl,41
792.0,10.398183,0.7164565,9.35978,VISrl,41
793.0,10.47562,1.1055634,8.032841,VISrl,41
794.0,9.72555,-0.23758808,8.979836,VISrl,41
795.0,10.759478,0.4678144,9.182887,VISrl,41
796.0,11.268584,-1.5781733,8.826059,VISrl,41
797.0,10.198567,1.1963167,8.449591,VISrl,41
798.0,11.4092045,-1.6814146,8.965952,VISrl,41
799.0,10.635505,0.8135506,9.294255,VISrl,41
800.0,10.610077,0.47213656,9.464207,VISrl,41
801.0,10.276083,-0.14154501,8.46886,VISrl,41
802.0,11.389954,0.8759963,9.792066,VISrl,41
803.0,10.624746,0.6684643,9.391136,VISrl,41
804.0,11.187251,0.9001904,9.564137,VISrl,41
805.0,11.336688,0.8486508,9.862777,VISrl,41
806.0,11.15736,0.77568305,9.825233,VISrl,41
807.0,11.87933,0.85566765,9.7685175,VISrl,41
808.0,10.889667,0.80657643,9.569457,VISrl,41
809.0,11.36079,0.7944241,9.758559,VISrl,41
810.0,11.541267,0.86594754,9.669008,VISrl,41
811.0,11.275535,0.7015373,9.468891,VISrl,41
812.0,11.087161,0.8245601,9.499372,VISrl,41
813.0,11.486881,0.72200453,9.673073,VISrl,41
814.0,11.819057,0.6579591,9.895013,VISrl,41
815.0,11.342595,0.6393872,9.594028,VISrl,41
816.0,11.221794,0.8677657,9.762182,VISrl,41
817.0,11.105582,0.8470512,9.712239,VISrl,41
818.0,11.652082,0.7313562,9.783693,VISrl,41
819.0,11.642505,0.78911585,9.60445,VISrl,41
820.0,11.73532,0.66932297,9.579426,VISrl,41
821.0,11.853007,0.73914367,9.72468,VISrl,41
822.0,11.641629,0.85370713,9.620986,VISrl,41
823.0,11.904208,0.6798714,9.748351,VISrl,41
824.0,11.801416,0.8549164,9.795111,VISrl,41
825.0,11.733456,0.8396636,9.71933,VISrl,41
826.0,11.843254,0.6207642,9.958519,VISrl,41
827.0,11.964952,0.6560087,9.865503,VISrl,41
828.0,11.654362,0.9857655,9.677098,VISrl,41
829.0,11.9844675,0.6323543,9.854229,VISrl,41
830.0,12.380327,0.44066876,9.880751,VISrl,41
831.0,11.892138,0.73609984,9.832697,VISrl,41
832.0,11.928537,0.803287,9.706607,VISrl,41
833.0,12.269307,0.42043504,10.045,VISrl,41
834.0,12.10965,0.70225555,9.817606,VISrl,41
835.0,13.217637,0.9949998,9.83388,VISrl,41
836.0,12.140129,0.5265236,9.985949,VISrl,41
837.0,12.608851,0.5733514,10.074439,VISrl,41
838.0,12.013691,0.71943974,6.897677,VISrl,41
839.0,12.959744,0.115955435,10.112841,VISrl,41
840.0,13.360841,1.3125432,9.922187,VISrl,41
841.0,13.182631,1.1220008,9.94378,VISrl,41
842.0,11.9070015,0.5805868,9.279457,VISrl,41
843.0,13.529266,1.3064688,9.9495325,VISrl,41
844.0,11.652061,-1.7530074,9.040652,VISrl,41
845.0,11.080118,0.46309268,8.628421,VISrl,41
846.0,13.591516,1.4727418,10.136582,VISrl,41
847.0,13.581195,1.3447136,9.935741,VISrl,41
848.0,13.61856,1.5126287,10.201767,VISrl,41
849.0,13.548756,1.391606,10.031539,VISrl,41
850.0,11.5615425,-1.834605,8.985482,VISrl,41
851.0,13.769739,1.5792373,10.223201,VISrl,41
852.0,13.7570715,1.483067,10.058229,VISrl,41
853.0,13.659051,1.5053228,10.16341,VISrl,41
854.0,13.769088,1.5086857,10.114473,VISrl,41
855.0,13.759818,1.5858257,10.274841,VISrl,41
856.0,13.799174,1.6339829,10.172025,VISrl,41
857.0,13.698537,1.5585228,10.211869,VISrl,41
858.0,13.747345,1.6101018,10.188272,VISrl,41
859.0,13.750774,1.6125203,10.234343,VISrl,41
860.0,13.791848,1.6388129,10.282709,VISrl,41
861.0,13.732074,1.7024356,10.230558,VISrl,41
862.0,13.680034,1.6282947,10.267208,VISrl,41
863.0,13.758115,1.6198903,10.231105,VISrl,41
864.0,13.958411,1.4701519,9.429887,VISrl,41
865.0,13.942861,1.385066,9.398298,VISrl,41
866.0,13.94703,1.4609629,9.275357,VISrl,41
867.0,13.899535,1.3833405,9.356421,VISrl,41
868.0,13.798989,1.4363135,9.229565,VISrl,41
869.0,14.003901,1.5148306,9.278002,VISrl,41
870.0,14.106358,1.4433244,9.239455,VISrl,41
871.0,13.935879,1.5147492,9.177852,VISrl,41
872.0,14.095453,1.6254168,9.043321,VISrl,41
873.0,13.997584,1.5451082,9.152368,VISrl,41
874.0,14.103389,1.7020055,8.8898325,VISrl,41
875.0,14.077247,1.649147,9.00494,VISrl,41
876.0,14.097104,1.6671145,9.004447,VISrl,41
877.0,14.089777,1.6373028,9.017577,VISrl,41
878.0,14.046566,1.6687372,8.909832,VISrl,41
879.0,13.980331,1.6394494,8.8256,VISrl,41
880.0,14.035875,1.6606182,8.906011,VISrl,41
881.0,14.02354,1.6916783,8.826336,VISrl,41
882.0,14.070273,1.5919139,8.953971,VISrl,41
883.0,14.009655,1.6275556,8.840343,VISrl,41
884.0,13.625561,1.5258405,8.442478,VISrl,41
885.0,13.843452,1.5772934,8.605393,VISrl,41
886.0,12.21287,0.9540119,7.048652,VISrl,41
887.0,13.840779,1.6250423,8.589527,VISrl,41
888.0,13.825478,1.5601875,8.632729,VISrl,41
889.0,13.498395,1.4489759,8.321917,VISrl,41
890.0,13.706884,1.425859,8.522093,VISrl,41
891.0,13.728149,1.4751331,8.565148,VISrl,41
892.0,12.274898,0.89977247,7.1433067,VISrl,41
893.0,13.599354,1.4789138,8.505337,VISrl,41
894.0,13.766552,1.5337253,8.558786,VISrl,41
895.0,13.712326,1.4678721,8.501324,VISrl,41
896.0,13.764674,1.4704647,8.587171,VISrl,41
897.0,13.76914,1.5417166,8.516339,VISrl,41
898.0,13.838179,1.5587503,8.682455,VISrl,41
899.0,13.742086,1.3310553,8.8041315,VISrl,41
0.0,5.163439,10.882367,3.4298115,VPM,55
1.0,4.8927956,10.866086,5.7347584,VPM,55
2.0,4.4537306,12.019446,4.50342,VPM,55
3.0,5.7368436,11.663303,4.4954796,VPM,55
4.0,4.726676,10.263151,3.204192,VPM,55
5.0,6.2982793,11.740519,4.4506397,VPM,55
6.0,3.8672159,10.549601,5.597269,VPM,55
7.0,6.527716,11.327333,4.6990685,VPM,55
8.0,4.9794226,11.997971,5.330091,VPM,55
9.0,3.8021822,9.925822,4.517362,VPM,55
10.0,5.5692873,10.784714,4.2580795,VPM,55
11.0,4.746484,11.468471,3.4921117,VPM,55
12.0,5.084491,10.044039,3.3602705,VPM,55
13.0,5.4493437,9.933931,3.305638,VPM,55
14.0,4.8384304,10.663085,2.9864244,VPM,55
15.0,4.415708,10.567926,3.2317402,VPM,55
16.0,4.5678864,11.694183,4.8980284,VPM,55
17.0,4.0851326,10.092536,5.2272987,VPM,55
18.0,4.3411593,10.364731,5.280492,VPM,55
19.0,4.8512473,11.918318,3.465083,VPM,55
20.0,4.7132564,11.860661,3.4232693,VPM,55
21.0,4.810409,11.814043,3.4702277,VPM,55
22.0,5.524238,10.781104,5.526201,VPM,55
23.0,4.393478,11.652541,5.135981,VPM,55
24.0,4.6294527,11.7142515,5.0813484,VPM,55
25.0,3.982225,9.94278,5.2923007,VPM,55
26.0,4.239935,9.550776,5.3086824,VPM,55
27.0,6.6019964,10.815571,4.597592,VPM,55
28.0,4.770041,11.455311,5.14676,VPM,55
29.0,4.222682,9.834578,5.7026734,VPM,55
30.0,4.230908,9.715542,5.4721212,VPM,55
31.0,6.3781633,10.459846,3.5529397,VPM,55
32.0,6.0210495,10.029761,3.9986498,VPM,55
33.0,5.633453,10.069432,2.9441135,VPM,55
34.0,5.032714,10.908214,2.6662796,VPM,55
35.0,4.903856,11.54338,5.5135903,VPM,55
36.0,6.3753686,10.674976,5.4895945,VPM,55
37.0,5.640175,9.792822,3.5370224,VPM,55
38.0,4.547584,8.950813,4.502119,VPM,55
39.0,3.9264743,10.277804,3.1485555,VPM,55
40.0,4.361868,10.349719,5.5210743,VPM,55
41.0,6.0811076,10.276684,5.2070026,VPM,55
42.0,6.0824885,10.468666,5.2879605,VPM,55
43.0,5.9247084,10.10606,3.404995,VPM,55
44.0,5.2398705,11.831326,4.8412676,VPM,55
45.0,4.1761184,11.68111,3.725032,VPM,55
46.0,4.2985797,10.76122,4.9297433,VPM,55
47.0,4.1735983,11.401562,3.980441,VPM,55
48.0,5.112535,10.699621,3.7941074,VPM,55
49.0,5.1637826,9.67318,5.9133983,VPM,55
50.0,5.109417,9.810131,4.506043,VPM,55
51.0,5.1112943,10.950893,3.5987608,VPM,55
52.0,6.858621,10.946312,5.5938315,VPM,55
53.0,3.8218625,9.995866,5.2925644,VPM,55
54.0,5.9161096,10.4187355,5.7133336,VPM,55
55.0,5.1821265,11.577803,4.491885,VPM,55
56.0,4.9362516,11.808391,5.0793347,VPM,55
57.0,5.0338583,11.478317,5.9755917,VPM,55
58.0,4.916495,11.92784,5.213457,VPM,55
59.0,5.601927,9.147371,5.1507964,VPM,55
60.0,4.6448817,9.647249,4.3270626,VPM,55
61.0,4.153813,9.730922,4.312457,VPM,55
62.0,4.421623,11.8155985,4.7588625,VPM,55
63.0,5.189647,11.263288,4.9309697,VPM,55
64.0,5.9973383,11.140147,3.139399,VPM,55
65.0,5.84784,11.810226,4.7031293,VPM,55
66.0,6.007946,11.135525,3.3165104,VPM,55
67.0,6.086528,11.065265,3.3398416,VPM,55
68.0,5.9571323,10.733725,2.8605828,VPM,55
69.0,4.6472974,10.962765,5.963946,VPM,55
70.0,4.964404,9.766294,5.5520115,VPM,55
71.0,3.8971076,11.303031,3.8206954,VPM,55
72.0,4.1949334,10.85461,3.7512016,VPM,55
73.0,4.3033605,10.783211,2.9858503,VPM,55
74.0,5.667185,9.177752,5.4015102,VPM,55
75.0,4.122228,11.166342,3.4268641,VPM,55
76.0,3.7240717,11.603816,4.249858,VPM,55
77.0,6.006446,11.720919,5.118696,VPM,55
78.0,6.8628087,10.926114,5.554109,VPM,55
79.0,5.6703496,10.015628,5.322347,VPM,55
80.0,6.4816136,11.745738,3.601738,VPM,55
81.0,6.3831096,11.777624,3.6417625,VPM,55
82.0,5.9959936,11.953186,3.8457,VPM,55
83.0,5.718893,12.28414,3.8091145,VPM,55
84.0,4.06094,9.6080885,4.4220133,VPM,55
85.0,4.6423383,10.683164,3.1346865,VPM,55
86.0,6.0008974,9.216374,5.1610312,VPM,55
87.0,4.6921434,10.546396,5.5741644,VPM,55
88.0,4.606755,10.6833725,5.6303544,VPM,55
89.0,5.9064574,8.894041,3.7453465,VPM,55
90.0,4.5953,11.527585,5.589012,VPM,55
91.0,4.308898,11.736629,5.4108367,VPM,55
92.0,6.0976343,10.505989,4.1709805,VPM,55
93.0,5.987482,11.633834,4.8078823,VPM,55
94.0,5.18745,11.097787,5.539755,VPM,55
95.0,5.124514,11.353918,2.9848015,VPM,55
96.0,3.7302086,11.52973,4.1407332,VPM,55
97.0,4.7991004,9.196876,3.7911437,VPM,55
98.0,6.3291063,11.77889,3.542114,VPM,55
99.0,4.535259,8.9490385,4.488833,VPM,55
100.0,5.044596,10.069602,3.378809,VPM,55
101.0,4.816988,11.060011,6.061972,VPM,55
102.0,5.077692,8.796258,4.9660416,VPM,55
103.0,3.6550608,10.624566,5.1701126,VPM,55
104.0,5.6901007,9.661707,5.056175,VPM,55
105.0,3.9327483,11.123529,3.6482298,VPM,55
106.0,5.2475495,9.647464,4.1819706,VPM,55
107.0,3.9429674,9.928494,4.44658,VPM,55
108.0,5.2078276,10.752387,3.5285673,VPM,55
109.0,3.5504174,10.963544,3.7530963,VPM,55
110.0,6.4518704,11.029448,5.8950253,VPM,55
111.0,4.427311,11.105115,5.504498,VPM,55
112.0,4.1875486,10.279817,5.8627534,VPM,55
113.0,3.8274937,11.102833,4.355335,VPM,55
114.0,6.257535,11.548964,3.9826527,VPM,55
115.0,6.2487783,11.27196,5.2510157,VPM,55
116.0,4.3812613,11.562975,5.394198,VPM,55
117.0,3.7210264,10.876478,4.5593147,VPM,55
118.0,4.6646085,10.45827,3.6814506,VPM,55
119.0,5.95914,10.2856655,5.0751734,VPM,55
120.0,5.914244,11.009115,5.640236,VPM,55
121.0,5.646711,11.191813,4.4186077,VPM,55
122.0,5.7521315,10.009222,5.0815554,VPM,55
123.0,6.3604326,9.668543,4.4751034,VPM,55
124.0,4.237649,9.510608,5.463808,VPM,55
125.0,4.48313,9.362553,5.4107633,VPM,55
126.0,3.7783437,10.502904,4.754699,VPM,55
127.0,5.722013,10.026646,3.1399224,VPM,55
128.0,4.434575,9.247739,4.3773646,VPM,55
129.0,4.323218,9.364011,4.328783,VPM,55
130.0,3.8829806,11.187131,4.098477,VPM,55
131.0,5.448087,10.900359,5.094027,VPM,55
132.0,6.260688,10.658156,3.8428564,VPM,55
133.0,5.5492473,12.149227,4.879735,VPM,55
134.0,3.9756107,11.59053,4.024493,VPM,55
135.0,4.494127,10.85524,4.483181,VPM,55
136.0,5.625977,12.238195,3.9158165,VPM,55
137.0,4.4932656,9.672792,4.1540556,VPM,55
138.0,6.4736276,11.594498,4.3481174,VPM,55
139.0,5.026091,10.897005,5.71284,VPM,55
140.0,5.3799014,11.161561,6.129105,VPM,55
141.0,4.821453,9.512342,3.2831094,VPM,55
142.0,6.075519,11.405309,3.262928,VPM,55
143.0,5.5933537,10.211729,3.599893,VPM,55
144.0,5.9587636,10.658221,2.710891,VPM,55
145.0,3.698118,10.737875,5.2481728,VPM,55
146.0,6.205101,9.754028,3.8926227,VPM,55
147.0,5.960928,9.647395,5.066706,VPM,55
148.0,5.399971,9.613998,5.880885,VPM,55
149.0,6.3570075,9.2716675,5.181099,VPM,55
150.0,5.580917,10.339218,4.8764477,VPM,55
151.0,6.3424983,9.174335,4.9350367,VPM,55
152.0,5.4475136,9.268657,4.6058593,VPM,55
153.0,5.6749225,10.20504,4.5545316,VPM,55
154.0,4.7703967,10.213929,2.7961526,VPM,55
155.0,5.0290093,10.394186,2.7482417,VPM,55
156.0,4.6106706,10.066868,2.9094245,VPM,55
157.0,4.9290385,11.95034,5.085182,VPM,55
158.0,5.523492,11.476467,3.3029237,VPM,55
159.0,5.411353,9.260988,3.600352,VPM,55
160.0,4.862873,11.184402,5.6136713,VPM,55
161.0,4.956142,11.152795,2.842362,VPM,55
162.0,3.9522548,9.695215,4.55398,VPM,55
163.0,4.4957013,11.895129,5.3020835,VPM,55
164.0,3.7260237,10.712133,4.632578,VPM,55
165.0,5.499918,10.073301,2.8508859,VPM,55
166.0,5.022901,9.735207,2.973782,VPM,55
167.0,5.346406,10.87964,6.1704264,VPM,55
168.0,3.7218606,11.583942,4.515929,VPM,55
169.0,6.521058,11.542429,5.281904,VPM,55
170.0,6.2875204,11.040084,5.839909,VPM,55
171.0,5.394641,11.215999,4.4408727,VPM,55
172.0,5.9638543,11.293001,4.9956064,VPM,55
173.0,6.117686,11.512178,4.6104035,VPM,55
174.0,5.6465697,11.297951,5.2973676,VPM,55
175.0,6.744855,9.815119,4.696009,VPM,55
176.0,5.2353415,11.139962,5.646765,VPM,55
177.0,3.8091958,11.266751,4.6734014,VPM,55
178.0,4.791755,10.657446,5.902868,VPM,55
179.0,4.884636,11.076872,6.107076,VPM,55
180.0,4.923325,11.178713,6.0593724,VPM,55
181.0,5.4112573,10.765875,4.2075768,VPM,55
182.0,4.751046,11.314898,5.830485,VPM,55
183.0,5.178578,10.52014,5.021857,VPM,55
184.0,4.376767,11.932844,4.685985,VPM,55
185.0,5.285367,10.030979,5.628709,VPM,55
186.0,4.4857945,11.1766405,5.056755,VPM,55
187.0,3.856386,10.840534,4.9408913,VPM,55
188.0,6.4696827,9.4798975,5.2566543,VPM,55
189.0,5.609567,11.420315,5.7314653,VPM,55
190.0,4.1650176,11.662078,4.2932467,VPM,55
191.0,4.3048487,9.508363,3.9143145,VPM,55
192.0,5.6935735,10.076551,5.293605,VPM,55
193.0,4.7047076,11.615945,3.8041995,VPM,55
194.0,4.75071,9.219751,5.6214128,VPM,55
195.0,4.260938,9.429215,4.457422,VPM,55
196.0,6.015189,9.123983,4.471355,VPM,55
197.0,6.2283998,9.1109,4.720541,VPM,55
198.0,4.5201874,12.105344,4.521101,VPM,55
199.0,4.992223,11.111595,6.1231036,VPM,55
200.0,4.1365457,11.617864,4.7734203,VPM,55
201.0,4.670183,9.099145,4.91522,VPM,55
202.0,4.599726,9.704668,3.0980525,VPM,55
203.0,5.1603913,9.07479,5.1147647,VPM,55
204.0,4.0296516,11.282133,4.7684984,VPM,55
205.0,3.7192414,10.245173,5.2173257,VPM,55
206.0,4.7220273,12.231376,4.401354,VPM,55
207.0,5.430041,10.091494,4.142512,VPM,55
208.0,5.4985595,8.694353,4.4611015,VPM,55
209.0,5.9335,9.049652,3.7670178,VPM,55
210.0,6.211028,9.200673,4.3417273,VPM,55
211.0,3.7921839,11.807877,4.554106,VPM,55
212.0,6.7798347,10.0128,4.9993176,VPM,55
213.0,5.462698,9.805562,2.8691182,VPM,55
214.0,5.3562207,10.196023,5.806605,VPM,55
215.0,5.411881,10.09449,5.846494,VPM,55
216.0,3.9581392,9.9896755,4.7147174,VPM,55
217.0,4.964491,9.518221,3.2794845,VPM,55
218.0,5.2423697,9.616486,3.4098034,VPM,55
219.0,5.2000136,9.796848,3.041036,VPM,55
220.0,6.515681,10.07913,5.786544,VPM,55
221.0,6.525402,10.183411,5.750191,VPM,55
222.0,5.539106,12.273291,4.1464853,VPM,55
223.0,4.5667906,10.985856,5.847354,VPM,55
224.0,5.906877,9.592543,4.4827023,VPM,55
225.0,4.4789815,10.175567,4.1582522,VPM,55
226.0,5.503189,9.715241,4.288356,VPM,55
227.0,6.6599693,10.527314,4.620988,VPM,55
228.0,5.338367,9.7888155,3.0936575,VPM,55
229.0,5.7468204,9.382362,4.604747,VPM,55
230.0,4.0118637,9.878213,3.8078427,VPM,55
231.0,4.285097,9.604165,3.8765028,VPM,55
232.0,6.306189,10.928246,4.5565567,VPM,55
233.0,5.691041,10.287278,6.002062,VPM,55
234.0,6.102427,9.275574,4.096345,VPM,55
235.0,5.248876,8.966328,4.356116,VPM,55
236.0,5.8552155,9.770873,5.6372905,VPM,55
237.0,6.4398165,10.303853,4.854206,VPM,55
238.0,5.720583,10.810049,3.433256,VPM,55
239.0,4.805686,10.124945,3.4901288,VPM,55
240.0,5.3937697,8.76937,4.8274045,VPM,55
241.0,5.9037294,9.478223,3.1942375,VPM,55
242.0,5.954785,9.833479,5.3447227,VPM,55
243.0,5.561129,9.4437065,4.113311,VPM,55
244.0,5.4031363,11.260797,4.0839744,VPM,55
245.0,6.031566,9.965158,5.468448,VPM,55
246.0,6.1537914,9.653296,4.383128,VPM,55
247.0,4.413016,10.804279,3.2617905,VPM,55
248.0,4.877165,11.022913,4.0160804,VPM,55
249.0,5.738102,10.571856,2.80208,VPM,55
250.0,4.5693555,9.678871,3.276694,VPM,55
251.0,5.122549,12.375211,4.24834,VPM,55
252.0,6.041672,10.14448,4.1133494,VPM,55
253.0,6.186729,10.1024065,4.536331,VPM,55
254.0,6.3768034,10.081117,4.7496104,VPM,55
255.0,5.7859144,11.366491,3.1586251,VPM,55
256.0,5.1909347,12.3110485,4.0192986,VPM,55
257.0,5.271748,11.340138,3.251418,VPM,55
258.0,5.545337,9.292727,5.3769617,VPM,55
259.0,6.0630345,10.07257,4.787062,VPM,55
260.0,5.8294816,10.254331,4.7416363,VPM,55
261.0,5.2128763,11.458929,4.547105,VPM,55
262.0,4.1362963,10.775744,5.301578,VPM,55
263.0,4.8670545,10.919094,4.34153,VPM,55
264.0,5.225025,9.034531,4.51328,VPM,55
265.0,5.152421,10.1291895,2.8667507,VPM,55
266.0,4.4134364,9.819134,3.7050714,VPM,55
267.0,5.777275,9.81074,5.3944583,VPM,55
268.0,4.7037663,10.181515,6.061916,VPM,55
269.0,6.5917344,11.572586,4.661733,VPM,55
270.0,6.1831884,10.666165,5.127291,VPM,55
271.0,5.638965,10.709823,4.4655385,VPM,55
272.0,4.980211,11.242703,5.502137,VPM,55
273.0,5.040545,10.109323,4.2250977,VPM,55
274.0,5.8979945,9.493073,4.1653113,VPM,55
275.0,5.430913,10.31774,5.168839,VPM,55
276.0,4.864038,10.339002,3.7520967,VPM,55
277.0,4.8515515,10.941117,3.1937113,VPM,55
278.0,3.9504704,10.827141,3.6284394,VPM,55
279.0,5.9484487,10.666277,2.720081,VPM,55
280.0,5.5502057,10.602255,4.728905,VPM,55
281.0,4.2694316,11.131101,3.4720075,VPM,55
282.0,4.6770015,10.524201,4.105286,VPM,55
283.0,4.228069,11.291847,4.1749115,VPM,55
284.0,4.3285728,11.223278,4.0355678,VPM,55
285.0,5.3263307,9.914783,5.367796,VPM,55
286.0,4.656479,10.179162,6.047658,VPM,55
287.0,6.1882887,11.312767,4.8098583,VPM,55
288.0,5.3776827,8.794996,4.2190723,VPM,55
289.0,4.5450625,9.873743,3.7746966,VPM,55
290.0,5.754869,9.1844015,5.4197497,VPM,55
291.0,5.253796,9.980165,5.0458336,VPM,55
292.0,5.36554,10.60703,3.075419,VPM,55
293.0,4.518623,8.891314,4.678742,VPM,55
294.0,4.1246877,9.706414,3.7289693,VPM,55
295.0,4.3267016,10.810014,3.2357054,VPM,55
296.0,5.44554,8.984543,3.9312162,VPM,55
297.0,5.5619416,8.900931,4.045557,VPM,55
298.0,4.2388363,11.142312,5.4904613,VPM,55
299.0,5.0000787,11.066936,3.6320047,VPM,55
300.0,4.5774646,11.231908,3.0059505,VPM,55
301.0,3.9860888,10.375273,3.0397072,VPM,55
302.0,4.2508097,10.152334,3.2326777,VPM,55
303.0,5.3069196,10.04305,3.7131286,VPM,55
304.0,5.3237004,9.2653265,3.951161,VPM,55
305.0,5.2096014,11.151303,5.0474524,VPM,55
306.0,6.298673,10.431032,4.967327,VPM,55
307.0,5.5992017,11.9337225,3.8040347,VPM,55
308.0,4.49712,10.1892185,3.640853,VPM,55
309.0,4.0868444,10.941855,3.8512852,VPM,55
310.0,5.3388314,11.882254,3.5611284,VPM,55
311.0,5.2370977,11.359771,5.5650578,VPM,55
312.0,5.0411277,10.919064,4.408919,VPM,55
313.0,4.2861595,9.777349,5.6412206,VPM,55
314.0,5.7992115,9.59678,3.8001359,VPM,55
315.0,4.7862334,9.179524,5.154416,VPM,55
316.0,5.012719,11.176747,5.4778905,VPM,55
317.0,4.546635,11.245903,4.713706,VPM,55
318.0,6.9964595,10.74754,5.4891887,VPM,55
319.0,5.511958,11.0181875,3.7144136,VPM,55
320.0,5.569782,10.826753,3.798563,VPM,55
321.0,5.5581646,10.814756,3.6452541,VPM,55
322.0,5.908673,10.28911,3.5798156,VPM,55
323.0,5.628767,10.091252,2.9684627,VPM,55
324.0,4.7970395,10.863234,3.2584095,VPM,55
325.0,5.2313905,9.443033,3.4912937,VPM,55
326.0,5.5632315,9.693126,2.886838,VPM,55
327.0,4.5855207,9.459129,3.9582455,VPM,55
328.0,4.725707,9.224458,3.8584032,VPM,55
329.0,4.303286,11.621782,3.9764297,VPM,55
330.0,6.5100136,9.632573,3.761038,VPM,55
331.0,4.2638545,9.487191,4.7028384,VPM,55
332.0,5.664889,8.983989,4.323082,VPM,55
333.0,6.0000744,9.365117,3.7957044,VPM,55
334.0,6.157155,9.216911,4.4471526,VPM,55
335.0,5.5978003,10.104802,3.4815085,VPM,55
336.0,6.5670605,11.401572,5.084085,VPM,55
337.0,5.8357906,8.937795,4.21926,VPM,55
338.0,5.7828536,9.021152,4.3577976,VPM,55
339.0,5.780814,10.872508,2.8331616,VPM,55
340.0,6.163599,10.909594,5.9674983,VPM,55
341.0,5.241311,10.200434,2.7975395,VPM,55
342.0,4.7630277,10.871235,2.7544947,VPM,55
343.0,5.8565736,9.277504,4.8392444,VPM,55
344.0,5.855704,9.094913,4.7502913,VPM,55
345.0,4.6920114,9.103653,4.622479,VPM,55
346.0,4.8868413,10.236838,5.831575,VPM,55
347.0,6.1222415,11.006998,5.7942333,VPM,55
348.0,4.6419706,10.227011,6.0528483,VPM,55
349.0,6.829935,10.720654,5.6445136,VPM,55
350.0,4.5345325,9.614138,4.470113,VPM,55
351.0,6.301932,10.609323,3.3457754,VPM,55
352.0,4.1940665,11.650913,4.8635483,VPM,55
353.0,5.0867534,9.003061,4.7406993,VPM,55
354.0,5.1358585,9.155312,4.554718,VPM,55
355.0,4.5109096,9.837302,4.561664,VPM,55
356.0,6.1576037,9.185093,4.4390883,VPM,55
357.0,5.2894907,9.072941,4.9294696,VPM,55
358.0,5.499561,10.104215,4.260724,VPM,55
359.0,6.6423073,11.038077,5.3541985,VPM,55
360.0,5.815388,11.81859,4.022638,VPM,55
361.0,4.4694314,10.966241,5.915076,VPM,55
362.0,3.7601554,10.48312,3.6736276,VPM,55
363.0,6.3217416,11.392611,3.3496172,VPM,55
364.0,6.0842533,11.406054,4.0585175,VPM,55
365.0,6.3287926,10.27498,4.0899158,VPM,55
366.0,6.5471582,9.877323,4.7606864,VPM,55
367.0,5.3060937,11.947419,5.707413,VPM,55
368.0,5.6252213,11.530173,3.6426883,VPM,55
369.0,6.555979,10.269409,4.5234947,VPM,55
370.0,6.0391555,9.20033,4.0759773,VPM,55
371.0,6.6083393,10.321271,5.074633,VPM,55
372.0,4.8474317,9.9545765,3.6253533,VPM,55
373.0,5.7588243,10.510761,4.4604707,VPM,55
374.0,6.534223,11.270151,3.603213,VPM,55
375.0,5.3062525,11.933668,3.841665,VPM,55
376.0,5.308428,12.163739,4.367357,VPM,55
377.0,5.1335397,11.973693,4.659643,VPM,55
378.0,6.709551,10.871218,4.1686025,VPM,55
379.0,6.454878,11.76166,4.3114944,VPM,55
380.0,3.7686076,11.062459,4.068886,VPM,55
381.0,5.121344,11.540039,3.9584467,VPM,55
382.0,5.099295,9.803228,5.5695057,VPM,55
383.0,4.316601,11.113095,5.448114,VPM,55
384.0,4.2140374,9.748975,4.804064,VPM,55
385.0,5.483515,11.749527,4.632833,VPM,55
386.0,5.664248,9.596415,3.0007107,VPM,55
387.0,5.4732223,9.442022,3.1926177,VPM,55
388.0,4.906491,10.334014,3.2687967,VPM,55
389.0,4.9573426,10.146054,3.4477003,VPM,55
390.0,5.8584614,9.261299,4.213702,VPM,55
391.0,4.0709677,10.256559,3.7637432,VPM,55
392.0,5.890444,11.933294,5.0654325,VPM,55
393.0,5.2811155,11.3652115,5.5272155,VPM,55
394.0,5.081077,11.338709,4.816686,VPM,55
395.0,4.8222485,10.60423,5.7299266,VPM,55
396.0,6.8230925,10.077826,5.043407,VPM,55
397.0,6.747352,9.96176,5.015971,VPM,55
398.0,5.0074587,10.832243,2.6762025,VPM,55
399.0,4.91026,10.06738,4.432313,VPM,55
400.0,5.4689236,9.266961,5.074324,VPM,55
401.0,4.697988,10.549219,3.3354828,VPM,55
402.0,4.9520154,11.956719,4.0944514,VPM,55
403.0,4.665478,10.790644,3.688525,VPM,55
404.0,5.6303296,10.109645,3.6255496,VPM,55
405.0,5.9009233,10.376897,4.1480684,VPM,55
406.0,4.4582796,9.059076,4.948909,VPM,55
407.0,4.492256,9.325162,4.333462,VPM,55
408.0,5.5040965,9.612,3.4981253,VPM,55
409.0,5.7045465,10.551279,4.810797,VPM,55
410.0,6.2782855,9.900113,4.570268,VPM,55
411.0,4.3140426,10.385199,3.7670712,VPM,55
412.0,4.247691,9.92573,4.6889715,VPM,55
413.0,4.7977257,10.957165,5.1921997,VPM,55
414.0,6.2299094,11.170939,4.296933,VPM,55
415.0,4.863945,10.802998,4.7303367,VPM,55
416.0,6.9579477,10.24477,4.805572,VPM,55
417.0,3.7868636,10.851218,4.2576146,VPM,55
418.0,4.4889092,10.160346,3.5484097,VPM,55
419.0,4.6343675,11.344931,3.6577725,VPM,55
420.0,4.580199,10.45402,5.0326357,VPM,55
421.0,5.420485,9.220635,5.187536,VPM,55
422.0,5.4172783,10.212109,2.7880018,VPM,55
423.0,4.5887065,9.056937,5.231821,VPM,55
424.0,5.6407003,9.747982,3.5912838,VPM,55
425.0,5.041042,9.614583,3.260159,VPM,55
426.0,5.709581,9.752015,3.47035,VPM,55
427.0,4.52353,10.411953,5.2065926,VPM,55
428.0,4.7393217,11.256626,5.1134634,VPM,55
429.0,4.710931,11.4776,4.7007456,VPM,55
430.0,5.928872,10.560861,5.5095835,VPM,55
431.0,4.893461,10.727633,5.945437,VPM,55
432.0,4.944634,10.520427,5.739228,VPM,55
433.0,5.732752,11.680822,4.187405,VPM,55
434.0,5.9200196,10.429901,4.712808,VPM,55
435.0,4.875362,12.166541,4.6256676,VPM,55
436.0,5.141801,11.266459,3.3613982,VPM,55
437.0,4.8280635,9.8034115,5.299128,VPM,55
438.0,6.2863507,11.721324,3.5307715,VPM,55
439.0,6.594119,11.365807,3.740877,VPM,55
440.0,3.985521,10.988005,4.462782,VPM,55
441.0,6.510558,11.208175,5.3867135,VPM,55
442.0,5.795088,11.652021,3.9150589,VPM,55
443.0,5.7390842,11.384955,4.6673074,VPM,55
444.0,4.010136,11.628872,4.860026,VPM,55
445.0,5.7910905,11.920707,3.8127131,VPM,55
446.0,5.650379,11.806947,5.011807,VPM,55
447.0,5.1793513,8.972871,5.1192813,VPM,55
448.0,6.046406,11.890177,4.4906054,VPM,55
449.0,5.94749,9.934486,3.4353569,VPM,55
450.0,5.465533,11.694585,5.5764384,VPM,55
451.0,4.4558253,9.60452,4.9512725,VPM,55
452.0,4.861879,9.844573,5.349387,VPM,55
453.0,5.1429634,8.949059,4.9301314,VPM,55
454.0,6.0487432,11.420378,5.056346,VPM,55
455.0,6.1240463,11.151859,5.2406616,VPM,55
456.0,5.9364347,10.521316,5.7503505,VPM,55
457.0,6.3479714,10.615124,5.3964057,VPM,55
458.0,6.174336,10.990481,4.904418,VPM,55
459.0,6.668738,10.95781,5.080532,VPM,55
460.0,6.535325,10.638815,5.6255574,VPM,55
461.0,5.2649736,10.338794,5.0594306,VPM,55
462.0,5.468826,10.825947,4.604047,VPM,55
463.0,5.6372204,10.439506,5.791037,VPM,55
464.0,4.389429,9.232301,4.443723,VPM,55
465.0,4.0395455,11.242291,3.7598746,VPM,55
466.0,4.4896717,11.666583,3.6594326,VPM,55
467.0,4.3769255,11.717315,3.5466597,VPM,55
468.0,5.870456,11.793124,4.20629,VPM,55
469.0,5.0024395,9.242746,3.8111303,VPM,55
470.0,4.1396837,10.621081,3.938207,VPM,55
471.0,5.092556,10.276969,4.689584,VPM,55
472.0,6.137791,9.723741,4.167683,VPM,55
473.0,5.401065,10.254355,4.257546,VPM,55
474.0,4.6375866,10.437523,4.609642,VPM,55
475.0,5.3304195,10.184889,5.9354973,VPM,55
476.0,5.028541,11.233018,5.1082454,VPM,55
477.0,5.6008954,11.562317,5.687625,VPM,55
478.0,4.755759,10.034591,5.3559227,VPM,55
479.0,5.557354,11.20975,4.6510553,VPM,55
480.0,5.447083,10.094408,5.7652225,VPM,55
481.0,5.052635,11.542629,3.7800877,VPM,55
482.0,5.250468,12.211621,4.198429,VPM,55
483.0,5.4974937,12.12241,4.482011,VPM,55
484.0,6.1772337,11.075509,3.3412142,VPM,55
485.0,6.0000014,9.566415,3.6718786,VPM,55
486.0,3.8941247,10.034557,4.3222094,VPM,55
487.0,3.8305,9.784735,4.169931,VPM,55
488.0,4.2808075,9.455037,4.7341228,VPM,55
489.0,6.3102803,10.598366,5.2420187,VPM,55
490.0,4.3960013,10.812341,4.6556773,VPM,55
491.0,4.46899,10.300452,5.283849,VPM,55
492.0,4.619694,9.05893,5.1374664,VPM,55
493.0,4.7774854,9.197709,4.9786463,VPM,55
494.0,6.119872,9.589858,4.5999274,VPM,55
495.0,4.7274547,9.827724,3.728602,VPM,55
496.0,3.6204576,10.776365,5.0723553,VPM,55
497.0,4.4456115,10.227655,5.295187,VPM,55
498.0,5.0496893,9.600175,5.4834204,VPM,55
499.0,5.4421477,9.48964,5.903573,VPM,55
500.0,6.2376294,9.998785,5.303598,VPM,55
501.0,5.6379714,11.031705,5.2508597,VPM,55
502.0,4.9269853,9.323292,5.6361804,VPM,55
503.0,6.929282,10.879718,4.0964947,VPM,55
504.0,5.2844734,11.760646,5.0863166,VPM,55
505.0,6.368945,11.449012,3.3660338,VPM,55
506.0,6.9194508,10.289195,4.6002812,VPM,55
507.0,5.8307924,11.329402,5.6915293,VPM,55
508.0,6.6039724,11.013652,3.9338844,VPM,55
509.0,6.433822,10.990927,3.858545,VPM,55
510.0,4.5882926,9.649714,4.09198,VPM,55
511.0,4.043722,10.149559,5.1283617,VPM,55
512.0,3.831594,9.785787,4.2811527,VPM,55
513.0,4.0955567,10.896223,4.275433,VPM,55
514.0,5.38032,10.897984,3.1986494,VPM,55
515.0,5.2788587,9.386089,4.7052913,VPM,55
516.0,5.33989,12.188478,4.8834186,VPM,55
517.0,6.7967477,10.9354105,4.9158416,VPM,55
518.0,4.258614,10.392594,3.9027472,VPM,55
519.0,4.669017,9.179193,4.804944,VPM,55
520.0,6.329167,10.442978,3.6094053,VPM,55
521.0,6.270079,10.756562,5.8777742,VPM,55
522.0,5.2062616,9.734935,5.747919,VPM,55
523.0,6.284556,10.242385,3.3694682,VPM,55
524.0,4.338002,11.652763,4.4115963,VPM,55
525.0,4.615395,11.68693,4.5921416,VPM,55
526.0,4.513127,9.878329,4.510593,VPM,55
527.0,5.757718,10.629196,5.222099,VPM,55
528.0,6.1980734,10.862212,3.9622626,VPM,55
529.0,6.385322,9.571992,5.3453736,VPM,55
530.0,4.87563,12.076071,4.414989,VPM,55
531.0,4.813194,12.103192,4.481136,VPM,55
532.0,5.122371,9.678332,3.4680467,VPM,55
533.0,6.011984,10.438795,5.023507,VPM,55
534.0,4.9005175,10.458484,4.2098966,VPM,55
535.0,5.033938,11.417871,4.7128515,VPM,55
536.0,3.5152228,10.53939,3.6258433,VPM,55
537.0,3.6800833,10.599497,4.9914837,VPM,55
538.0,3.9063396,10.373931,3.2248669,VPM,55
539.0,5.5587444,9.251688,5.1752653,VPM,55
540.0,4.612337,10.639683,4.783578,VPM,55
541.0,6.769018,10.466412,4.311254,VPM,55
542.0,4.2855487,9.697349,5.003578,VPM,55
543.0,3.725947,10.37658,3.3712611,VPM,55
544.0,5.631077,10.638222,5.0225863,VPM,55
545.0,4.2776837,10.704997,5.1607366,VPM,55
546.0,6.6660213,10.8377495,5.831391,VPM,55
547.0,4.66358,8.993816,5.1395574,VPM,55
548.0,6.447712,9.967062,3.895915,VPM,55
549.0,4.8579097,9.875554,3.643341,VPM,55
550.0,4.170675,11.114138,3.8161812,VPM,55
551.0,6.376789,10.928979,3.8155587,VPM,55
552.0,4.4943595,10.657872,3.594937,VPM,55
553.0,5.7224402,11.323462,3.110177,VPM,55
554.0,5.668229,9.264443,5.0475235,VPM,55
555.0,6.5052977,10.54864,3.7944708,VPM,55
556.0,6.1864347,10.628353,3.564205,VPM,55
557.0,6.1102586,10.883046,3.6860046,VPM,55
558.0,5.998795,11.371827,3.5050216,VPM,55
559.0,4.582122,11.288092,3.5271432,VPM,55
560.0,4.619234,10.663084,4.816186,VPM,55
561.0,4.2409706,10.679175,5.575146,VPM,55
562.0,5.740325,9.457328,5.096509,VPM,55
563.0,5.6159983,9.78792,4.478986,VPM,55
564.0,5.8405323,9.733346,5.118709,VPM,55
565.0,5.5892577,10.898506,4.1538754,VPM,55
566.0,4.16326,10.507075,5.7870803,VPM,55
567.0,3.9905825,10.626109,5.4051003,VPM,55
568.0,4.200828,10.54901,5.214024,VPM,55
569.0,6.26573,9.901882,4.4377737,VPM,55
570.0,5.888802,11.464488,3.812912,VPM,55
571.0,6.27899,10.050477,5.2564354,VPM,55
572.0,4.991218,10.583543,4.449259,VPM,55
573.0,5.1685987,11.61202,5.4242024,VPM,55
574.0,5.1292715,11.653509,4.667322,VPM,55
575.0,6.20112,9.876432,5.4623446,VPM,55
576.0,5.296189,10.01324,4.9700584,VPM,55
577.0,4.8134947,10.106314,4.406587,VPM,55
578.0,5.228453,9.007704,4.182073,VPM,55
579.0,5.2133417,11.101777,3.5471163,VPM,55
580.0,4.814655,9.848341,5.7192516,VPM,55
581.0,5.101876,9.866448,5.6756377,VPM,55
582.0,5.861435,11.420865,5.8087234,VPM,55
583.0,3.7290363,10.830497,3.5323753,VPM,55
584.0,3.803644,11.830937,4.5201254,VPM,55
585.0,4.4573984,11.576348,5.5713286,VPM,55
586.0,5.196979,10.646438,2.9448912,VPM,55
587.0,6.2147655,11.709834,4.0796943,VPM,55
588.0,4.5023274,10.773042,4.2478576,VPM,55
589.0,5.803088,10.595236,5.59475,VPM,55
590.0,4.6212697,11.597724,4.855439,VPM,55
591.0,5.3286505,11.981302,3.857317,VPM,55
592.0,5.753704,11.254233,5.1473007,VPM,55
593.0,4.7595077,11.386486,4.9714823,VPM,55
594.0,5.110066,9.897983,3.7288373,VPM,55
595.0,5.553287,9.855942,5.712707,VPM,55
596.0,5.0462933,9.872401,3.8418462,VPM,55
597.0,5.5302215,10.130088,3.87841,VPM,55
598.0,5.671814,11.309595,3.2170439,VPM,55
599.0,5.2855797,12.075355,3.6857555,VPM,55
600.0,4.2196774,10.75345,4.1557,VPM,55
601.0,5.3250203,9.106808,5.163335,VPM,55
602.0,5.56497,11.129453,3.1680822,VPM,55
603.0,4.572215,11.017258,3.9231339,VPM,55
604.0,5.3247523,10.144397,4.0484962,VPM,55
605.0,5.924173,10.750176,2.8221786,VPM,55
606.0,6.0242,10.756277,2.878549,VPM,55
607.0,5.40672,10.283821,5.111121,VPM,55
608.0,6.4841948,9.58326,3.9940064,VPM,55
609.0,6.2825165,9.941049,3.9470484,VPM,55
610.0,4.986865,10.216041,5.0887275,VPM,55
611.0,6.4255924,10.501768,5.6141624,VPM,55
612.0,6.1594677,9.031569,4.7018847,VPM,55
613.0,6.8754454,10.753928,5.3347306,VPM,55
614.0,3.8345482,11.030613,4.589427,VPM,55
615.0,4.4993367,10.430316,3.9359207,VPM,55
616.0,5.9153123,10.205757,4.251402,VPM,55
617.0,5.994758,9.02074,3.8689113,VPM,55
618.0,6.4232507,9.9566965,4.748454,VPM,55
619.0,4.620459,11.389997,4.607001,VPM,55
620.0,4.441555,10.224957,5.023727,VPM,55
621.0,4.133773,11.549042,4.1971426,VPM,55
622.0,5.0594034,9.425825,3.6371622,VPM,55
623.0,4.76808,10.054907,4.2156386,VPM,55
624.0,5.593563,11.637105,3.4260726,VPM,55
625.0,6.327437,10.9263315,4.8397126,VPM,55
626.0,5.1777735,10.804266,5.136818,VPM,55
627.0,6.301545,9.335205,5.184404,VPM,55
628.0,4.2280607,10.474944,4.572236,VPM,55
629.0,4.6142287,9.100216,4.151837,VPM,55
630.0,4.6466784,9.379021,4.2113495,VPM,55
631.0,6.5946364,10.611963,5.4512954,VPM,55
632.0,5.1269207,10.837132,2.7551894,VPM,55
633.0,5.5265017,10.394307,3.417436,VPM,55
634.0,6.021633,10.618813,3.6914215,VPM,55
635.0,6.4212995,9.558781,5.1070094,VPM,55
636.0,6.367112,9.375692,5.145288,VPM,55
637.0,5.8281436,11.8339405,3.747057,VPM,55
638.0,5.3719516,11.196197,5.4506254,VPM,55
639.0,3.8788683,10.826491,5.0038414,VPM,55
640.0,6.0693116,10.62364,3.572457,VPM,55
641.0,4.7597146,11.420115,3.8672783,VPM,55
642.0,4.183961,10.974374,4.1743355,VPM,55
643.0,5.591732,11.209121,4.5612884,VPM,55
644.0,4.5898833,10.681568,5.0242867,VPM,55
645.0,5.1869097,10.64183,4.1652303,VPM,55
646.0,6.2456446,11.792352,4.2144837,VPM,55
647.0,5.726151,11.014879,4.511117,VPM,55
648.0,6.348514,10.692459,5.1844463,VPM,55
649.0,6.097356,10.465004,5.6558657,VPM,55
650.0,6.660363,9.952489,4.6927624,VPM,55
651.0,6.0925293,11.261642,4.1522927,VPM,55
652.0,6.963438,10.388197,4.7378373,VPM,55
653.0,4.0140753,10.808006,4.0201535,VPM,55
654.0,4.990583,11.891673,5.3574696,VPM,55
655.0,5.157492,11.521168,3.9083545,VPM,55
656.0,5.065824,10.514208,5.090909,VPM,55
657.0,4.6360035,10.789845,6.038879,VPM,55
658.0,4.0084476,11.400105,4.5418677,VPM,55
659.0,4.5965495,11.393211,4.076777,VPM,55
660.0,5.9278345,9.004918,4.328666,VPM,55
661.0,3.9747217,11.847896,4.4960856,VPM,55
662.0,5.9371176,9.047928,4.6449966,VPM,55
663.0,5.549148,9.520436,4.584683,VPM,55
664.0,4.4512887,9.13636,5.0168285,VPM,55
665.0,4.4124722,10.6275625,4.9243255,VPM,55
666.0,4.031569,10.12995,4.198933,VPM,55
667.0,5.419047,10.017343,5.531245,VPM,55
668.0,4.96899,10.988048,3.9601808,VPM,55
669.0,5.3233356,9.55204,4.5979614,VPM,55
670.0,4.4673963,11.621426,5.4091477,VPM,55
671.0,4.7219644,11.805472,5.2516317,VPM,55
672.0,4.6061234,12.440966,4.6684833,VPM,55
673.0,4.795407,9.293464,5.1610174,VPM,55
674.0,5.248936,10.7408,5.774728,VPM,55
675.0,3.6648953,11.64154,4.512454,VPM,55
676.0,5.188681,12.258824,4.984229,VPM,55
677.0,4.8176775,12.426773,4.643497,VPM,55
678.0,4.873475,12.338756,4.857627,VPM,55
679.0,3.9420211,10.091565,3.8140614,VPM,55
680.0,4.7249594,9.39447,5.2640014,VPM,55
681.0,3.990495,10.551122,3.9552112,VPM,55
682.0,4.459187,11.479307,5.202907,VPM,55
683.0,5.8263445,10.871519,4.8330784,VPM,55
684.0,3.8096502,10.361562,4.4076557,VPM,55
685.0,3.7773118,10.194752,5.248944,VPM,55
686.0,5.569524,9.380988,3.6770446,VPM,55
687.0,5.4745293,9.357584,3.7671087,VPM,55
688.0,4.3848877,10.524262,3.4897926,VPM,55
689.0,4.5024323,10.468138,3.2124584,VPM,55
690.0,4.2871814,9.358934,4.3848233,VPM,55
691.0,5.6111956,12.2045555,4.044959,VPM,55
692.0,5.865137,9.4679365,3.7878945,VPM,55
693.0,5.3981,10.318393,4.216498,VPM,55
694.0,5.8248677,9.832487,3.571126,VPM,55
695.0,4.2488875,9.990891,4.962852,VPM,55
696.0,4.709384,11.901447,3.5172367,VPM,55
697.0,3.598268,10.776682,3.7751727,VPM,55
698.0,3.8588848,11.0898285,3.8092463,VPM,55
699.0,3.9001544,9.906567,4.4618664,VPM,55
700.0,4.187558,10.506512,5.025432,VPM,55
701.0,5.972159,10.820166,5.3671045,VPM,55
702.0,6.054768,10.1595545,5.106001,VPM,55
703.0,4.7664466,10.108733,4.0708776,VPM,55
704.0,6.476375,10.566336,3.8669071,VPM,55
705.0,5.242942,10.656725,4.2075386,VPM,55
706.0,4.7337246,11.051756,5.2987833,VPM,55
707.0,4.7641163,10.501756,4.851334,VPM,55
708.0,4.9464173,9.592008,3.2323422,VPM,55
709.0,5.252673,11.472883,4.109734,VPM,55
710.0,5.938385,11.17312,5.6342645,VPM,55
711.0,4.464034,10.965216,3.8517425,VPM,55
712.0,4.890197,10.613024,5.3411407,VPM,55
713.0,4.7468185,10.239776,4.049009,VPM,55
714.0,4.569746,10.567283,4.389756,VPM,55
715.0,6.862055,10.508922,4.2004128,VPM,55
716.0,5.6462207,11.016242,4.8664737,VPM,55
717.0,5.248207,9.619313,3.4549298,VPM,55
718.0,3.9810557,10.126509,4.207494,VPM,55
719.0,6.598018,11.153447,5.2044835,VPM,55
720.0,5.3085327,11.600292,5.7138596,VPM,55
721.0,5.1822624,10.721691,5.7813435,VPM,55
722.0,4.8408146,10.538502,5.622546,VPM,55
723.0,4.1418533,10.865945,5.126223,VPM,55
724.0,4.222278,10.775047,4.6009464,VPM,55
725.0,5.9549956,10.679064,3.416688,VPM,55
726.0,5.1961317,11.510484,4.145816,VPM,55
727.0,4.454535,11.010891,4.66745,VPM,55
728.0,6.5485945,11.290072,3.4690528,VPM,55
729.0,4.9270096,10.932221,5.281929,VPM,55
730.0,4.5363784,11.138253,3.8256428,VPM,55
731.0,4.3624015,11.229791,4.8234005,VPM,55
732.0,4.4394803,10.831718,3.7501056,VPM,55
733.0,4.4785852,11.143456,4.09805,VPM,55
734.0,4.7795663,9.887709,3.7149553,VPM,55
735.0,5.2781086,11.843354,3.515847,VPM,55
736.0,4.911863,11.984105,4.135909,VPM,55
737.0,4.0967226,10.406702,3.9366136,VPM,55
738.0,6.4685674,10.1153755,5.769353,VPM,55
739.0,4.4050956,10.0866995,3.9739704,VPM,55
740.0,6.310636,11.223944,3.5484385,VPM,55
741.0,4.404373,11.173713,4.868216,VPM,55
742.0,4.606079,9.823378,4.338449,VPM,55
743.0,5.5029516,11.06907,3.9703836,VPM,55
744.0,6.4101048,11.574755,4.2709336,VPM,55
745.0,5.4647694,10.527027,4.3464055,VPM,55
746.0,5.7481747,10.521843,2.9127603,VPM,55
747.0,4.398082,11.098278,3.687773,VPM,55
748.0,4.4831595,11.616375,4.250821,VPM,55
749.0,5.7495794,11.495931,4.2047095,VPM,55
750.0,4.591875,11.649512,4.285597,VPM,55
751.0,5.205335,9.238132,4.972836,VPM,55
752.0,4.2770987,10.634614,3.6655016,VPM,55
753.0,4.6950026,9.552026,5.0525,VPM,55
754.0,3.6143594,10.8435335,3.7327812,VPM,55
755.0,5.3336997,12.061409,5.569336,VPM,55
756.0,5.4813914,11.745004,5.670018,VPM,55
757.0,5.993731,11.185063,5.776462,VPM,55
758.0,4.3711734,10.362214,3.2416549,VPM,55
759.0,5.2872505,11.706783,3.7215261,VPM,55
760.0,4.8004026,9.546924,5.051672,VPM,55
761.0,3.540515,11.11064,4.187968,VPM,55
762.0,5.9231997,11.418107,5.335301,VPM,55
763.0,5.4180784,11.731548,5.7503233,VPM,55
764.0,5.223011,9.549401,4.3947763,VPM,55
765.0,6.886931,10.920854,4.1036644,VPM,55
766.0,5.340786,11.004192,5.3309855,VPM,55
767.0,5.4286146,9.295843,4.842887,VPM,55
768.0,5.0765653,10.02355,3.4923055,VPM,55
769.0,6.0603127,10.068987,3.3629906,VPM,55
770.0,4.6741266,9.832534,3.8938892,VPM,55
771.0,4.716438,10.971397,3.3938386,VPM,55
772.0,5.157601,9.172373,4.5778356,VPM,55
773.0,6.5424285,11.286988,3.7493405,VPM,55
774.0,4.7083077,10.148622,4.7629013,VPM,55
775.0,6.897536,10.690128,4.270462,VPM,55
776.0,3.8958821,10.164443,4.2716885,VPM,55
777.0,3.8230252,10.518971,4.157851,VPM,55
778.0,4.6150336,10.43473,4.1848073,VPM,55
779.0,4.988577,9.123093,5.214244,VPM,55
780.0,4.991653,10.353355,5.6030073,VPM,55
781.0,4.5288315,9.397166,4.317555,VPM,55
782.0,5.2970047,11.186178,4.229919,VPM,55
783.0,5.9345274,11.893379,4.758152,VPM,55
784.0,5.860458,11.203991,3.6520624,VPM,55
785.0,5.638479,9.895052,4.430857,VPM,55
786.0,6.580466,9.914871,4.5806623,VPM,55
787.0,3.9111474,10.355614,3.2242544,VPM,55
788.0,6.1203413,11.062735,5.1443095,VPM,55
789.0,5.1118317,9.585804,3.9057732,VPM,55
790.0,6.176194,10.053902,3.369179,VPM,55
791.0,6.8891206,10.732355,5.109033,VPM,55
792.0,4.97909,10.544159,5.408235,VPM,55
793.0,6.2274795,10.917728,4.48527,VPM,55
794.0,4.3033133,11.171872,4.562643,VPM,55
795.0,4.908273,10.567085,4.940822,VPM,55
796.0,5.017664,12.253441,4.189752,VPM,55
797.0,5.2358975,9.87947,4.480921,VPM,55
798.0,5.003255,9.628052,4.1174726,VPM,55
799.0,5.3280787,11.359769,4.274904,VPM,55
800.0,4.894261,9.461049,4.0744076,VPM,55
801.0,5.457604,11.312264,4.5494914,VPM,55
802.0,5.5250597,11.948779,3.848645,VPM,55
803.0,5.2849355,12.007468,4.785549,VPM,55
804.0,5.773991,11.652509,4.719925,VPM,55
805.0,4.6979294,11.58922,5.2343197,VPM,55
806.0,5.0774765,9.479955,5.3213544,VPM,55
807.0,5.0533214,10.803827,5.80005,VPM,55
808.0,5.561321,10.099365,3.8978124,VPM,55
809.0,4.4754205,9.782552,3.956741,VPM,55
810.0,4.704232,11.174427,4.0150576,VPM,55
811.0,6.8869343,10.786923,4.8896227,VPM,55
812.0,3.8106196,11.358256,4.662063,VPM,55
813.0,5.200428,10.8280735,4.651144,VPM,55
814.0,4.2624516,10.74238,4.6352825,VPM,55
815.0,5.488608,10.566465,3.4057574,VPM,55
816.0,4.6956844,10.229891,5.8136935,VPM,55
817.0,3.7967038,11.144521,4.517578,VPM,55
818.0,3.7036824,11.4811735,4.2741804,VPM,55
819.0,4.5283613,9.036733,5.016375,VPM,55
820.0,5.387587,11.3440895,3.902256,VPM,55
821.0,4.9502754,9.519903,3.7518992,VPM,55
822.0,5.4316883,10.079178,5.584114,VPM,55
823.0,5.158956,11.080494,5.9047894,VPM,55
824.0,5.7130346,11.47836,3.6712892,VPM,55
825.0,4.3540154,9.286105,4.89939,VPM,55
826.0,5.0649123,10.146527,5.458255,VPM,55
827.0,5.330415,10.248355,5.6202064,VPM,55
828.0,5.5696363,12.0431795,3.7328315,VPM,55
829.0,4.5503383,10.122756,4.850034,VPM,55
830.0,5.4683995,10.811952,5.344611,VPM,55
831.0,6.0189767,10.968765,3.3489075,VPM,55
832.0,6.240313,11.325344,3.3551996,VPM,55
833.0,5.87869,10.417336,3.1346347,VPM,55
834.0,5.8226337,10.694601,3.2618525,VPM,55
835.0,5.7601447,10.316833,3.039268,VPM,55
836.0,5.257861,12.284742,5.2262144,VPM,55
837.0,5.129154,11.880929,4.7978654,VPM,55
838.0,4.894471,12.04041,4.199791,VPM,55
839.0,4.5553637,10.708107,4.21252,VPM,55
840.0,5.292967,12.086237,3.9399476,VPM,55
841.0,5.1208396,10.26058,3.839683,VPM,55
842.0,5.2142396,10.1706295,4.809609,VPM,55
843.0,5.1776032,11.032671,3.1258855,VPM,55
844.0,4.445336,11.149856,4.3849,VPM,55
845.0,5.302381,11.592568,5.3948784,VPM,55
846.0,6.783986,10.797091,5.709804,VPM,55
847.0,5.0564823,11.170818,4.676234,VPM,55
848.0,5.0588827,12.297024,4.0118384,VPM,55
849.0,4.7777414,11.139271,3.009341,VPM,55
850.0,5.543118,10.354559,3.3165617,VPM,55
851.0,4.964579,11.240448,3.3943636,VPM,55
852.0,5.62953,11.927002,5.275364,VPM,55
853.0,5.748555,11.878943,4.5447726,VPM,55
854.0,5.583784,10.756423,4.1097293,VPM,55
855.0,5.091252,10.171877,5.2381773,VPM,55
856.0,6.627623,10.57929,5.248196,VPM,55
857.0,5.494405,10.64256,3.7546833,VPM,55
858.0,5.4453034,10.610012,3.6688175,VPM,55
859.0,5.847764,10.575014,3.1159601,VPM,55
860.0,5.9063706,10.356346,3.3629494,VPM,55
861.0,5.981265,11.080834,5.5100946,VPM,55
862.0,5.976552,10.282729,3.5021107,VPM,55
863.0,5.822431,11.117125,3.987013,VPM,55
864.0,5.8529115,9.134787,3.7409008,VPM,55
865.0,5.2807264,10.413771,3.704659,VPM,55
866.0,4.8013,10.704707,3.136804,VPM,55
867.0,5.0554676,11.252375,4.743403,VPM,55
868.0,6.8272367,10.90903,5.581447,VPM,55
869.0,5.977595,10.209417,4.408637,VPM,55
870.0,6.0520954,10.033402,3.410841,VPM,55
871.0,5.5869293,10.266929,4.538881,VPM,55
872.0,6.012413,9.682315,3.5174735,VPM,55
873.0,5.8931665,9.494335,3.6114185,VPM,55
874.0,4.080224,11.829729,4.5563345,VPM,55
875.0,5.895226,11.113416,3.7881966,VPM,55
876.0,5.808834,11.4485235,3.575669,VPM,55
877.0,5.5491,11.914457,5.5115986,VPM,55
878.0,5.342455,10.314473,5.647222,VPM,55
879.0,5.4332194,12.22932,4.1131377,VPM,55
880.0,4.5795565,10.813866,3.6814294,VPM,55
881.0,5.2239227,11.307127,3.7019296,VPM,55
882.0,5.875299,11.373337,4.231584,VPM,55
883.0,5.803549,11.641147,4.4421644,VPM,55
884.0,5.5444727,12.179378,4.122166,VPM,55
885.0,6.4634814,10.4571495,4.5384774,VPM,55
886.0,5.681815,11.168225,5.038939,VPM,55
887.0,6.085898,11.765864,4.3834224,VPM,55
888.0,6.427712,11.737024,4.2320633,VPM,55
889.0,6.0265064,11.899016,4.194914,VPM,55
890.0,6.3090777,11.10414,4.5507836,VPM,55
891.0,5.9310875,11.446053,3.649902,VPM,55
892.0,5.43402,9.419126,4.3944073,VPM,55
893.0,5.281941,10.856281,5.0054426,VPM,55
894.0,6.5235243,11.390974,4.670512,VPM,55
895.0,5.3307586,11.423039,3.6848323,VPM,55
896.0,5.6237974,11.868071,3.743545,VPM,55
897.0,5.8801904,11.492036,4.079001,VPM,55
898.0,5.3388,9.37103,4.3632593,VPM,55
899.0,5.0902505,11.018333,4.1916876,VPM,55
